[2026-05-12 00:44:56] production.ERROR: Allowed memory size of 134217728 bytes exhausted (tried to allocate 266240 bytes) {"exception":"[object] (Symfony\\Component\\ErrorHandler\\Error\\FatalError(code: 0): Allowed memory size of 134217728 bytes exhausted (tried to allocate 266240 bytes) at phar:///Users/waltherstein/Documents/PROYECTOS/php_template/vendor/phpstan/phpstan/phpstan.phar/vendor/nikic/php-parser/lib/PhpParser/Lexer.php:31)
[stacktrace]
#0 {main}
"} 
[2026-05-12 00:44:56] production.ERROR: Allowed memory size of 134217728 bytes exhausted (tried to allocate 782336 bytes) {"exception":"[object] (Symfony\\Component\\ErrorHandler\\Error\\FatalError(code: 0): Allowed memory size of 134217728 bytes exhausted (tried to allocate 782336 bytes) at phar:///Users/waltherstein/Documents/PROYECTOS/php_template/vendor/phpstan/phpstan/phpstan.phar/src/Cache/FileCacheStorage.php:73)
[stacktrace]
#0 {main}
"} 
[2026-05-14 15:32:00] local.ERROR: Please provide a valid cache path. {"exception":"[object] (InvalidArgumentException(code: 0): Please provide a valid cache path. at /Users/waltherstein/Documents/PROYECTOS/php_template/vendor/laravel/framework/src/Illuminate/View/Compilers/Compiler.php:67)
[stacktrace]
#0 /Users/waltherstein/Documents/PROYECTOS/php_template/vendor/laravel/framework/src/Illuminate/View/ViewServiceProvider.php(97): Illuminate\\View\\Compilers\\Compiler->__construct(Object(Illuminate\\Filesystem\\Filesystem), false, '', true, 'php')
#1 /Users/waltherstein/Documents/PROYECTOS/php_template/vendor/laravel/framework/src/Illuminate/Container/Container.php(952): Illuminate\\View\\ViewServiceProvider->{closure:Illuminate\\View\\ViewServiceProvider::registerBladeCompiler():96}(Object(Illuminate\\Foundation\\Application), Array)
#2 /Users/waltherstein/Documents/PROYECTOS/php_template/vendor/laravel/framework/src/Illuminate/Container/Container.php(832): Illuminate\\Container\\Container->build(Object(Closure))
#3 /Users/waltherstein/Documents/PROYECTOS/php_template/vendor/laravel/framework/src/Illuminate/Foundation/Application.php(1078): Illuminate\\Container\\Container->resolve('blade.compiler', Array, true)
#4 /Users/waltherstein/Documents/PROYECTOS/php_template/vendor/laravel/framework/src/Illuminate/Container/Container.php(763): Illuminate\\Foundation\\Application->resolve('blade.compiler', Array)
#5 /Users/waltherstein/Documents/PROYECTOS/php_template/vendor/laravel/framework/src/Illuminate/Foundation/Application.php(1058): Illuminate\\Container\\Container->make('blade.compiler', Array)
#6 /Users/waltherstein/Documents/PROYECTOS/php_template/vendor/laravel/framework/src/Illuminate/View/ViewServiceProvider.php(168): Illuminate\\Foundation\\Application->make('blade.compiler')
#7 [internal function]: Illuminate\\View\\ViewServiceProvider->{closure:Illuminate\\View\\ViewServiceProvider::registerBladeEngine():164}()
#8 /Users/waltherstein/Documents/PROYECTOS/php_template/vendor/laravel/framework/src/Illuminate/View/Engines/EngineResolver.php(55): call_user_func(Object(Closure))
#9 /Users/waltherstein/Documents/PROYECTOS/php_template/vendor/laravel/framework/src/Illuminate/View/Factory.php(326): Illuminate\\View\\Engines\\EngineResolver->resolve('blade')
#10 /Users/waltherstein/Documents/PROYECTOS/php_template/vendor/laravel/framework/src/Illuminate/View/Factory.php(288): Illuminate\\View\\Factory->getEngineFromPath('/Users/walthers...')
#11 /Users/waltherstein/Documents/PROYECTOS/php_template/vendor/laravel/framework/src/Illuminate/View/Factory.php(160): Illuminate\\View\\Factory->viewInstance('errors::404', '/Users/walthers...', Array)
#12 /Users/waltherstein/Documents/PROYECTOS/php_template/vendor/laravel/framework/src/Illuminate/Routing/ResponseFactory.php(90): Illuminate\\View\\Factory->make('errors::404', Array)
#13 /Users/waltherstein/Documents/PROYECTOS/php_template/vendor/laravel/framework/src/Illuminate/Foundation/Exceptions/Handler.php(894): Illuminate\\Routing\\ResponseFactory->view('errors::404', Array, 404, Array)
#14 /Users/waltherstein/Documents/PROYECTOS/php_template/vendor/laravel/framework/src/Illuminate/Foundation/Exceptions/Handler.php(815): Illuminate\\Foundation\\Exceptions\\Handler->renderHttpException(Object(Symfony\\Component\\HttpKernel\\Exception\\NotFoundHttpException))
#15 /Users/waltherstein/Documents/PROYECTOS/php_template/vendor/laravel/framework/src/Illuminate/Foundation/Exceptions/Handler.php(706): Illuminate\\Foundation\\Exceptions\\Handler->prepareResponse(Object(Illuminate\\Http\\Request), Object(Symfony\\Component\\HttpKernel\\Exception\\NotFoundHttpException))
#16 /Users/waltherstein/Documents/PROYECTOS/php_template/vendor/laravel/framework/src/Illuminate/Foundation/Exceptions/Handler.php(594): Illuminate\\Foundation\\Exceptions\\Handler->renderExceptionResponse(Object(Illuminate\\Http\\Request), Object(Symfony\\Component\\HttpKernel\\Exception\\NotFoundHttpException))
#17 /Users/waltherstein/Documents/PROYECTOS/php_template/vendor/laravel/framework/src/Illuminate/Routing/Pipeline.php(51): Illuminate\\Foundation\\Exceptions\\Handler->render(Object(Illuminate\\Http\\Request), Object(Symfony\\Component\\HttpKernel\\Exception\\NotFoundHttpException))
#18 /Users/waltherstein/Documents/PROYECTOS/php_template/vendor/laravel/framework/src/Illuminate/Pipeline/Pipeline.php(172): Illuminate\\Routing\\Pipeline->handleException(Object(Illuminate\\Http\\Request), Object(Symfony\\Component\\HttpKernel\\Exception\\NotFoundHttpException))
#19 /Users/waltherstein/Documents/PROYECTOS/php_template/vendor/laravel/framework/src/Illuminate/Foundation/Http/Middleware/TransformsRequest.php(21): Illuminate\\Pipeline\\Pipeline->{closure:Illuminate\\Pipeline\\Pipeline::prepareDestination():168}(Object(Illuminate\\Http\\Request))
#20 /Users/waltherstein/Documents/PROYECTOS/php_template/vendor/laravel/framework/src/Illuminate/Foundation/Http/Middleware/ConvertEmptyStringsToNull.php(31): Illuminate\\Foundation\\Http\\Middleware\\TransformsRequest->handle(Object(Illuminate\\Http\\Request), Object(Closure))
#21 /Users/waltherstein/Documents/PROYECTOS/php_template/vendor/laravel/framework/src/Illuminate/Pipeline/Pipeline.php(209): Illuminate\\Foundation\\Http\\Middleware\\ConvertEmptyStringsToNull->handle(Object(Illuminate\\Http\\Request), Object(Closure))
#22 /Users/waltherstein/Documents/PROYECTOS/php_template/vendor/laravel/framework/src/Illuminate/Foundation/Http/Middleware/TransformsRequest.php(21): Illuminate\\Pipeline\\Pipeline->{closure:{closure:Illuminate\\Pipeline\\Pipeline::carry():184}:185}(Object(Illuminate\\Http\\Request))
#23 /Users/waltherstein/Documents/PROYECTOS/php_template/vendor/laravel/framework/src/Illuminate/Foundation/Http/Middleware/TrimStrings.php(51): Illuminate\\Foundation\\Http\\Middleware\\TransformsRequest->handle(Object(Illuminate\\Http\\Request), Object(Closure))
#24 /Users/waltherstein/Documents/PROYECTOS/php_template/vendor/laravel/framework/src/Illuminate/Pipeline/Pipeline.php(209): Illuminate\\Foundation\\Http\\Middleware\\TrimStrings->handle(Object(Illuminate\\Http\\Request), Object(Closure))
#25 /Users/waltherstein/Documents/PROYECTOS/php_template/vendor/laravel/framework/src/Illuminate/Http/Middleware/ValidatePostSize.php(27): Illuminate\\Pipeline\\Pipeline->{closure:{closure:Illuminate\\Pipeline\\Pipeline::carry():184}:185}(Object(Illuminate\\Http\\Request))
#26 /Users/waltherstein/Documents/PROYECTOS/php_template/vendor/laravel/framework/src/Illuminate/Pipeline/Pipeline.php(209): Illuminate\\Http\\Middleware\\ValidatePostSize->handle(Object(Illuminate\\Http\\Request), Object(Closure))
#27 /Users/waltherstein/Documents/PROYECTOS/php_template/vendor/laravel/framework/src/Illuminate/Foundation/Http/Middleware/PreventRequestsDuringMaintenance.php(110): Illuminate\\Pipeline\\Pipeline->{closure:{closure:Illuminate\\Pipeline\\Pipeline::carry():184}:185}(Object(Illuminate\\Http\\Request))
#28 /Users/waltherstein/Documents/PROYECTOS/php_template/vendor/laravel/framework/src/Illuminate/Pipeline/Pipeline.php(209): Illuminate\\Foundation\\Http\\Middleware\\PreventRequestsDuringMaintenance->handle(Object(Illuminate\\Http\\Request), Object(Closure))
#29 /Users/waltherstein/Documents/PROYECTOS/php_template/vendor/laravel/framework/src/Illuminate/Http/Middleware/HandleCors.php(49): Illuminate\\Pipeline\\Pipeline->{closure:{closure:Illuminate\\Pipeline\\Pipeline::carry():184}:185}(Object(Illuminate\\Http\\Request))
#30 /Users/waltherstein/Documents/PROYECTOS/php_template/vendor/laravel/framework/src/Illuminate/Pipeline/Pipeline.php(209): Illuminate\\Http\\Middleware\\HandleCors->handle(Object(Illuminate\\Http\\Request), Object(Closure))
#31 /Users/waltherstein/Documents/PROYECTOS/php_template/vendor/laravel/framework/src/Illuminate/Http/Middleware/TrustProxies.php(58): Illuminate\\Pipeline\\Pipeline->{closure:{closure:Illuminate\\Pipeline\\Pipeline::carry():184}:185}(Object(Illuminate\\Http\\Request))
#32 /Users/waltherstein/Documents/PROYECTOS/php_template/vendor/laravel/framework/src/Illuminate/Pipeline/Pipeline.php(209): Illuminate\\Http\\Middleware\\TrustProxies->handle(Object(Illuminate\\Http\\Request), Object(Closure))
#33 /Users/waltherstein/Documents/PROYECTOS/php_template/vendor/laravel/framework/src/Illuminate/Foundation/Http/Middleware/InvokeDeferredCallbacks.php(22): Illuminate\\Pipeline\\Pipeline->{closure:{closure:Illuminate\\Pipeline\\Pipeline::carry():184}:185}(Object(Illuminate\\Http\\Request))
#34 /Users/waltherstein/Documents/PROYECTOS/php_template/vendor/laravel/framework/src/Illuminate/Pipeline/Pipeline.php(209): Illuminate\\Foundation\\Http\\Middleware\\InvokeDeferredCallbacks->handle(Object(Illuminate\\Http\\Request), Object(Closure))
#35 /Users/waltherstein/Documents/PROYECTOS/php_template/vendor/laravel/framework/src/Illuminate/Pipeline/Pipeline.php(127): Illuminate\\Pipeline\\Pipeline->{closure:{closure:Illuminate\\Pipeline\\Pipeline::carry():184}:185}(Object(Illuminate\\Http\\Request))
#36 /Users/waltherstein/Documents/PROYECTOS/php_template/vendor/laravel/framework/src/Illuminate/Foundation/Http/Kernel.php(176): Illuminate\\Pipeline\\Pipeline->then(Object(Closure))
#37 /Users/waltherstein/Documents/PROYECTOS/php_template/vendor/laravel/framework/src/Illuminate/Foundation/Http/Kernel.php(145): Illuminate\\Foundation\\Http\\Kernel->sendRequestThroughRouter(Object(Illuminate\\Http\\Request))
#38 /Users/waltherstein/Documents/PROYECTOS/php_template/vendor/laravel/framework/src/Illuminate/Foundation/Application.php(1220): Illuminate\\Foundation\\Http\\Kernel->handle(Object(Illuminate\\Http\\Request))
#39 /Users/waltherstein/Documents/PROYECTOS/php_template/public/index.php(18): Illuminate\\Foundation\\Application->handleRequest(Object(Illuminate\\Http\\Request))
#40 /Users/waltherstein/Documents/PROYECTOS/php_template/vendor/laravel/framework/src/Illuminate/Foundation/resources/server.php(23): require_once('/Users/walthers...')
#41 {main}
"} 
[2026-05-14 15:32:01] local.ERROR: Please provide a valid cache path. {"exception":"[object] (InvalidArgumentException(code: 0): Please provide a valid cache path. at /Users/waltherstein/Documents/PROYECTOS/php_template/vendor/laravel/framework/src/Illuminate/View/Compilers/Compiler.php:67)
[stacktrace]
#0 /Users/waltherstein/Documents/PROYECTOS/php_template/vendor/laravel/framework/src/Illuminate/View/ViewServiceProvider.php(97): Illuminate\\View\\Compilers\\Compiler->__construct(Object(Illuminate\\Filesystem\\Filesystem), false, '', true, 'php')
#1 /Users/waltherstein/Documents/PROYECTOS/php_template/vendor/laravel/framework/src/Illuminate/Container/Container.php(952): Illuminate\\View\\ViewServiceProvider->{closure:Illuminate\\View\\ViewServiceProvider::registerBladeCompiler():96}(Object(Illuminate\\Foundation\\Application), Array)
#2 /Users/waltherstein/Documents/PROYECTOS/php_template/vendor/laravel/framework/src/Illuminate/Container/Container.php(832): Illuminate\\Container\\Container->build(Object(Closure))
#3 /Users/waltherstein/Documents/PROYECTOS/php_template/vendor/laravel/framework/src/Illuminate/Foundation/Application.php(1078): Illuminate\\Container\\Container->resolve('blade.compiler', Array, true)
#4 /Users/waltherstein/Documents/PROYECTOS/php_template/vendor/laravel/framework/src/Illuminate/Container/Container.php(763): Illuminate\\Foundation\\Application->resolve('blade.compiler', Array)
#5 /Users/waltherstein/Documents/PROYECTOS/php_template/vendor/laravel/framework/src/Illuminate/Foundation/Application.php(1058): Illuminate\\Container\\Container->make('blade.compiler', Array)
#6 /Users/waltherstein/Documents/PROYECTOS/php_template/vendor/laravel/framework/src/Illuminate/View/ViewServiceProvider.php(168): Illuminate\\Foundation\\Application->make('blade.compiler')
#7 [internal function]: Illuminate\\View\\ViewServiceProvider->{closure:Illuminate\\View\\ViewServiceProvider::registerBladeEngine():164}()
#8 /Users/waltherstein/Documents/PROYECTOS/php_template/vendor/laravel/framework/src/Illuminate/View/Engines/EngineResolver.php(55): call_user_func(Object(Closure))
#9 /Users/waltherstein/Documents/PROYECTOS/php_template/vendor/laravel/framework/src/Illuminate/View/Factory.php(326): Illuminate\\View\\Engines\\EngineResolver->resolve('blade')
#10 /Users/waltherstein/Documents/PROYECTOS/php_template/vendor/laravel/framework/src/Illuminate/View/Factory.php(288): Illuminate\\View\\Factory->getEngineFromPath('/Users/walthers...')
#11 /Users/waltherstein/Documents/PROYECTOS/php_template/vendor/laravel/framework/src/Illuminate/View/Factory.php(160): Illuminate\\View\\Factory->viewInstance('errors::404', '/Users/walthers...', Array)
#12 /Users/waltherstein/Documents/PROYECTOS/php_template/vendor/laravel/framework/src/Illuminate/Routing/ResponseFactory.php(90): Illuminate\\View\\Factory->make('errors::404', Array)
#13 /Users/waltherstein/Documents/PROYECTOS/php_template/vendor/laravel/framework/src/Illuminate/Foundation/Exceptions/Handler.php(894): Illuminate\\Routing\\ResponseFactory->view('errors::404', Array, 404, Array)
#14 /Users/waltherstein/Documents/PROYECTOS/php_template/vendor/laravel/framework/src/Illuminate/Foundation/Exceptions/Handler.php(815): Illuminate\\Foundation\\Exceptions\\Handler->renderHttpException(Object(Symfony\\Component\\HttpKernel\\Exception\\NotFoundHttpException))
#15 /Users/waltherstein/Documents/PROYECTOS/php_template/vendor/laravel/framework/src/Illuminate/Foundation/Exceptions/Handler.php(706): Illuminate\\Foundation\\Exceptions\\Handler->prepareResponse(Object(Illuminate\\Http\\Request), Object(Symfony\\Component\\HttpKernel\\Exception\\NotFoundHttpException))
#16 /Users/waltherstein/Documents/PROYECTOS/php_template/vendor/laravel/framework/src/Illuminate/Foundation/Exceptions/Handler.php(594): Illuminate\\Foundation\\Exceptions\\Handler->renderExceptionResponse(Object(Illuminate\\Http\\Request), Object(Symfony\\Component\\HttpKernel\\Exception\\NotFoundHttpException))
#17 /Users/waltherstein/Documents/PROYECTOS/php_template/vendor/laravel/framework/src/Illuminate/Routing/Pipeline.php(51): Illuminate\\Foundation\\Exceptions\\Handler->render(Object(Illuminate\\Http\\Request), Object(Symfony\\Component\\HttpKernel\\Exception\\NotFoundHttpException))
#18 /Users/waltherstein/Documents/PROYECTOS/php_template/vendor/laravel/framework/src/Illuminate/Pipeline/Pipeline.php(172): Illuminate\\Routing\\Pipeline->handleException(Object(Illuminate\\Http\\Request), Object(Symfony\\Component\\HttpKernel\\Exception\\NotFoundHttpException))
#19 /Users/waltherstein/Documents/PROYECTOS/php_template/vendor/laravel/framework/src/Illuminate/Foundation/Http/Middleware/TransformsRequest.php(21): Illuminate\\Pipeline\\Pipeline->{closure:Illuminate\\Pipeline\\Pipeline::prepareDestination():168}(Object(Illuminate\\Http\\Request))
#20 /Users/waltherstein/Documents/PROYECTOS/php_template/vendor/laravel/framework/src/Illuminate/Foundation/Http/Middleware/ConvertEmptyStringsToNull.php(31): Illuminate\\Foundation\\Http\\Middleware\\TransformsRequest->handle(Object(Illuminate\\Http\\Request), Object(Closure))
#21 /Users/waltherstein/Documents/PROYECTOS/php_template/vendor/laravel/framework/src/Illuminate/Pipeline/Pipeline.php(209): Illuminate\\Foundation\\Http\\Middleware\\ConvertEmptyStringsToNull->handle(Object(Illuminate\\Http\\Request), Object(Closure))
#22 /Users/waltherstein/Documents/PROYECTOS/php_template/vendor/laravel/framework/src/Illuminate/Foundation/Http/Middleware/TransformsRequest.php(21): Illuminate\\Pipeline\\Pipeline->{closure:{closure:Illuminate\\Pipeline\\Pipeline::carry():184}:185}(Object(Illuminate\\Http\\Request))
#23 /Users/waltherstein/Documents/PROYECTOS/php_template/vendor/laravel/framework/src/Illuminate/Foundation/Http/Middleware/TrimStrings.php(51): Illuminate\\Foundation\\Http\\Middleware\\TransformsRequest->handle(Object(Illuminate\\Http\\Request), Object(Closure))
#24 /Users/waltherstein/Documents/PROYECTOS/php_template/vendor/laravel/framework/src/Illuminate/Pipeline/Pipeline.php(209): Illuminate\\Foundation\\Http\\Middleware\\TrimStrings->handle(Object(Illuminate\\Http\\Request), Object(Closure))
#25 /Users/waltherstein/Documents/PROYECTOS/php_template/vendor/laravel/framework/src/Illuminate/Http/Middleware/ValidatePostSize.php(27): Illuminate\\Pipeline\\Pipeline->{closure:{closure:Illuminate\\Pipeline\\Pipeline::carry():184}:185}(Object(Illuminate\\Http\\Request))
#26 /Users/waltherstein/Documents/PROYECTOS/php_template/vendor/laravel/framework/src/Illuminate/Pipeline/Pipeline.php(209): Illuminate\\Http\\Middleware\\ValidatePostSize->handle(Object(Illuminate\\Http\\Request), Object(Closure))
#27 /Users/waltherstein/Documents/PROYECTOS/php_template/vendor/laravel/framework/src/Illuminate/Foundation/Http/Middleware/PreventRequestsDuringMaintenance.php(110): Illuminate\\Pipeline\\Pipeline->{closure:{closure:Illuminate\\Pipeline\\Pipeline::carry():184}:185}(Object(Illuminate\\Http\\Request))
#28 /Users/waltherstein/Documents/PROYECTOS/php_template/vendor/laravel/framework/src/Illuminate/Pipeline/Pipeline.php(209): Illuminate\\Foundation\\Http\\Middleware\\PreventRequestsDuringMaintenance->handle(Object(Illuminate\\Http\\Request), Object(Closure))
#29 /Users/waltherstein/Documents/PROYECTOS/php_template/vendor/laravel/framework/src/Illuminate/Http/Middleware/HandleCors.php(49): Illuminate\\Pipeline\\Pipeline->{closure:{closure:Illuminate\\Pipeline\\Pipeline::carry():184}:185}(Object(Illuminate\\Http\\Request))
#30 /Users/waltherstein/Documents/PROYECTOS/php_template/vendor/laravel/framework/src/Illuminate/Pipeline/Pipeline.php(209): Illuminate\\Http\\Middleware\\HandleCors->handle(Object(Illuminate\\Http\\Request), Object(Closure))
#31 /Users/waltherstein/Documents/PROYECTOS/php_template/vendor/laravel/framework/src/Illuminate/Http/Middleware/TrustProxies.php(58): Illuminate\\Pipeline\\Pipeline->{closure:{closure:Illuminate\\Pipeline\\Pipeline::carry():184}:185}(Object(Illuminate\\Http\\Request))
#32 /Users/waltherstein/Documents/PROYECTOS/php_template/vendor/laravel/framework/src/Illuminate/Pipeline/Pipeline.php(209): Illuminate\\Http\\Middleware\\TrustProxies->handle(Object(Illuminate\\Http\\Request), Object(Closure))
#33 /Users/waltherstein/Documents/PROYECTOS/php_template/vendor/laravel/framework/src/Illuminate/Foundation/Http/Middleware/InvokeDeferredCallbacks.php(22): Illuminate\\Pipeline\\Pipeline->{closure:{closure:Illuminate\\Pipeline\\Pipeline::carry():184}:185}(Object(Illuminate\\Http\\Request))
#34 /Users/waltherstein/Documents/PROYECTOS/php_template/vendor/laravel/framework/src/Illuminate/Pipeline/Pipeline.php(209): Illuminate\\Foundation\\Http\\Middleware\\InvokeDeferredCallbacks->handle(Object(Illuminate\\Http\\Request), Object(Closure))
#35 /Users/waltherstein/Documents/PROYECTOS/php_template/vendor/laravel/framework/src/Illuminate/Pipeline/Pipeline.php(127): Illuminate\\Pipeline\\Pipeline->{closure:{closure:Illuminate\\Pipeline\\Pipeline::carry():184}:185}(Object(Illuminate\\Http\\Request))
#36 /Users/waltherstein/Documents/PROYECTOS/php_template/vendor/laravel/framework/src/Illuminate/Foundation/Http/Kernel.php(176): Illuminate\\Pipeline\\Pipeline->then(Object(Closure))
#37 /Users/waltherstein/Documents/PROYECTOS/php_template/vendor/laravel/framework/src/Illuminate/Foundation/Http/Kernel.php(145): Illuminate\\Foundation\\Http\\Kernel->sendRequestThroughRouter(Object(Illuminate\\Http\\Request))
#38 /Users/waltherstein/Documents/PROYECTOS/php_template/vendor/laravel/framework/src/Illuminate/Foundation/Application.php(1220): Illuminate\\Foundation\\Http\\Kernel->handle(Object(Illuminate\\Http\\Request))
#39 /Users/waltherstein/Documents/PROYECTOS/php_template/public/index.php(18): Illuminate\\Foundation\\Application->handleRequest(Object(Illuminate\\Http\\Request))
#40 /Users/waltherstein/Documents/PROYECTOS/php_template/vendor/laravel/framework/src/Illuminate/Foundation/resources/server.php(23): require_once('/Users/walthers...')
#41 {main}
"} 
[2026-05-14 15:39:13] local.ERROR: Please provide a valid cache path. {"exception":"[object] (InvalidArgumentException(code: 0): Please provide a valid cache path. at /Users/waltherstein/Documents/PROYECTOS/php_template/vendor/laravel/framework/src/Illuminate/View/Compilers/Compiler.php:67)
[stacktrace]
#0 /Users/waltherstein/Documents/PROYECTOS/php_template/vendor/laravel/framework/src/Illuminate/View/ViewServiceProvider.php(97): Illuminate\\View\\Compilers\\Compiler->__construct(Object(Illuminate\\Filesystem\\Filesystem), false, '', true, 'php')
#1 /Users/waltherstein/Documents/PROYECTOS/php_template/vendor/laravel/framework/src/Illuminate/Container/Container.php(952): Illuminate\\View\\ViewServiceProvider->{closure:Illuminate\\View\\ViewServiceProvider::registerBladeCompiler():96}(Object(Illuminate\\Foundation\\Application), Array)
#2 /Users/waltherstein/Documents/PROYECTOS/php_template/vendor/laravel/framework/src/Illuminate/Container/Container.php(832): Illuminate\\Container\\Container->build(Object(Closure))
#3 /Users/waltherstein/Documents/PROYECTOS/php_template/vendor/laravel/framework/src/Illuminate/Foundation/Application.php(1078): Illuminate\\Container\\Container->resolve('blade.compiler', Array, true)
#4 /Users/waltherstein/Documents/PROYECTOS/php_template/vendor/laravel/framework/src/Illuminate/Container/Container.php(763): Illuminate\\Foundation\\Application->resolve('blade.compiler', Array)
#5 /Users/waltherstein/Documents/PROYECTOS/php_template/vendor/laravel/framework/src/Illuminate/Foundation/Application.php(1058): Illuminate\\Container\\Container->make('blade.compiler', Array)
#6 /Users/waltherstein/Documents/PROYECTOS/php_template/vendor/laravel/framework/src/Illuminate/View/ViewServiceProvider.php(168): Illuminate\\Foundation\\Application->make('blade.compiler')
#7 [internal function]: Illuminate\\View\\ViewServiceProvider->{closure:Illuminate\\View\\ViewServiceProvider::registerBladeEngine():164}()
#8 /Users/waltherstein/Documents/PROYECTOS/php_template/vendor/laravel/framework/src/Illuminate/View/Engines/EngineResolver.php(55): call_user_func(Object(Closure))
#9 /Users/waltherstein/Documents/PROYECTOS/php_template/vendor/laravel/framework/src/Illuminate/View/Factory.php(326): Illuminate\\View\\Engines\\EngineResolver->resolve('blade')
#10 /Users/waltherstein/Documents/PROYECTOS/php_template/vendor/laravel/framework/src/Illuminate/View/Factory.php(288): Illuminate\\View\\Factory->getEngineFromPath('/Users/walthers...')
#11 /Users/waltherstein/Documents/PROYECTOS/php_template/vendor/laravel/framework/src/Illuminate/View/Factory.php(160): Illuminate\\View\\Factory->viewInstance('errors::404', '/Users/walthers...', Array)
#12 /Users/waltherstein/Documents/PROYECTOS/php_template/vendor/laravel/framework/src/Illuminate/Routing/ResponseFactory.php(90): Illuminate\\View\\Factory->make('errors::404', Array)
#13 /Users/waltherstein/Documents/PROYECTOS/php_template/vendor/laravel/framework/src/Illuminate/Foundation/Exceptions/Handler.php(894): Illuminate\\Routing\\ResponseFactory->view('errors::404', Array, 404, Array)
#14 /Users/waltherstein/Documents/PROYECTOS/php_template/vendor/laravel/framework/src/Illuminate/Foundation/Exceptions/Handler.php(815): Illuminate\\Foundation\\Exceptions\\Handler->renderHttpException(Object(Symfony\\Component\\HttpKernel\\Exception\\NotFoundHttpException))
#15 /Users/waltherstein/Documents/PROYECTOS/php_template/vendor/laravel/framework/src/Illuminate/Foundation/Exceptions/Handler.php(706): Illuminate\\Foundation\\Exceptions\\Handler->prepareResponse(Object(Illuminate\\Http\\Request), Object(Symfony\\Component\\HttpKernel\\Exception\\NotFoundHttpException))
#16 /Users/waltherstein/Documents/PROYECTOS/php_template/vendor/laravel/framework/src/Illuminate/Foundation/Exceptions/Handler.php(594): Illuminate\\Foundation\\Exceptions\\Handler->renderExceptionResponse(Object(Illuminate\\Http\\Request), Object(Symfony\\Component\\HttpKernel\\Exception\\NotFoundHttpException))
#17 /Users/waltherstein/Documents/PROYECTOS/php_template/vendor/laravel/framework/src/Illuminate/Routing/Pipeline.php(51): Illuminate\\Foundation\\Exceptions\\Handler->render(Object(Illuminate\\Http\\Request), Object(Symfony\\Component\\HttpKernel\\Exception\\NotFoundHttpException))
#18 /Users/waltherstein/Documents/PROYECTOS/php_template/vendor/laravel/framework/src/Illuminate/Pipeline/Pipeline.php(172): Illuminate\\Routing\\Pipeline->handleException(Object(Illuminate\\Http\\Request), Object(Symfony\\Component\\HttpKernel\\Exception\\NotFoundHttpException))
#19 /Users/waltherstein/Documents/PROYECTOS/php_template/vendor/laravel/framework/src/Illuminate/Foundation/Http/Middleware/TransformsRequest.php(21): Illuminate\\Pipeline\\Pipeline->{closure:Illuminate\\Pipeline\\Pipeline::prepareDestination():168}(Object(Illuminate\\Http\\Request))
#20 /Users/waltherstein/Documents/PROYECTOS/php_template/vendor/laravel/framework/src/Illuminate/Foundation/Http/Middleware/ConvertEmptyStringsToNull.php(31): Illuminate\\Foundation\\Http\\Middleware\\TransformsRequest->handle(Object(Illuminate\\Http\\Request), Object(Closure))
#21 /Users/waltherstein/Documents/PROYECTOS/php_template/vendor/laravel/framework/src/Illuminate/Pipeline/Pipeline.php(209): Illuminate\\Foundation\\Http\\Middleware\\ConvertEmptyStringsToNull->handle(Object(Illuminate\\Http\\Request), Object(Closure))
#22 /Users/waltherstein/Documents/PROYECTOS/php_template/vendor/laravel/framework/src/Illuminate/Foundation/Http/Middleware/TransformsRequest.php(21): Illuminate\\Pipeline\\Pipeline->{closure:{closure:Illuminate\\Pipeline\\Pipeline::carry():184}:185}(Object(Illuminate\\Http\\Request))
#23 /Users/waltherstein/Documents/PROYECTOS/php_template/vendor/laravel/framework/src/Illuminate/Foundation/Http/Middleware/TrimStrings.php(51): Illuminate\\Foundation\\Http\\Middleware\\TransformsRequest->handle(Object(Illuminate\\Http\\Request), Object(Closure))
#24 /Users/waltherstein/Documents/PROYECTOS/php_template/vendor/laravel/framework/src/Illuminate/Pipeline/Pipeline.php(209): Illuminate\\Foundation\\Http\\Middleware\\TrimStrings->handle(Object(Illuminate\\Http\\Request), Object(Closure))
#25 /Users/waltherstein/Documents/PROYECTOS/php_template/vendor/laravel/framework/src/Illuminate/Http/Middleware/ValidatePostSize.php(27): Illuminate\\Pipeline\\Pipeline->{closure:{closure:Illuminate\\Pipeline\\Pipeline::carry():184}:185}(Object(Illuminate\\Http\\Request))
#26 /Users/waltherstein/Documents/PROYECTOS/php_template/vendor/laravel/framework/src/Illuminate/Pipeline/Pipeline.php(209): Illuminate\\Http\\Middleware\\ValidatePostSize->handle(Object(Illuminate\\Http\\Request), Object(Closure))
#27 /Users/waltherstein/Documents/PROYECTOS/php_template/vendor/laravel/framework/src/Illuminate/Foundation/Http/Middleware/PreventRequestsDuringMaintenance.php(110): Illuminate\\Pipeline\\Pipeline->{closure:{closure:Illuminate\\Pipeline\\Pipeline::carry():184}:185}(Object(Illuminate\\Http\\Request))
#28 /Users/waltherstein/Documents/PROYECTOS/php_template/vendor/laravel/framework/src/Illuminate/Pipeline/Pipeline.php(209): Illuminate\\Foundation\\Http\\Middleware\\PreventRequestsDuringMaintenance->handle(Object(Illuminate\\Http\\Request), Object(Closure))
#29 /Users/waltherstein/Documents/PROYECTOS/php_template/vendor/laravel/framework/src/Illuminate/Http/Middleware/HandleCors.php(49): Illuminate\\Pipeline\\Pipeline->{closure:{closure:Illuminate\\Pipeline\\Pipeline::carry():184}:185}(Object(Illuminate\\Http\\Request))
#30 /Users/waltherstein/Documents/PROYECTOS/php_template/vendor/laravel/framework/src/Illuminate/Pipeline/Pipeline.php(209): Illuminate\\Http\\Middleware\\HandleCors->handle(Object(Illuminate\\Http\\Request), Object(Closure))
#31 /Users/waltherstein/Documents/PROYECTOS/php_template/vendor/laravel/framework/src/Illuminate/Http/Middleware/TrustProxies.php(58): Illuminate\\Pipeline\\Pipeline->{closure:{closure:Illuminate\\Pipeline\\Pipeline::carry():184}:185}(Object(Illuminate\\Http\\Request))
#32 /Users/waltherstein/Documents/PROYECTOS/php_template/vendor/laravel/framework/src/Illuminate/Pipeline/Pipeline.php(209): Illuminate\\Http\\Middleware\\TrustProxies->handle(Object(Illuminate\\Http\\Request), Object(Closure))
#33 /Users/waltherstein/Documents/PROYECTOS/php_template/vendor/laravel/framework/src/Illuminate/Foundation/Http/Middleware/InvokeDeferredCallbacks.php(22): Illuminate\\Pipeline\\Pipeline->{closure:{closure:Illuminate\\Pipeline\\Pipeline::carry():184}:185}(Object(Illuminate\\Http\\Request))
#34 /Users/waltherstein/Documents/PROYECTOS/php_template/vendor/laravel/framework/src/Illuminate/Pipeline/Pipeline.php(209): Illuminate\\Foundation\\Http\\Middleware\\InvokeDeferredCallbacks->handle(Object(Illuminate\\Http\\Request), Object(Closure))
#35 /Users/waltherstein/Documents/PROYECTOS/php_template/vendor/laravel/framework/src/Illuminate/Pipeline/Pipeline.php(127): Illuminate\\Pipeline\\Pipeline->{closure:{closure:Illuminate\\Pipeline\\Pipeline::carry():184}:185}(Object(Illuminate\\Http\\Request))
#36 /Users/waltherstein/Documents/PROYECTOS/php_template/vendor/laravel/framework/src/Illuminate/Foundation/Http/Kernel.php(176): Illuminate\\Pipeline\\Pipeline->then(Object(Closure))
#37 /Users/waltherstein/Documents/PROYECTOS/php_template/vendor/laravel/framework/src/Illuminate/Foundation/Http/Kernel.php(145): Illuminate\\Foundation\\Http\\Kernel->sendRequestThroughRouter(Object(Illuminate\\Http\\Request))
#38 /Users/waltherstein/Documents/PROYECTOS/php_template/vendor/laravel/framework/src/Illuminate/Foundation/Application.php(1220): Illuminate\\Foundation\\Http\\Kernel->handle(Object(Illuminate\\Http\\Request))
#39 /Users/waltherstein/Documents/PROYECTOS/php_template/public/index.php(18): Illuminate\\Foundation\\Application->handleRequest(Object(Illuminate\\Http\\Request))
#40 /Users/waltherstein/Documents/PROYECTOS/php_template/vendor/laravel/framework/src/Illuminate/Foundation/resources/server.php(23): require_once('/Users/walthers...')
#41 {main}
"} 
[2026-05-14 15:39:44] local.ERROR: Please provide a valid cache path. {"exception":"[object] (InvalidArgumentException(code: 0): Please provide a valid cache path. at /Users/waltherstein/Documents/PROYECTOS/php_template/vendor/laravel/framework/src/Illuminate/View/Compilers/Compiler.php:67)
[stacktrace]
#0 /Users/waltherstein/Documents/PROYECTOS/php_template/vendor/laravel/framework/src/Illuminate/View/ViewServiceProvider.php(97): Illuminate\\View\\Compilers\\Compiler->__construct(Object(Illuminate\\Filesystem\\Filesystem), false, '', true, 'php')
#1 /Users/waltherstein/Documents/PROYECTOS/php_template/vendor/laravel/framework/src/Illuminate/Container/Container.php(952): Illuminate\\View\\ViewServiceProvider->{closure:Illuminate\\View\\ViewServiceProvider::registerBladeCompiler():96}(Object(Illuminate\\Foundation\\Application), Array)
#2 /Users/waltherstein/Documents/PROYECTOS/php_template/vendor/laravel/framework/src/Illuminate/Container/Container.php(832): Illuminate\\Container\\Container->build(Object(Closure))
#3 /Users/waltherstein/Documents/PROYECTOS/php_template/vendor/laravel/framework/src/Illuminate/Foundation/Application.php(1078): Illuminate\\Container\\Container->resolve('blade.compiler', Array, true)
#4 /Users/waltherstein/Documents/PROYECTOS/php_template/vendor/laravel/framework/src/Illuminate/Container/Container.php(763): Illuminate\\Foundation\\Application->resolve('blade.compiler', Array)
#5 /Users/waltherstein/Documents/PROYECTOS/php_template/vendor/laravel/framework/src/Illuminate/Foundation/Application.php(1058): Illuminate\\Container\\Container->make('blade.compiler', Array)
#6 /Users/waltherstein/Documents/PROYECTOS/php_template/vendor/laravel/framework/src/Illuminate/View/ViewServiceProvider.php(168): Illuminate\\Foundation\\Application->make('blade.compiler')
#7 [internal function]: Illuminate\\View\\ViewServiceProvider->{closure:Illuminate\\View\\ViewServiceProvider::registerBladeEngine():164}()
#8 /Users/waltherstein/Documents/PROYECTOS/php_template/vendor/laravel/framework/src/Illuminate/View/Engines/EngineResolver.php(55): call_user_func(Object(Closure))
#9 /Users/waltherstein/Documents/PROYECTOS/php_template/vendor/laravel/framework/src/Illuminate/View/Factory.php(326): Illuminate\\View\\Engines\\EngineResolver->resolve('blade')
#10 /Users/waltherstein/Documents/PROYECTOS/php_template/vendor/laravel/framework/src/Illuminate/View/Factory.php(288): Illuminate\\View\\Factory->getEngineFromPath('/Users/walthers...')
#11 /Users/waltherstein/Documents/PROYECTOS/php_template/vendor/laravel/framework/src/Illuminate/View/Factory.php(160): Illuminate\\View\\Factory->viewInstance('errors::404', '/Users/walthers...', Array)
#12 /Users/waltherstein/Documents/PROYECTOS/php_template/vendor/laravel/framework/src/Illuminate/Routing/ResponseFactory.php(90): Illuminate\\View\\Factory->make('errors::404', Array)
#13 /Users/waltherstein/Documents/PROYECTOS/php_template/vendor/laravel/framework/src/Illuminate/Foundation/Exceptions/Handler.php(894): Illuminate\\Routing\\ResponseFactory->view('errors::404', Array, 404, Array)
#14 /Users/waltherstein/Documents/PROYECTOS/php_template/vendor/laravel/framework/src/Illuminate/Foundation/Exceptions/Handler.php(815): Illuminate\\Foundation\\Exceptions\\Handler->renderHttpException(Object(Symfony\\Component\\HttpKernel\\Exception\\NotFoundHttpException))
#15 /Users/waltherstein/Documents/PROYECTOS/php_template/vendor/laravel/framework/src/Illuminate/Foundation/Exceptions/Handler.php(706): Illuminate\\Foundation\\Exceptions\\Handler->prepareResponse(Object(Illuminate\\Http\\Request), Object(Symfony\\Component\\HttpKernel\\Exception\\NotFoundHttpException))
#16 /Users/waltherstein/Documents/PROYECTOS/php_template/vendor/laravel/framework/src/Illuminate/Foundation/Exceptions/Handler.php(594): Illuminate\\Foundation\\Exceptions\\Handler->renderExceptionResponse(Object(Illuminate\\Http\\Request), Object(Symfony\\Component\\HttpKernel\\Exception\\NotFoundHttpException))
#17 /Users/waltherstein/Documents/PROYECTOS/php_template/vendor/laravel/framework/src/Illuminate/Routing/Pipeline.php(51): Illuminate\\Foundation\\Exceptions\\Handler->render(Object(Illuminate\\Http\\Request), Object(Symfony\\Component\\HttpKernel\\Exception\\NotFoundHttpException))
#18 /Users/waltherstein/Documents/PROYECTOS/php_template/vendor/laravel/framework/src/Illuminate/Pipeline/Pipeline.php(172): Illuminate\\Routing\\Pipeline->handleException(Object(Illuminate\\Http\\Request), Object(Symfony\\Component\\HttpKernel\\Exception\\NotFoundHttpException))
#19 /Users/waltherstein/Documents/PROYECTOS/php_template/vendor/laravel/framework/src/Illuminate/Foundation/Http/Middleware/TransformsRequest.php(21): Illuminate\\Pipeline\\Pipeline->{closure:Illuminate\\Pipeline\\Pipeline::prepareDestination():168}(Object(Illuminate\\Http\\Request))
#20 /Users/waltherstein/Documents/PROYECTOS/php_template/vendor/laravel/framework/src/Illuminate/Foundation/Http/Middleware/ConvertEmptyStringsToNull.php(31): Illuminate\\Foundation\\Http\\Middleware\\TransformsRequest->handle(Object(Illuminate\\Http\\Request), Object(Closure))
#21 /Users/waltherstein/Documents/PROYECTOS/php_template/vendor/laravel/framework/src/Illuminate/Pipeline/Pipeline.php(209): Illuminate\\Foundation\\Http\\Middleware\\ConvertEmptyStringsToNull->handle(Object(Illuminate\\Http\\Request), Object(Closure))
#22 /Users/waltherstein/Documents/PROYECTOS/php_template/vendor/laravel/framework/src/Illuminate/Foundation/Http/Middleware/TransformsRequest.php(21): Illuminate\\Pipeline\\Pipeline->{closure:{closure:Illuminate\\Pipeline\\Pipeline::carry():184}:185}(Object(Illuminate\\Http\\Request))
#23 /Users/waltherstein/Documents/PROYECTOS/php_template/vendor/laravel/framework/src/Illuminate/Foundation/Http/Middleware/TrimStrings.php(51): Illuminate\\Foundation\\Http\\Middleware\\TransformsRequest->handle(Object(Illuminate\\Http\\Request), Object(Closure))
#24 /Users/waltherstein/Documents/PROYECTOS/php_template/vendor/laravel/framework/src/Illuminate/Pipeline/Pipeline.php(209): Illuminate\\Foundation\\Http\\Middleware\\TrimStrings->handle(Object(Illuminate\\Http\\Request), Object(Closure))
#25 /Users/waltherstein/Documents/PROYECTOS/php_template/vendor/laravel/framework/src/Illuminate/Http/Middleware/ValidatePostSize.php(27): Illuminate\\Pipeline\\Pipeline->{closure:{closure:Illuminate\\Pipeline\\Pipeline::carry():184}:185}(Object(Illuminate\\Http\\Request))
#26 /Users/waltherstein/Documents/PROYECTOS/php_template/vendor/laravel/framework/src/Illuminate/Pipeline/Pipeline.php(209): Illuminate\\Http\\Middleware\\ValidatePostSize->handle(Object(Illuminate\\Http\\Request), Object(Closure))
#27 /Users/waltherstein/Documents/PROYECTOS/php_template/vendor/laravel/framework/src/Illuminate/Foundation/Http/Middleware/PreventRequestsDuringMaintenance.php(110): Illuminate\\Pipeline\\Pipeline->{closure:{closure:Illuminate\\Pipeline\\Pipeline::carry():184}:185}(Object(Illuminate\\Http\\Request))
#28 /Users/waltherstein/Documents/PROYECTOS/php_template/vendor/laravel/framework/src/Illuminate/Pipeline/Pipeline.php(209): Illuminate\\Foundation\\Http\\Middleware\\PreventRequestsDuringMaintenance->handle(Object(Illuminate\\Http\\Request), Object(Closure))
#29 /Users/waltherstein/Documents/PROYECTOS/php_template/vendor/laravel/framework/src/Illuminate/Http/Middleware/HandleCors.php(49): Illuminate\\Pipeline\\Pipeline->{closure:{closure:Illuminate\\Pipeline\\Pipeline::carry():184}:185}(Object(Illuminate\\Http\\Request))
#30 /Users/waltherstein/Documents/PROYECTOS/php_template/vendor/laravel/framework/src/Illuminate/Pipeline/Pipeline.php(209): Illuminate\\Http\\Middleware\\HandleCors->handle(Object(Illuminate\\Http\\Request), Object(Closure))
#31 /Users/waltherstein/Documents/PROYECTOS/php_template/vendor/laravel/framework/src/Illuminate/Http/Middleware/TrustProxies.php(58): Illuminate\\Pipeline\\Pipeline->{closure:{closure:Illuminate\\Pipeline\\Pipeline::carry():184}:185}(Object(Illuminate\\Http\\Request))
#32 /Users/waltherstein/Documents/PROYECTOS/php_template/vendor/laravel/framework/src/Illuminate/Pipeline/Pipeline.php(209): Illuminate\\Http\\Middleware\\TrustProxies->handle(Object(Illuminate\\Http\\Request), Object(Closure))
#33 /Users/waltherstein/Documents/PROYECTOS/php_template/vendor/laravel/framework/src/Illuminate/Foundation/Http/Middleware/InvokeDeferredCallbacks.php(22): Illuminate\\Pipeline\\Pipeline->{closure:{closure:Illuminate\\Pipeline\\Pipeline::carry():184}:185}(Object(Illuminate\\Http\\Request))
#34 /Users/waltherstein/Documents/PROYECTOS/php_template/vendor/laravel/framework/src/Illuminate/Pipeline/Pipeline.php(209): Illuminate\\Foundation\\Http\\Middleware\\InvokeDeferredCallbacks->handle(Object(Illuminate\\Http\\Request), Object(Closure))
#35 /Users/waltherstein/Documents/PROYECTOS/php_template/vendor/laravel/framework/src/Illuminate/Pipeline/Pipeline.php(127): Illuminate\\Pipeline\\Pipeline->{closure:{closure:Illuminate\\Pipeline\\Pipeline::carry():184}:185}(Object(Illuminate\\Http\\Request))
#36 /Users/waltherstein/Documents/PROYECTOS/php_template/vendor/laravel/framework/src/Illuminate/Foundation/Http/Kernel.php(176): Illuminate\\Pipeline\\Pipeline->then(Object(Closure))
#37 /Users/waltherstein/Documents/PROYECTOS/php_template/vendor/laravel/framework/src/Illuminate/Foundation/Http/Kernel.php(145): Illuminate\\Foundation\\Http\\Kernel->sendRequestThroughRouter(Object(Illuminate\\Http\\Request))
#38 /Users/waltherstein/Documents/PROYECTOS/php_template/vendor/laravel/framework/src/Illuminate/Foundation/Application.php(1220): Illuminate\\Foundation\\Http\\Kernel->handle(Object(Illuminate\\Http\\Request))
#39 /Users/waltherstein/Documents/PROYECTOS/php_template/public/index.php(18): Illuminate\\Foundation\\Application->handleRequest(Object(Illuminate\\Http\\Request))
#40 /Users/waltherstein/Documents/PROYECTOS/php_template/vendor/laravel/framework/src/Illuminate/Foundation/resources/server.php(23): require_once('/Users/walthers...')
#41 {main}
"} 
[2026-05-14 15:40:55] local.ERROR: Please provide a valid cache path. {"exception":"[object] (InvalidArgumentException(code: 0): Please provide a valid cache path. at /Users/waltherstein/Documents/PROYECTOS/php_template/vendor/laravel/framework/src/Illuminate/View/Compilers/Compiler.php:67)
[stacktrace]
#0 /Users/waltherstein/Documents/PROYECTOS/php_template/vendor/laravel/framework/src/Illuminate/View/ViewServiceProvider.php(97): Illuminate\\View\\Compilers\\Compiler->__construct(Object(Illuminate\\Filesystem\\Filesystem), false, '', true, 'php')
#1 /Users/waltherstein/Documents/PROYECTOS/php_template/vendor/laravel/framework/src/Illuminate/Container/Container.php(952): Illuminate\\View\\ViewServiceProvider->{closure:Illuminate\\View\\ViewServiceProvider::registerBladeCompiler():96}(Object(Illuminate\\Foundation\\Application), Array)
#2 /Users/waltherstein/Documents/PROYECTOS/php_template/vendor/laravel/framework/src/Illuminate/Container/Container.php(832): Illuminate\\Container\\Container->build(Object(Closure))
#3 /Users/waltherstein/Documents/PROYECTOS/php_template/vendor/laravel/framework/src/Illuminate/Foundation/Application.php(1078): Illuminate\\Container\\Container->resolve('blade.compiler', Array, true)
#4 /Users/waltherstein/Documents/PROYECTOS/php_template/vendor/laravel/framework/src/Illuminate/Container/Container.php(763): Illuminate\\Foundation\\Application->resolve('blade.compiler', Array)
#5 /Users/waltherstein/Documents/PROYECTOS/php_template/vendor/laravel/framework/src/Illuminate/Foundation/Application.php(1058): Illuminate\\Container\\Container->make('blade.compiler', Array)
#6 /Users/waltherstein/Documents/PROYECTOS/php_template/vendor/laravel/framework/src/Illuminate/View/ViewServiceProvider.php(168): Illuminate\\Foundation\\Application->make('blade.compiler')
#7 [internal function]: Illuminate\\View\\ViewServiceProvider->{closure:Illuminate\\View\\ViewServiceProvider::registerBladeEngine():164}()
#8 /Users/waltherstein/Documents/PROYECTOS/php_template/vendor/laravel/framework/src/Illuminate/View/Engines/EngineResolver.php(55): call_user_func(Object(Closure))
#9 /Users/waltherstein/Documents/PROYECTOS/php_template/vendor/laravel/framework/src/Illuminate/View/Factory.php(326): Illuminate\\View\\Engines\\EngineResolver->resolve('blade')
#10 /Users/waltherstein/Documents/PROYECTOS/php_template/vendor/laravel/framework/src/Illuminate/View/Factory.php(288): Illuminate\\View\\Factory->getEngineFromPath('/Users/walthers...')
#11 /Users/waltherstein/Documents/PROYECTOS/php_template/vendor/laravel/framework/src/Illuminate/View/Factory.php(160): Illuminate\\View\\Factory->viewInstance('errors::404', '/Users/walthers...', Array)
#12 /Users/waltherstein/Documents/PROYECTOS/php_template/vendor/laravel/framework/src/Illuminate/Routing/ResponseFactory.php(90): Illuminate\\View\\Factory->make('errors::404', Array)
#13 /Users/waltherstein/Documents/PROYECTOS/php_template/vendor/laravel/framework/src/Illuminate/Foundation/Exceptions/Handler.php(894): Illuminate\\Routing\\ResponseFactory->view('errors::404', Array, 404, Array)
#14 /Users/waltherstein/Documents/PROYECTOS/php_template/vendor/laravel/framework/src/Illuminate/Foundation/Exceptions/Handler.php(815): Illuminate\\Foundation\\Exceptions\\Handler->renderHttpException(Object(Symfony\\Component\\HttpKernel\\Exception\\NotFoundHttpException))
#15 /Users/waltherstein/Documents/PROYECTOS/php_template/vendor/laravel/framework/src/Illuminate/Foundation/Exceptions/Handler.php(706): Illuminate\\Foundation\\Exceptions\\Handler->prepareResponse(Object(Illuminate\\Http\\Request), Object(Symfony\\Component\\HttpKernel\\Exception\\NotFoundHttpException))
#16 /Users/waltherstein/Documents/PROYECTOS/php_template/vendor/laravel/framework/src/Illuminate/Foundation/Exceptions/Handler.php(594): Illuminate\\Foundation\\Exceptions\\Handler->renderExceptionResponse(Object(Illuminate\\Http\\Request), Object(Symfony\\Component\\HttpKernel\\Exception\\NotFoundHttpException))
#17 /Users/waltherstein/Documents/PROYECTOS/php_template/vendor/laravel/framework/src/Illuminate/Routing/Pipeline.php(51): Illuminate\\Foundation\\Exceptions\\Handler->render(Object(Illuminate\\Http\\Request), Object(Symfony\\Component\\HttpKernel\\Exception\\NotFoundHttpException))
#18 /Users/waltherstein/Documents/PROYECTOS/php_template/vendor/laravel/framework/src/Illuminate/Pipeline/Pipeline.php(172): Illuminate\\Routing\\Pipeline->handleException(Object(Illuminate\\Http\\Request), Object(Symfony\\Component\\HttpKernel\\Exception\\NotFoundHttpException))
#19 /Users/waltherstein/Documents/PROYECTOS/php_template/vendor/laravel/framework/src/Illuminate/Foundation/Http/Middleware/TransformsRequest.php(21): Illuminate\\Pipeline\\Pipeline->{closure:Illuminate\\Pipeline\\Pipeline::prepareDestination():168}(Object(Illuminate\\Http\\Request))
#20 /Users/waltherstein/Documents/PROYECTOS/php_template/vendor/laravel/framework/src/Illuminate/Foundation/Http/Middleware/ConvertEmptyStringsToNull.php(31): Illuminate\\Foundation\\Http\\Middleware\\TransformsRequest->handle(Object(Illuminate\\Http\\Request), Object(Closure))
#21 /Users/waltherstein/Documents/PROYECTOS/php_template/vendor/laravel/framework/src/Illuminate/Pipeline/Pipeline.php(209): Illuminate\\Foundation\\Http\\Middleware\\ConvertEmptyStringsToNull->handle(Object(Illuminate\\Http\\Request), Object(Closure))
#22 /Users/waltherstein/Documents/PROYECTOS/php_template/vendor/laravel/framework/src/Illuminate/Foundation/Http/Middleware/TransformsRequest.php(21): Illuminate\\Pipeline\\Pipeline->{closure:{closure:Illuminate\\Pipeline\\Pipeline::carry():184}:185}(Object(Illuminate\\Http\\Request))
#23 /Users/waltherstein/Documents/PROYECTOS/php_template/vendor/laravel/framework/src/Illuminate/Foundation/Http/Middleware/TrimStrings.php(51): Illuminate\\Foundation\\Http\\Middleware\\TransformsRequest->handle(Object(Illuminate\\Http\\Request), Object(Closure))
#24 /Users/waltherstein/Documents/PROYECTOS/php_template/vendor/laravel/framework/src/Illuminate/Pipeline/Pipeline.php(209): Illuminate\\Foundation\\Http\\Middleware\\TrimStrings->handle(Object(Illuminate\\Http\\Request), Object(Closure))
#25 /Users/waltherstein/Documents/PROYECTOS/php_template/vendor/laravel/framework/src/Illuminate/Http/Middleware/ValidatePostSize.php(27): Illuminate\\Pipeline\\Pipeline->{closure:{closure:Illuminate\\Pipeline\\Pipeline::carry():184}:185}(Object(Illuminate\\Http\\Request))
#26 /Users/waltherstein/Documents/PROYECTOS/php_template/vendor/laravel/framework/src/Illuminate/Pipeline/Pipeline.php(209): Illuminate\\Http\\Middleware\\ValidatePostSize->handle(Object(Illuminate\\Http\\Request), Object(Closure))
#27 /Users/waltherstein/Documents/PROYECTOS/php_template/vendor/laravel/framework/src/Illuminate/Foundation/Http/Middleware/PreventRequestsDuringMaintenance.php(110): Illuminate\\Pipeline\\Pipeline->{closure:{closure:Illuminate\\Pipeline\\Pipeline::carry():184}:185}(Object(Illuminate\\Http\\Request))
#28 /Users/waltherstein/Documents/PROYECTOS/php_template/vendor/laravel/framework/src/Illuminate/Pipeline/Pipeline.php(209): Illuminate\\Foundation\\Http\\Middleware\\PreventRequestsDuringMaintenance->handle(Object(Illuminate\\Http\\Request), Object(Closure))
#29 /Users/waltherstein/Documents/PROYECTOS/php_template/vendor/laravel/framework/src/Illuminate/Http/Middleware/HandleCors.php(49): Illuminate\\Pipeline\\Pipeline->{closure:{closure:Illuminate\\Pipeline\\Pipeline::carry():184}:185}(Object(Illuminate\\Http\\Request))
#30 /Users/waltherstein/Documents/PROYECTOS/php_template/vendor/laravel/framework/src/Illuminate/Pipeline/Pipeline.php(209): Illuminate\\Http\\Middleware\\HandleCors->handle(Object(Illuminate\\Http\\Request), Object(Closure))
#31 /Users/waltherstein/Documents/PROYECTOS/php_template/vendor/laravel/framework/src/Illuminate/Http/Middleware/TrustProxies.php(58): Illuminate\\Pipeline\\Pipeline->{closure:{closure:Illuminate\\Pipeline\\Pipeline::carry():184}:185}(Object(Illuminate\\Http\\Request))
#32 /Users/waltherstein/Documents/PROYECTOS/php_template/vendor/laravel/framework/src/Illuminate/Pipeline/Pipeline.php(209): Illuminate\\Http\\Middleware\\TrustProxies->handle(Object(Illuminate\\Http\\Request), Object(Closure))
#33 /Users/waltherstein/Documents/PROYECTOS/php_template/vendor/laravel/framework/src/Illuminate/Foundation/Http/Middleware/InvokeDeferredCallbacks.php(22): Illuminate\\Pipeline\\Pipeline->{closure:{closure:Illuminate\\Pipeline\\Pipeline::carry():184}:185}(Object(Illuminate\\Http\\Request))
#34 /Users/waltherstein/Documents/PROYECTOS/php_template/vendor/laravel/framework/src/Illuminate/Pipeline/Pipeline.php(209): Illuminate\\Foundation\\Http\\Middleware\\InvokeDeferredCallbacks->handle(Object(Illuminate\\Http\\Request), Object(Closure))
#35 /Users/waltherstein/Documents/PROYECTOS/php_template/vendor/laravel/framework/src/Illuminate/Pipeline/Pipeline.php(127): Illuminate\\Pipeline\\Pipeline->{closure:{closure:Illuminate\\Pipeline\\Pipeline::carry():184}:185}(Object(Illuminate\\Http\\Request))
#36 /Users/waltherstein/Documents/PROYECTOS/php_template/vendor/laravel/framework/src/Illuminate/Foundation/Http/Kernel.php(176): Illuminate\\Pipeline\\Pipeline->then(Object(Closure))
#37 /Users/waltherstein/Documents/PROYECTOS/php_template/vendor/laravel/framework/src/Illuminate/Foundation/Http/Kernel.php(145): Illuminate\\Foundation\\Http\\Kernel->sendRequestThroughRouter(Object(Illuminate\\Http\\Request))
#38 /Users/waltherstein/Documents/PROYECTOS/php_template/vendor/laravel/framework/src/Illuminate/Foundation/Application.php(1220): Illuminate\\Foundation\\Http\\Kernel->handle(Object(Illuminate\\Http\\Request))
#39 /Users/waltherstein/Documents/PROYECTOS/php_template/public/index.php(18): Illuminate\\Foundation\\Application->handleRequest(Object(Illuminate\\Http\\Request))
#40 /Users/waltherstein/Documents/PROYECTOS/php_template/vendor/laravel/framework/src/Illuminate/Foundation/resources/server.php(23): require_once('/Users/walthers...')
#41 {main}
"} 
[2026-05-14 15:40:55] local.ERROR: Please provide a valid cache path. {"exception":"[object] (InvalidArgumentException(code: 0): Please provide a valid cache path. at /Users/waltherstein/Documents/PROYECTOS/php_template/vendor/laravel/framework/src/Illuminate/View/Compilers/Compiler.php:67)
[stacktrace]
#0 /Users/waltherstein/Documents/PROYECTOS/php_template/vendor/laravel/framework/src/Illuminate/View/ViewServiceProvider.php(97): Illuminate\\View\\Compilers\\Compiler->__construct(Object(Illuminate\\Filesystem\\Filesystem), false, '', true, 'php')
#1 /Users/waltherstein/Documents/PROYECTOS/php_template/vendor/laravel/framework/src/Illuminate/Container/Container.php(952): Illuminate\\View\\ViewServiceProvider->{closure:Illuminate\\View\\ViewServiceProvider::registerBladeCompiler():96}(Object(Illuminate\\Foundation\\Application), Array)
#2 /Users/waltherstein/Documents/PROYECTOS/php_template/vendor/laravel/framework/src/Illuminate/Container/Container.php(832): Illuminate\\Container\\Container->build(Object(Closure))
#3 /Users/waltherstein/Documents/PROYECTOS/php_template/vendor/laravel/framework/src/Illuminate/Foundation/Application.php(1078): Illuminate\\Container\\Container->resolve('blade.compiler', Array, true)
#4 /Users/waltherstein/Documents/PROYECTOS/php_template/vendor/laravel/framework/src/Illuminate/Container/Container.php(763): Illuminate\\Foundation\\Application->resolve('blade.compiler', Array)
#5 /Users/waltherstein/Documents/PROYECTOS/php_template/vendor/laravel/framework/src/Illuminate/Foundation/Application.php(1058): Illuminate\\Container\\Container->make('blade.compiler', Array)
#6 /Users/waltherstein/Documents/PROYECTOS/php_template/vendor/laravel/framework/src/Illuminate/View/ViewServiceProvider.php(168): Illuminate\\Foundation\\Application->make('blade.compiler')
#7 [internal function]: Illuminate\\View\\ViewServiceProvider->{closure:Illuminate\\View\\ViewServiceProvider::registerBladeEngine():164}()
#8 /Users/waltherstein/Documents/PROYECTOS/php_template/vendor/laravel/framework/src/Illuminate/View/Engines/EngineResolver.php(55): call_user_func(Object(Closure))
#9 /Users/waltherstein/Documents/PROYECTOS/php_template/vendor/laravel/framework/src/Illuminate/View/Factory.php(326): Illuminate\\View\\Engines\\EngineResolver->resolve('blade')
#10 /Users/waltherstein/Documents/PROYECTOS/php_template/vendor/laravel/framework/src/Illuminate/View/Factory.php(288): Illuminate\\View\\Factory->getEngineFromPath('/Users/walthers...')
#11 /Users/waltherstein/Documents/PROYECTOS/php_template/vendor/laravel/framework/src/Illuminate/View/Factory.php(160): Illuminate\\View\\Factory->viewInstance('errors::404', '/Users/walthers...', Array)
#12 /Users/waltherstein/Documents/PROYECTOS/php_template/vendor/laravel/framework/src/Illuminate/Routing/ResponseFactory.php(90): Illuminate\\View\\Factory->make('errors::404', Array)
#13 /Users/waltherstein/Documents/PROYECTOS/php_template/vendor/laravel/framework/src/Illuminate/Foundation/Exceptions/Handler.php(894): Illuminate\\Routing\\ResponseFactory->view('errors::404', Array, 404, Array)
#14 /Users/waltherstein/Documents/PROYECTOS/php_template/vendor/laravel/framework/src/Illuminate/Foundation/Exceptions/Handler.php(815): Illuminate\\Foundation\\Exceptions\\Handler->renderHttpException(Object(Symfony\\Component\\HttpKernel\\Exception\\NotFoundHttpException))
#15 /Users/waltherstein/Documents/PROYECTOS/php_template/vendor/laravel/framework/src/Illuminate/Foundation/Exceptions/Handler.php(706): Illuminate\\Foundation\\Exceptions\\Handler->prepareResponse(Object(Illuminate\\Http\\Request), Object(Symfony\\Component\\HttpKernel\\Exception\\NotFoundHttpException))
#16 /Users/waltherstein/Documents/PROYECTOS/php_template/vendor/laravel/framework/src/Illuminate/Foundation/Exceptions/Handler.php(594): Illuminate\\Foundation\\Exceptions\\Handler->renderExceptionResponse(Object(Illuminate\\Http\\Request), Object(Symfony\\Component\\HttpKernel\\Exception\\NotFoundHttpException))
#17 /Users/waltherstein/Documents/PROYECTOS/php_template/vendor/laravel/framework/src/Illuminate/Routing/Pipeline.php(51): Illuminate\\Foundation\\Exceptions\\Handler->render(Object(Illuminate\\Http\\Request), Object(Symfony\\Component\\HttpKernel\\Exception\\NotFoundHttpException))
#18 /Users/waltherstein/Documents/PROYECTOS/php_template/vendor/laravel/framework/src/Illuminate/Pipeline/Pipeline.php(172): Illuminate\\Routing\\Pipeline->handleException(Object(Illuminate\\Http\\Request), Object(Symfony\\Component\\HttpKernel\\Exception\\NotFoundHttpException))
#19 /Users/waltherstein/Documents/PROYECTOS/php_template/vendor/laravel/framework/src/Illuminate/Foundation/Http/Middleware/TransformsRequest.php(21): Illuminate\\Pipeline\\Pipeline->{closure:Illuminate\\Pipeline\\Pipeline::prepareDestination():168}(Object(Illuminate\\Http\\Request))
#20 /Users/waltherstein/Documents/PROYECTOS/php_template/vendor/laravel/framework/src/Illuminate/Foundation/Http/Middleware/ConvertEmptyStringsToNull.php(31): Illuminate\\Foundation\\Http\\Middleware\\TransformsRequest->handle(Object(Illuminate\\Http\\Request), Object(Closure))
#21 /Users/waltherstein/Documents/PROYECTOS/php_template/vendor/laravel/framework/src/Illuminate/Pipeline/Pipeline.php(209): Illuminate\\Foundation\\Http\\Middleware\\ConvertEmptyStringsToNull->handle(Object(Illuminate\\Http\\Request), Object(Closure))
#22 /Users/waltherstein/Documents/PROYECTOS/php_template/vendor/laravel/framework/src/Illuminate/Foundation/Http/Middleware/TransformsRequest.php(21): Illuminate\\Pipeline\\Pipeline->{closure:{closure:Illuminate\\Pipeline\\Pipeline::carry():184}:185}(Object(Illuminate\\Http\\Request))
#23 /Users/waltherstein/Documents/PROYECTOS/php_template/vendor/laravel/framework/src/Illuminate/Foundation/Http/Middleware/TrimStrings.php(51): Illuminate\\Foundation\\Http\\Middleware\\TransformsRequest->handle(Object(Illuminate\\Http\\Request), Object(Closure))
#24 /Users/waltherstein/Documents/PROYECTOS/php_template/vendor/laravel/framework/src/Illuminate/Pipeline/Pipeline.php(209): Illuminate\\Foundation\\Http\\Middleware\\TrimStrings->handle(Object(Illuminate\\Http\\Request), Object(Closure))
#25 /Users/waltherstein/Documents/PROYECTOS/php_template/vendor/laravel/framework/src/Illuminate/Http/Middleware/ValidatePostSize.php(27): Illuminate\\Pipeline\\Pipeline->{closure:{closure:Illuminate\\Pipeline\\Pipeline::carry():184}:185}(Object(Illuminate\\Http\\Request))
#26 /Users/waltherstein/Documents/PROYECTOS/php_template/vendor/laravel/framework/src/Illuminate/Pipeline/Pipeline.php(209): Illuminate\\Http\\Middleware\\ValidatePostSize->handle(Object(Illuminate\\Http\\Request), Object(Closure))
#27 /Users/waltherstein/Documents/PROYECTOS/php_template/vendor/laravel/framework/src/Illuminate/Foundation/Http/Middleware/PreventRequestsDuringMaintenance.php(110): Illuminate\\Pipeline\\Pipeline->{closure:{closure:Illuminate\\Pipeline\\Pipeline::carry():184}:185}(Object(Illuminate\\Http\\Request))
#28 /Users/waltherstein/Documents/PROYECTOS/php_template/vendor/laravel/framework/src/Illuminate/Pipeline/Pipeline.php(209): Illuminate\\Foundation\\Http\\Middleware\\PreventRequestsDuringMaintenance->handle(Object(Illuminate\\Http\\Request), Object(Closure))
#29 /Users/waltherstein/Documents/PROYECTOS/php_template/vendor/laravel/framework/src/Illuminate/Http/Middleware/HandleCors.php(49): Illuminate\\Pipeline\\Pipeline->{closure:{closure:Illuminate\\Pipeline\\Pipeline::carry():184}:185}(Object(Illuminate\\Http\\Request))
#30 /Users/waltherstein/Documents/PROYECTOS/php_template/vendor/laravel/framework/src/Illuminate/Pipeline/Pipeline.php(209): Illuminate\\Http\\Middleware\\HandleCors->handle(Object(Illuminate\\Http\\Request), Object(Closure))
#31 /Users/waltherstein/Documents/PROYECTOS/php_template/vendor/laravel/framework/src/Illuminate/Http/Middleware/TrustProxies.php(58): Illuminate\\Pipeline\\Pipeline->{closure:{closure:Illuminate\\Pipeline\\Pipeline::carry():184}:185}(Object(Illuminate\\Http\\Request))
#32 /Users/waltherstein/Documents/PROYECTOS/php_template/vendor/laravel/framework/src/Illuminate/Pipeline/Pipeline.php(209): Illuminate\\Http\\Middleware\\TrustProxies->handle(Object(Illuminate\\Http\\Request), Object(Closure))
#33 /Users/waltherstein/Documents/PROYECTOS/php_template/vendor/laravel/framework/src/Illuminate/Foundation/Http/Middleware/InvokeDeferredCallbacks.php(22): Illuminate\\Pipeline\\Pipeline->{closure:{closure:Illuminate\\Pipeline\\Pipeline::carry():184}:185}(Object(Illuminate\\Http\\Request))
#34 /Users/waltherstein/Documents/PROYECTOS/php_template/vendor/laravel/framework/src/Illuminate/Pipeline/Pipeline.php(209): Illuminate\\Foundation\\Http\\Middleware\\InvokeDeferredCallbacks->handle(Object(Illuminate\\Http\\Request), Object(Closure))
#35 /Users/waltherstein/Documents/PROYECTOS/php_template/vendor/laravel/framework/src/Illuminate/Pipeline/Pipeline.php(127): Illuminate\\Pipeline\\Pipeline->{closure:{closure:Illuminate\\Pipeline\\Pipeline::carry():184}:185}(Object(Illuminate\\Http\\Request))
#36 /Users/waltherstein/Documents/PROYECTOS/php_template/vendor/laravel/framework/src/Illuminate/Foundation/Http/Kernel.php(176): Illuminate\\Pipeline\\Pipeline->then(Object(Closure))
#37 /Users/waltherstein/Documents/PROYECTOS/php_template/vendor/laravel/framework/src/Illuminate/Foundation/Http/Kernel.php(145): Illuminate\\Foundation\\Http\\Kernel->sendRequestThroughRouter(Object(Illuminate\\Http\\Request))
#38 /Users/waltherstein/Documents/PROYECTOS/php_template/vendor/laravel/framework/src/Illuminate/Foundation/Application.php(1220): Illuminate\\Foundation\\Http\\Kernel->handle(Object(Illuminate\\Http\\Request))
#39 /Users/waltherstein/Documents/PROYECTOS/php_template/public/index.php(18): Illuminate\\Foundation\\Application->handleRequest(Object(Illuminate\\Http\\Request))
#40 /Users/waltherstein/Documents/PROYECTOS/php_template/vendor/laravel/framework/src/Illuminate/Foundation/resources/server.php(23): require_once('/Users/walthers...')
#41 {main}
"} 
[2026-05-14 15:46:31] local.ERROR: The "/Users/waltherstein/Documents/PROYECTOS/php_template/app" directory does not exist. {"exception":"[object] (Symfony\\Component\\Finder\\Exception\\DirectoryNotFoundException(code: 0): The \"/Users/waltherstein/Documents/PROYECTOS/php_template/app\" directory does not exist. at /Users/waltherstein/Documents/PROYECTOS/php_template/vendor/symfony/finder/Finder.php:648)
[stacktrace]
#0 /Users/waltherstein/Documents/PROYECTOS/php_template/vendor/zircote/swagger-php/src/SourceFinder.php(28): Symfony\\Component\\Finder\\Finder->in('/Users/walthers...')
#1 /Users/waltherstein/Documents/PROYECTOS/php_template/vendor/darkaonline/l5-swagger/src/Generator.php(271): OpenApi\\SourceFinder->__construct(Array, Array, '*.php')
#2 /Users/waltherstein/Documents/PROYECTOS/php_template/vendor/darkaonline/l5-swagger/src/Generator.php(172): L5Swagger\\Generator->createScanFinder()
#3 /Users/waltherstein/Documents/PROYECTOS/php_template/vendor/darkaonline/l5-swagger/src/Generator.php(118): L5Swagger\\Generator->scanFilesForDocumentation()
#4 /Users/waltherstein/Documents/PROYECTOS/php_template/vendor/darkaonline/l5-swagger/src/Console/GenerateDocsCommand.php(73): L5Swagger\\Generator->generateDocs()
#5 /Users/waltherstein/Documents/PROYECTOS/php_template/vendor/darkaonline/l5-swagger/src/Console/GenerateDocsCommand.php(56): L5Swagger\\Console\\GenerateDocsCommand->generateDocumentation(Object(L5Swagger\\GeneratorFactory), 'default')
#6 /Users/waltherstein/Documents/PROYECTOS/php_template/vendor/laravel/framework/src/Illuminate/Container/BoundMethod.php(36): L5Swagger\\Console\\GenerateDocsCommand->handle(Object(L5Swagger\\GeneratorFactory))
#7 /Users/waltherstein/Documents/PROYECTOS/php_template/vendor/laravel/framework/src/Illuminate/Container/Util.php(43): Illuminate\\Container\\BoundMethod::{closure:Illuminate\\Container\\BoundMethod::call():35}()
#8 /Users/waltherstein/Documents/PROYECTOS/php_template/vendor/laravel/framework/src/Illuminate/Container/BoundMethod.php(95): Illuminate\\Container\\Util::unwrapIfClosure(Object(Closure))
#9 /Users/waltherstein/Documents/PROYECTOS/php_template/vendor/laravel/framework/src/Illuminate/Container/BoundMethod.php(35): Illuminate\\Container\\BoundMethod::callBoundMethod(Object(Illuminate\\Foundation\\Application), Array, Object(Closure))
#10 /Users/waltherstein/Documents/PROYECTOS/php_template/vendor/laravel/framework/src/Illuminate/Container/Container.php(696): Illuminate\\Container\\BoundMethod::call(Object(Illuminate\\Foundation\\Application), Array, Array, NULL)
#11 /Users/waltherstein/Documents/PROYECTOS/php_template/vendor/laravel/framework/src/Illuminate/Console/Command.php(213): Illuminate\\Container\\Container->call(Array)
#12 /Users/waltherstein/Documents/PROYECTOS/php_template/vendor/symfony/console/Command/Command.php(341): Illuminate\\Console\\Command->execute(Object(Symfony\\Component\\Console\\Input\\ArgvInput), Object(Illuminate\\Console\\OutputStyle))
#13 /Users/waltherstein/Documents/PROYECTOS/php_template/vendor/laravel/framework/src/Illuminate/Console/Command.php(182): Symfony\\Component\\Console\\Command\\Command->run(Object(Symfony\\Component\\Console\\Input\\ArgvInput), Object(Illuminate\\Console\\OutputStyle))
#14 /Users/waltherstein/Documents/PROYECTOS/php_template/vendor/symfony/console/Application.php(1117): Illuminate\\Console\\Command->run(Object(Symfony\\Component\\Console\\Input\\ArgvInput), Object(Symfony\\Component\\Console\\Output\\ConsoleOutput))
#15 /Users/waltherstein/Documents/PROYECTOS/php_template/vendor/symfony/console/Application.php(356): Symfony\\Component\\Console\\Application->doRunCommand(Object(L5Swagger\\Console\\GenerateDocsCommand), Object(Symfony\\Component\\Console\\Input\\ArgvInput), Object(Symfony\\Component\\Console\\Output\\ConsoleOutput))
#16 /Users/waltherstein/Documents/PROYECTOS/php_template/vendor/symfony/console/Application.php(195): Symfony\\Component\\Console\\Application->doRun(Object(Symfony\\Component\\Console\\Input\\ArgvInput), Object(Symfony\\Component\\Console\\Output\\ConsoleOutput))
#17 /Users/waltherstein/Documents/PROYECTOS/php_template/vendor/laravel/framework/src/Illuminate/Foundation/Console/Kernel.php(198): Symfony\\Component\\Console\\Application->run(Object(Symfony\\Component\\Console\\Input\\ArgvInput), Object(Symfony\\Component\\Console\\Output\\ConsoleOutput))
#18 /Users/waltherstein/Documents/PROYECTOS/php_template/artisan(14): Illuminate\\Foundation\\Console\\Kernel->handle(Object(Symfony\\Component\\Console\\Input\\ArgvInput), Object(Symfony\\Component\\Console\\Output\\ConsoleOutput))
#19 {main}
"} 
[2026-05-14 15:47:49] local.ERROR: Required @OA\Info() not found {"exception":"[object] (ErrorException(code: 0): Required @OA\\Info() not found at /Users/waltherstein/Documents/PROYECTOS/php_template/vendor/zircote/swagger-php/src/Loggers/DefaultLogger.php:23)
[stacktrace]
#0 /Users/waltherstein/Documents/PROYECTOS/php_template/vendor/laravel/framework/src/Illuminate/Foundation/Bootstrap/HandleExceptions.php(258): Illuminate\\Foundation\\Bootstrap\\HandleExceptions->handleError(512, 'Required @OA\\\\In...', '/Users/walthers...', 23)
#1 [internal function]: Illuminate\\Foundation\\Bootstrap\\HandleExceptions->{closure:Illuminate\\Foundation\\Bootstrap\\HandleExceptions::forwardsTo():257}(512, 'Required @OA\\\\In...', '/Users/walthers...', 23)
#2 /Users/waltherstein/Documents/PROYECTOS/php_template/vendor/zircote/swagger-php/src/Loggers/DefaultLogger.php(23): trigger_error('Required @OA\\\\In...', 512)
#3 /Users/waltherstein/Documents/PROYECTOS/php_template/vendor/psr/log/src/LoggerTrait.php(61): OpenApi\\Loggers\\DefaultLogger->log('warning', 'Required @OA\\\\In...', Array)
#4 /Users/waltherstein/Documents/PROYECTOS/php_template/vendor/zircote/swagger-php/src/Annotations/AbstractAnnotation.php(549): Psr\\Log\\AbstractLogger->warning('Required @OA\\\\In...')
#5 /Users/waltherstein/Documents/PROYECTOS/php_template/vendor/zircote/swagger-php/src/Annotations/OpenApi.php(162): OpenApi\\Annotations\\AbstractAnnotation->validate(Object(OpenApi\\Analysis), '3.0.0', Object(stdClass))
#6 /Users/waltherstein/Documents/PROYECTOS/php_template/vendor/zircote/swagger-php/src/Analysis.php(402): OpenApi\\Annotations\\OpenApi->validate(Object(OpenApi\\Analysis), '3.0.0', Object(stdClass))
#7 /Users/waltherstein/Documents/PROYECTOS/php_template/vendor/zircote/swagger-php/src/Generator.php(408): OpenApi\\Analysis->validate()
#8 /Users/waltherstein/Documents/PROYECTOS/php_template/vendor/darkaonline/l5-swagger/src/Generator.php(177): OpenApi\\Generator->generate(Object(OpenApi\\SourceFinder), Object(OpenApi\\Analysis))
#9 /Users/waltherstein/Documents/PROYECTOS/php_template/vendor/darkaonline/l5-swagger/src/Generator.php(118): L5Swagger\\Generator->scanFilesForDocumentation()
#10 /Users/waltherstein/Documents/PROYECTOS/php_template/vendor/darkaonline/l5-swagger/src/Console/GenerateDocsCommand.php(73): L5Swagger\\Generator->generateDocs()
#11 /Users/waltherstein/Documents/PROYECTOS/php_template/vendor/darkaonline/l5-swagger/src/Console/GenerateDocsCommand.php(56): L5Swagger\\Console\\GenerateDocsCommand->generateDocumentation(Object(L5Swagger\\GeneratorFactory), 'default')
#12 /Users/waltherstein/Documents/PROYECTOS/php_template/vendor/laravel/framework/src/Illuminate/Container/BoundMethod.php(36): L5Swagger\\Console\\GenerateDocsCommand->handle(Object(L5Swagger\\GeneratorFactory))
#13 /Users/waltherstein/Documents/PROYECTOS/php_template/vendor/laravel/framework/src/Illuminate/Container/Util.php(43): Illuminate\\Container\\BoundMethod::{closure:Illuminate\\Container\\BoundMethod::call():35}()
#14 /Users/waltherstein/Documents/PROYECTOS/php_template/vendor/laravel/framework/src/Illuminate/Container/BoundMethod.php(95): Illuminate\\Container\\Util::unwrapIfClosure(Object(Closure))
#15 /Users/waltherstein/Documents/PROYECTOS/php_template/vendor/laravel/framework/src/Illuminate/Container/BoundMethod.php(35): Illuminate\\Container\\BoundMethod::callBoundMethod(Object(Illuminate\\Foundation\\Application), Array, Object(Closure))
#16 /Users/waltherstein/Documents/PROYECTOS/php_template/vendor/laravel/framework/src/Illuminate/Container/Container.php(696): Illuminate\\Container\\BoundMethod::call(Object(Illuminate\\Foundation\\Application), Array, Array, NULL)
#17 /Users/waltherstein/Documents/PROYECTOS/php_template/vendor/laravel/framework/src/Illuminate/Console/Command.php(213): Illuminate\\Container\\Container->call(Array)
#18 /Users/waltherstein/Documents/PROYECTOS/php_template/vendor/symfony/console/Command/Command.php(341): Illuminate\\Console\\Command->execute(Object(Symfony\\Component\\Console\\Input\\ArgvInput), Object(Illuminate\\Console\\OutputStyle))
#19 /Users/waltherstein/Documents/PROYECTOS/php_template/vendor/laravel/framework/src/Illuminate/Console/Command.php(182): Symfony\\Component\\Console\\Command\\Command->run(Object(Symfony\\Component\\Console\\Input\\ArgvInput), Object(Illuminate\\Console\\OutputStyle))
#20 /Users/waltherstein/Documents/PROYECTOS/php_template/vendor/symfony/console/Application.php(1117): Illuminate\\Console\\Command->run(Object(Symfony\\Component\\Console\\Input\\ArgvInput), Object(Symfony\\Component\\Console\\Output\\ConsoleOutput))
#21 /Users/waltherstein/Documents/PROYECTOS/php_template/vendor/symfony/console/Application.php(356): Symfony\\Component\\Console\\Application->doRunCommand(Object(L5Swagger\\Console\\GenerateDocsCommand), Object(Symfony\\Component\\Console\\Input\\ArgvInput), Object(Symfony\\Component\\Console\\Output\\ConsoleOutput))
#22 /Users/waltherstein/Documents/PROYECTOS/php_template/vendor/symfony/console/Application.php(195): Symfony\\Component\\Console\\Application->doRun(Object(Symfony\\Component\\Console\\Input\\ArgvInput), Object(Symfony\\Component\\Console\\Output\\ConsoleOutput))
#23 /Users/waltherstein/Documents/PROYECTOS/php_template/vendor/laravel/framework/src/Illuminate/Foundation/Console/Kernel.php(198): Symfony\\Component\\Console\\Application->run(Object(Symfony\\Component\\Console\\Input\\ArgvInput), Object(Symfony\\Component\\Console\\Output\\ConsoleOutput))
#24 /Users/waltherstein/Documents/PROYECTOS/php_template/artisan(14): Illuminate\\Foundation\\Console\\Kernel->handle(Object(Symfony\\Component\\Console\\Input\\ArgvInput), Object(Symfony\\Component\\Console\\Output\\ConsoleOutput))
#25 {main}
"} 
[2026-05-14 15:51:27] local.ERROR: Required @OA\Info() not found {"exception":"[object] (ErrorException(code: 0): Required @OA\\Info() not found at /Users/waltherstein/Documents/PROYECTOS/php_template/vendor/zircote/swagger-php/src/Loggers/DefaultLogger.php:23)
[stacktrace]
#0 /Users/waltherstein/Documents/PROYECTOS/php_template/vendor/laravel/framework/src/Illuminate/Foundation/Bootstrap/HandleExceptions.php(258): Illuminate\\Foundation\\Bootstrap\\HandleExceptions->handleError(512, 'Required @OA\\\\In...', '/Users/walthers...', 23)
#1 [internal function]: Illuminate\\Foundation\\Bootstrap\\HandleExceptions->{closure:Illuminate\\Foundation\\Bootstrap\\HandleExceptions::forwardsTo():257}(512, 'Required @OA\\\\In...', '/Users/walthers...', 23)
#2 /Users/waltherstein/Documents/PROYECTOS/php_template/vendor/zircote/swagger-php/src/Loggers/DefaultLogger.php(23): trigger_error('Required @OA\\\\In...', 512)
#3 /Users/waltherstein/Documents/PROYECTOS/php_template/vendor/psr/log/src/LoggerTrait.php(61): OpenApi\\Loggers\\DefaultLogger->log('warning', 'Required @OA\\\\In...', Array)
#4 /Users/waltherstein/Documents/PROYECTOS/php_template/vendor/zircote/swagger-php/src/Annotations/AbstractAnnotation.php(549): Psr\\Log\\AbstractLogger->warning('Required @OA\\\\In...')
#5 /Users/waltherstein/Documents/PROYECTOS/php_template/vendor/zircote/swagger-php/src/Annotations/OpenApi.php(162): OpenApi\\Annotations\\AbstractAnnotation->validate(Object(OpenApi\\Analysis), '3.0.0', Object(stdClass))
#6 /Users/waltherstein/Documents/PROYECTOS/php_template/vendor/zircote/swagger-php/src/Analysis.php(402): OpenApi\\Annotations\\OpenApi->validate(Object(OpenApi\\Analysis), '3.0.0', Object(stdClass))
#7 /Users/waltherstein/Documents/PROYECTOS/php_template/vendor/zircote/swagger-php/src/Generator.php(408): OpenApi\\Analysis->validate()
#8 /Users/waltherstein/Documents/PROYECTOS/php_template/vendor/darkaonline/l5-swagger/src/Generator.php(177): OpenApi\\Generator->generate(Object(OpenApi\\SourceFinder), Object(OpenApi\\Analysis))
#9 /Users/waltherstein/Documents/PROYECTOS/php_template/vendor/darkaonline/l5-swagger/src/Generator.php(118): L5Swagger\\Generator->scanFilesForDocumentation()
#10 /Users/waltherstein/Documents/PROYECTOS/php_template/vendor/darkaonline/l5-swagger/src/Console/GenerateDocsCommand.php(73): L5Swagger\\Generator->generateDocs()
#11 /Users/waltherstein/Documents/PROYECTOS/php_template/vendor/darkaonline/l5-swagger/src/Console/GenerateDocsCommand.php(56): L5Swagger\\Console\\GenerateDocsCommand->generateDocumentation(Object(L5Swagger\\GeneratorFactory), 'default')
#12 /Users/waltherstein/Documents/PROYECTOS/php_template/vendor/laravel/framework/src/Illuminate/Container/BoundMethod.php(36): L5Swagger\\Console\\GenerateDocsCommand->handle(Object(L5Swagger\\GeneratorFactory))
#13 /Users/waltherstein/Documents/PROYECTOS/php_template/vendor/laravel/framework/src/Illuminate/Container/Util.php(43): Illuminate\\Container\\BoundMethod::{closure:Illuminate\\Container\\BoundMethod::call():35}()
#14 /Users/waltherstein/Documents/PROYECTOS/php_template/vendor/laravel/framework/src/Illuminate/Container/BoundMethod.php(95): Illuminate\\Container\\Util::unwrapIfClosure(Object(Closure))
#15 /Users/waltherstein/Documents/PROYECTOS/php_template/vendor/laravel/framework/src/Illuminate/Container/BoundMethod.php(35): Illuminate\\Container\\BoundMethod::callBoundMethod(Object(Illuminate\\Foundation\\Application), Array, Object(Closure))
#16 /Users/waltherstein/Documents/PROYECTOS/php_template/vendor/laravel/framework/src/Illuminate/Container/Container.php(696): Illuminate\\Container\\BoundMethod::call(Object(Illuminate\\Foundation\\Application), Array, Array, NULL)
#17 /Users/waltherstein/Documents/PROYECTOS/php_template/vendor/laravel/framework/src/Illuminate/Console/Command.php(213): Illuminate\\Container\\Container->call(Array)
#18 /Users/waltherstein/Documents/PROYECTOS/php_template/vendor/symfony/console/Command/Command.php(341): Illuminate\\Console\\Command->execute(Object(Symfony\\Component\\Console\\Input\\ArgvInput), Object(Illuminate\\Console\\OutputStyle))
#19 /Users/waltherstein/Documents/PROYECTOS/php_template/vendor/laravel/framework/src/Illuminate/Console/Command.php(182): Symfony\\Component\\Console\\Command\\Command->run(Object(Symfony\\Component\\Console\\Input\\ArgvInput), Object(Illuminate\\Console\\OutputStyle))
#20 /Users/waltherstein/Documents/PROYECTOS/php_template/vendor/symfony/console/Application.php(1117): Illuminate\\Console\\Command->run(Object(Symfony\\Component\\Console\\Input\\ArgvInput), Object(Symfony\\Component\\Console\\Output\\ConsoleOutput))
#21 /Users/waltherstein/Documents/PROYECTOS/php_template/vendor/symfony/console/Application.php(356): Symfony\\Component\\Console\\Application->doRunCommand(Object(L5Swagger\\Console\\GenerateDocsCommand), Object(Symfony\\Component\\Console\\Input\\ArgvInput), Object(Symfony\\Component\\Console\\Output\\ConsoleOutput))
#22 /Users/waltherstein/Documents/PROYECTOS/php_template/vendor/symfony/console/Application.php(195): Symfony\\Component\\Console\\Application->doRun(Object(Symfony\\Component\\Console\\Input\\ArgvInput), Object(Symfony\\Component\\Console\\Output\\ConsoleOutput))
#23 /Users/waltherstein/Documents/PROYECTOS/php_template/vendor/laravel/framework/src/Illuminate/Foundation/Console/Kernel.php(198): Symfony\\Component\\Console\\Application->run(Object(Symfony\\Component\\Console\\Input\\ArgvInput), Object(Symfony\\Component\\Console\\Output\\ConsoleOutput))
#24 /Users/waltherstein/Documents/PROYECTOS/php_template/artisan(14): Illuminate\\Foundation\\Console\\Kernel->handle(Object(Symfony\\Component\\Console\\Input\\ArgvInput), Object(Symfony\\Component\\Console\\Output\\ConsoleOutput))
#25 {main}
"} 
[2026-05-14 15:53:56] local.ERROR: Required @OA\Info() not found {"exception":"[object] (ErrorException(code: 0): Required @OA\\Info() not found at /Users/waltherstein/Documents/PROYECTOS/php_template/vendor/zircote/swagger-php/src/Loggers/DefaultLogger.php:23)
[stacktrace]
#0 /Users/waltherstein/Documents/PROYECTOS/php_template/vendor/laravel/framework/src/Illuminate/Foundation/Bootstrap/HandleExceptions.php(258): Illuminate\\Foundation\\Bootstrap\\HandleExceptions->handleError(512, 'Required @OA\\\\In...', '/Users/walthers...', 23)
#1 [internal function]: Illuminate\\Foundation\\Bootstrap\\HandleExceptions->{closure:Illuminate\\Foundation\\Bootstrap\\HandleExceptions::forwardsTo():257}(512, 'Required @OA\\\\In...', '/Users/walthers...', 23)
#2 /Users/waltherstein/Documents/PROYECTOS/php_template/vendor/zircote/swagger-php/src/Loggers/DefaultLogger.php(23): trigger_error('Required @OA\\\\In...', 512)
#3 /Users/waltherstein/Documents/PROYECTOS/php_template/vendor/psr/log/src/LoggerTrait.php(61): OpenApi\\Loggers\\DefaultLogger->log('warning', 'Required @OA\\\\In...', Array)
#4 /Users/waltherstein/Documents/PROYECTOS/php_template/vendor/zircote/swagger-php/src/Annotations/AbstractAnnotation.php(549): Psr\\Log\\AbstractLogger->warning('Required @OA\\\\In...')
#5 /Users/waltherstein/Documents/PROYECTOS/php_template/vendor/zircote/swagger-php/src/Annotations/OpenApi.php(162): OpenApi\\Annotations\\AbstractAnnotation->validate(Object(OpenApi\\Analysis), '3.0.0', Object(stdClass))
#6 /Users/waltherstein/Documents/PROYECTOS/php_template/vendor/zircote/swagger-php/src/Analysis.php(402): OpenApi\\Annotations\\OpenApi->validate(Object(OpenApi\\Analysis), '3.0.0', Object(stdClass))
#7 /Users/waltherstein/Documents/PROYECTOS/php_template/vendor/zircote/swagger-php/src/Generator.php(408): OpenApi\\Analysis->validate()
#8 /Users/waltherstein/Documents/PROYECTOS/php_template/vendor/darkaonline/l5-swagger/src/Generator.php(177): OpenApi\\Generator->generate(Object(OpenApi\\SourceFinder), Object(OpenApi\\Analysis))
#9 /Users/waltherstein/Documents/PROYECTOS/php_template/vendor/darkaonline/l5-swagger/src/Generator.php(118): L5Swagger\\Generator->scanFilesForDocumentation()
#10 /Users/waltherstein/Documents/PROYECTOS/php_template/vendor/darkaonline/l5-swagger/src/Console/GenerateDocsCommand.php(73): L5Swagger\\Generator->generateDocs()
#11 /Users/waltherstein/Documents/PROYECTOS/php_template/vendor/darkaonline/l5-swagger/src/Console/GenerateDocsCommand.php(56): L5Swagger\\Console\\GenerateDocsCommand->generateDocumentation(Object(L5Swagger\\GeneratorFactory), 'default')
#12 /Users/waltherstein/Documents/PROYECTOS/php_template/vendor/laravel/framework/src/Illuminate/Container/BoundMethod.php(36): L5Swagger\\Console\\GenerateDocsCommand->handle(Object(L5Swagger\\GeneratorFactory))
#13 /Users/waltherstein/Documents/PROYECTOS/php_template/vendor/laravel/framework/src/Illuminate/Container/Util.php(43): Illuminate\\Container\\BoundMethod::{closure:Illuminate\\Container\\BoundMethod::call():35}()
#14 /Users/waltherstein/Documents/PROYECTOS/php_template/vendor/laravel/framework/src/Illuminate/Container/BoundMethod.php(95): Illuminate\\Container\\Util::unwrapIfClosure(Object(Closure))
#15 /Users/waltherstein/Documents/PROYECTOS/php_template/vendor/laravel/framework/src/Illuminate/Container/BoundMethod.php(35): Illuminate\\Container\\BoundMethod::callBoundMethod(Object(Illuminate\\Foundation\\Application), Array, Object(Closure))
#16 /Users/waltherstein/Documents/PROYECTOS/php_template/vendor/laravel/framework/src/Illuminate/Container/Container.php(696): Illuminate\\Container\\BoundMethod::call(Object(Illuminate\\Foundation\\Application), Array, Array, NULL)
#17 /Users/waltherstein/Documents/PROYECTOS/php_template/vendor/laravel/framework/src/Illuminate/Console/Command.php(213): Illuminate\\Container\\Container->call(Array)
#18 /Users/waltherstein/Documents/PROYECTOS/php_template/vendor/symfony/console/Command/Command.php(341): Illuminate\\Console\\Command->execute(Object(Symfony\\Component\\Console\\Input\\ArgvInput), Object(Illuminate\\Console\\OutputStyle))
#19 /Users/waltherstein/Documents/PROYECTOS/php_template/vendor/laravel/framework/src/Illuminate/Console/Command.php(182): Symfony\\Component\\Console\\Command\\Command->run(Object(Symfony\\Component\\Console\\Input\\ArgvInput), Object(Illuminate\\Console\\OutputStyle))
#20 /Users/waltherstein/Documents/PROYECTOS/php_template/vendor/symfony/console/Application.php(1117): Illuminate\\Console\\Command->run(Object(Symfony\\Component\\Console\\Input\\ArgvInput), Object(Symfony\\Component\\Console\\Output\\ConsoleOutput))
#21 /Users/waltherstein/Documents/PROYECTOS/php_template/vendor/symfony/console/Application.php(356): Symfony\\Component\\Console\\Application->doRunCommand(Object(L5Swagger\\Console\\GenerateDocsCommand), Object(Symfony\\Component\\Console\\Input\\ArgvInput), Object(Symfony\\Component\\Console\\Output\\ConsoleOutput))
#22 /Users/waltherstein/Documents/PROYECTOS/php_template/vendor/symfony/console/Application.php(195): Symfony\\Component\\Console\\Application->doRun(Object(Symfony\\Component\\Console\\Input\\ArgvInput), Object(Symfony\\Component\\Console\\Output\\ConsoleOutput))
#23 /Users/waltherstein/Documents/PROYECTOS/php_template/vendor/laravel/framework/src/Illuminate/Foundation/Console/Kernel.php(198): Symfony\\Component\\Console\\Application->run(Object(Symfony\\Component\\Console\\Input\\ArgvInput), Object(Symfony\\Component\\Console\\Output\\ConsoleOutput))
#24 /Users/waltherstein/Documents/PROYECTOS/php_template/artisan(14): Illuminate\\Foundation\\Console\\Kernel->handle(Object(Symfony\\Component\\Console\\Input\\ArgvInput), Object(Symfony\\Component\\Console\\Output\\ConsoleOutput))
#25 {main}
"} 
[2026-05-14 15:54:27] local.ERROR: Required @OA\Info() not found {"exception":"[object] (ErrorException(code: 0): Required @OA\\Info() not found at /Users/waltherstein/Documents/PROYECTOS/php_template/vendor/zircote/swagger-php/src/Loggers/DefaultLogger.php:23)
[stacktrace]
#0 /Users/waltherstein/Documents/PROYECTOS/php_template/vendor/laravel/framework/src/Illuminate/Foundation/Bootstrap/HandleExceptions.php(258): Illuminate\\Foundation\\Bootstrap\\HandleExceptions->handleError(512, 'Required @OA\\\\In...', '/Users/walthers...', 23)
#1 [internal function]: Illuminate\\Foundation\\Bootstrap\\HandleExceptions->{closure:Illuminate\\Foundation\\Bootstrap\\HandleExceptions::forwardsTo():257}(512, 'Required @OA\\\\In...', '/Users/walthers...', 23)
#2 /Users/waltherstein/Documents/PROYECTOS/php_template/vendor/zircote/swagger-php/src/Loggers/DefaultLogger.php(23): trigger_error('Required @OA\\\\In...', 512)
#3 /Users/waltherstein/Documents/PROYECTOS/php_template/vendor/psr/log/src/LoggerTrait.php(61): OpenApi\\Loggers\\DefaultLogger->log('warning', 'Required @OA\\\\In...', Array)
#4 /Users/waltherstein/Documents/PROYECTOS/php_template/vendor/zircote/swagger-php/src/Annotations/AbstractAnnotation.php(549): Psr\\Log\\AbstractLogger->warning('Required @OA\\\\In...')
#5 /Users/waltherstein/Documents/PROYECTOS/php_template/vendor/zircote/swagger-php/src/Annotations/OpenApi.php(162): OpenApi\\Annotations\\AbstractAnnotation->validate(Object(OpenApi\\Analysis), '3.0.0', Object(stdClass))
#6 /Users/waltherstein/Documents/PROYECTOS/php_template/vendor/zircote/swagger-php/src/Analysis.php(402): OpenApi\\Annotations\\OpenApi->validate(Object(OpenApi\\Analysis), '3.0.0', Object(stdClass))
#7 /Users/waltherstein/Documents/PROYECTOS/php_template/vendor/zircote/swagger-php/src/Generator.php(408): OpenApi\\Analysis->validate()
#8 /Users/waltherstein/Documents/PROYECTOS/php_template/vendor/darkaonline/l5-swagger/src/Generator.php(177): OpenApi\\Generator->generate(Object(OpenApi\\SourceFinder), Object(OpenApi\\Analysis))
#9 /Users/waltherstein/Documents/PROYECTOS/php_template/vendor/darkaonline/l5-swagger/src/Generator.php(118): L5Swagger\\Generator->scanFilesForDocumentation()
#10 /Users/waltherstein/Documents/PROYECTOS/php_template/vendor/darkaonline/l5-swagger/src/Console/GenerateDocsCommand.php(73): L5Swagger\\Generator->generateDocs()
#11 /Users/waltherstein/Documents/PROYECTOS/php_template/vendor/darkaonline/l5-swagger/src/Console/GenerateDocsCommand.php(56): L5Swagger\\Console\\GenerateDocsCommand->generateDocumentation(Object(L5Swagger\\GeneratorFactory), 'default')
#12 /Users/waltherstein/Documents/PROYECTOS/php_template/vendor/laravel/framework/src/Illuminate/Container/BoundMethod.php(36): L5Swagger\\Console\\GenerateDocsCommand->handle(Object(L5Swagger\\GeneratorFactory))
#13 /Users/waltherstein/Documents/PROYECTOS/php_template/vendor/laravel/framework/src/Illuminate/Container/Util.php(43): Illuminate\\Container\\BoundMethod::{closure:Illuminate\\Container\\BoundMethod::call():35}()
#14 /Users/waltherstein/Documents/PROYECTOS/php_template/vendor/laravel/framework/src/Illuminate/Container/BoundMethod.php(95): Illuminate\\Container\\Util::unwrapIfClosure(Object(Closure))
#15 /Users/waltherstein/Documents/PROYECTOS/php_template/vendor/laravel/framework/src/Illuminate/Container/BoundMethod.php(35): Illuminate\\Container\\BoundMethod::callBoundMethod(Object(Illuminate\\Foundation\\Application), Array, Object(Closure))
#16 /Users/waltherstein/Documents/PROYECTOS/php_template/vendor/laravel/framework/src/Illuminate/Container/Container.php(696): Illuminate\\Container\\BoundMethod::call(Object(Illuminate\\Foundation\\Application), Array, Array, NULL)
#17 /Users/waltherstein/Documents/PROYECTOS/php_template/vendor/laravel/framework/src/Illuminate/Console/Command.php(213): Illuminate\\Container\\Container->call(Array)
#18 /Users/waltherstein/Documents/PROYECTOS/php_template/vendor/symfony/console/Command/Command.php(341): Illuminate\\Console\\Command->execute(Object(Symfony\\Component\\Console\\Input\\ArgvInput), Object(Illuminate\\Console\\OutputStyle))
#19 /Users/waltherstein/Documents/PROYECTOS/php_template/vendor/laravel/framework/src/Illuminate/Console/Command.php(182): Symfony\\Component\\Console\\Command\\Command->run(Object(Symfony\\Component\\Console\\Input\\ArgvInput), Object(Illuminate\\Console\\OutputStyle))
#20 /Users/waltherstein/Documents/PROYECTOS/php_template/vendor/symfony/console/Application.php(1117): Illuminate\\Console\\Command->run(Object(Symfony\\Component\\Console\\Input\\ArgvInput), Object(Symfony\\Component\\Console\\Output\\ConsoleOutput))
#21 /Users/waltherstein/Documents/PROYECTOS/php_template/vendor/symfony/console/Application.php(356): Symfony\\Component\\Console\\Application->doRunCommand(Object(L5Swagger\\Console\\GenerateDocsCommand), Object(Symfony\\Component\\Console\\Input\\ArgvInput), Object(Symfony\\Component\\Console\\Output\\ConsoleOutput))
#22 /Users/waltherstein/Documents/PROYECTOS/php_template/vendor/symfony/console/Application.php(195): Symfony\\Component\\Console\\Application->doRun(Object(Symfony\\Component\\Console\\Input\\ArgvInput), Object(Symfony\\Component\\Console\\Output\\ConsoleOutput))
#23 /Users/waltherstein/Documents/PROYECTOS/php_template/vendor/laravel/framework/src/Illuminate/Foundation/Console/Kernel.php(198): Symfony\\Component\\Console\\Application->run(Object(Symfony\\Component\\Console\\Input\\ArgvInput), Object(Symfony\\Component\\Console\\Output\\ConsoleOutput))
#24 /Users/waltherstein/Documents/PROYECTOS/php_template/artisan(14): Illuminate\\Foundation\\Console\\Kernel->handle(Object(Symfony\\Component\\Console\\Input\\ArgvInput), Object(Symfony\\Component\\Console\\Output\\ConsoleOutput))
#25 {main}
"} 
[2026-05-14 15:55:00] local.ERROR: Skipping unknown App\Http\Controllers\ApiDocsController {"exception":"[object] (ErrorException(code: 0): Skipping unknown App\\Http\\Controllers\\ApiDocsController at /Users/waltherstein/Documents/PROYECTOS/php_template/vendor/zircote/swagger-php/src/Loggers/DefaultLogger.php:23)
[stacktrace]
#0 /Users/waltherstein/Documents/PROYECTOS/php_template/vendor/laravel/framework/src/Illuminate/Foundation/Bootstrap/HandleExceptions.php(258): Illuminate\\Foundation\\Bootstrap\\HandleExceptions->handleError(512, 'Skipping unknow...', '/Users/walthers...', 23)
#1 [internal function]: Illuminate\\Foundation\\Bootstrap\\HandleExceptions->{closure:Illuminate\\Foundation\\Bootstrap\\HandleExceptions::forwardsTo():257}(512, 'Skipping unknow...', '/Users/walthers...', 23)
#2 /Users/waltherstein/Documents/PROYECTOS/php_template/vendor/zircote/swagger-php/src/Loggers/DefaultLogger.php(23): trigger_error('Skipping unknow...', 512)
#3 /Users/waltherstein/Documents/PROYECTOS/php_template/vendor/psr/log/src/LoggerTrait.php(61): OpenApi\\Loggers\\DefaultLogger->log('warning', 'Skipping unknow...', Array)
#4 /Users/waltherstein/Documents/PROYECTOS/php_template/vendor/zircote/swagger-php/src/Analysers/ReflectionAnalyser.php(88): Psr\\Log\\AbstractLogger->warning('Skipping unknow...')
#5 /Users/waltherstein/Documents/PROYECTOS/php_template/vendor/zircote/swagger-php/src/Analysers/ReflectionAnalyser.php(62): OpenApi\\Analysers\\ReflectionAnalyser->analyzeFqdn('App\\\\Http\\\\Contro...', Object(OpenApi\\Analysis), Array)
#6 /Users/waltherstein/Documents/PROYECTOS/php_template/vendor/zircote/swagger-php/src/Generator.php(431): OpenApi\\Analysers\\ReflectionAnalyser->fromFile('/Users/walthers...', Object(OpenApi\\Context))
#7 /Users/waltherstein/Documents/PROYECTOS/php_template/vendor/zircote/swagger-php/src/Generator.php(394): OpenApi\\Generator->scanSources(Object(OpenApi\\SourceFinder), Object(OpenApi\\Analysis), Object(OpenApi\\Context))
#8 /Users/waltherstein/Documents/PROYECTOS/php_template/vendor/darkaonline/l5-swagger/src/Generator.php(177): OpenApi\\Generator->generate(Object(OpenApi\\SourceFinder), Object(OpenApi\\Analysis))
#9 /Users/waltherstein/Documents/PROYECTOS/php_template/vendor/darkaonline/l5-swagger/src/Generator.php(118): L5Swagger\\Generator->scanFilesForDocumentation()
#10 /Users/waltherstein/Documents/PROYECTOS/php_template/vendor/darkaonline/l5-swagger/src/Console/GenerateDocsCommand.php(73): L5Swagger\\Generator->generateDocs()
#11 /Users/waltherstein/Documents/PROYECTOS/php_template/vendor/darkaonline/l5-swagger/src/Console/GenerateDocsCommand.php(56): L5Swagger\\Console\\GenerateDocsCommand->generateDocumentation(Object(L5Swagger\\GeneratorFactory), 'default')
#12 /Users/waltherstein/Documents/PROYECTOS/php_template/vendor/laravel/framework/src/Illuminate/Container/BoundMethod.php(36): L5Swagger\\Console\\GenerateDocsCommand->handle(Object(L5Swagger\\GeneratorFactory))
#13 /Users/waltherstein/Documents/PROYECTOS/php_template/vendor/laravel/framework/src/Illuminate/Container/Util.php(43): Illuminate\\Container\\BoundMethod::{closure:Illuminate\\Container\\BoundMethod::call():35}()
#14 /Users/waltherstein/Documents/PROYECTOS/php_template/vendor/laravel/framework/src/Illuminate/Container/BoundMethod.php(95): Illuminate\\Container\\Util::unwrapIfClosure(Object(Closure))
#15 /Users/waltherstein/Documents/PROYECTOS/php_template/vendor/laravel/framework/src/Illuminate/Container/BoundMethod.php(35): Illuminate\\Container\\BoundMethod::callBoundMethod(Object(Illuminate\\Foundation\\Application), Array, Object(Closure))
#16 /Users/waltherstein/Documents/PROYECTOS/php_template/vendor/laravel/framework/src/Illuminate/Container/Container.php(696): Illuminate\\Container\\BoundMethod::call(Object(Illuminate\\Foundation\\Application), Array, Array, NULL)
#17 /Users/waltherstein/Documents/PROYECTOS/php_template/vendor/laravel/framework/src/Illuminate/Console/Command.php(213): Illuminate\\Container\\Container->call(Array)
#18 /Users/waltherstein/Documents/PROYECTOS/php_template/vendor/symfony/console/Command/Command.php(341): Illuminate\\Console\\Command->execute(Object(Symfony\\Component\\Console\\Input\\ArgvInput), Object(Illuminate\\Console\\OutputStyle))
#19 /Users/waltherstein/Documents/PROYECTOS/php_template/vendor/laravel/framework/src/Illuminate/Console/Command.php(182): Symfony\\Component\\Console\\Command\\Command->run(Object(Symfony\\Component\\Console\\Input\\ArgvInput), Object(Illuminate\\Console\\OutputStyle))
#20 /Users/waltherstein/Documents/PROYECTOS/php_template/vendor/symfony/console/Application.php(1117): Illuminate\\Console\\Command->run(Object(Symfony\\Component\\Console\\Input\\ArgvInput), Object(Symfony\\Component\\Console\\Output\\ConsoleOutput))
#21 /Users/waltherstein/Documents/PROYECTOS/php_template/vendor/symfony/console/Application.php(356): Symfony\\Component\\Console\\Application->doRunCommand(Object(L5Swagger\\Console\\GenerateDocsCommand), Object(Symfony\\Component\\Console\\Input\\ArgvInput), Object(Symfony\\Component\\Console\\Output\\ConsoleOutput))
#22 /Users/waltherstein/Documents/PROYECTOS/php_template/vendor/symfony/console/Application.php(195): Symfony\\Component\\Console\\Application->doRun(Object(Symfony\\Component\\Console\\Input\\ArgvInput), Object(Symfony\\Component\\Console\\Output\\ConsoleOutput))
#23 /Users/waltherstein/Documents/PROYECTOS/php_template/vendor/laravel/framework/src/Illuminate/Foundation/Console/Kernel.php(198): Symfony\\Component\\Console\\Application->run(Object(Symfony\\Component\\Console\\Input\\ArgvInput), Object(Symfony\\Component\\Console\\Output\\ConsoleOutput))
#24 /Users/waltherstein/Documents/PROYECTOS/php_template/artisan(14): Illuminate\\Foundation\\Console\\Kernel->handle(Object(Symfony\\Component\\Console\\Input\\ArgvInput), Object(Symfony\\Component\\Console\\Output\\ConsoleOutput))
#25 {main}
"} 
[2026-05-14 15:55:11] local.ERROR: Skipping unknown App\Http\Controllers\ApiDocsController {"exception":"[object] (ErrorException(code: 0): Skipping unknown App\\Http\\Controllers\\ApiDocsController at /Users/waltherstein/Documents/PROYECTOS/php_template/vendor/zircote/swagger-php/src/Loggers/DefaultLogger.php:23)
[stacktrace]
#0 /Users/waltherstein/Documents/PROYECTOS/php_template/vendor/laravel/framework/src/Illuminate/Foundation/Bootstrap/HandleExceptions.php(258): Illuminate\\Foundation\\Bootstrap\\HandleExceptions->handleError(512, 'Skipping unknow...', '/Users/walthers...', 23)
#1 [internal function]: Illuminate\\Foundation\\Bootstrap\\HandleExceptions->{closure:Illuminate\\Foundation\\Bootstrap\\HandleExceptions::forwardsTo():257}(512, 'Skipping unknow...', '/Users/walthers...', 23)
#2 /Users/waltherstein/Documents/PROYECTOS/php_template/vendor/zircote/swagger-php/src/Loggers/DefaultLogger.php(23): trigger_error('Skipping unknow...', 512)
#3 /Users/waltherstein/Documents/PROYECTOS/php_template/vendor/psr/log/src/LoggerTrait.php(61): OpenApi\\Loggers\\DefaultLogger->log('warning', 'Skipping unknow...', Array)
#4 /Users/waltherstein/Documents/PROYECTOS/php_template/vendor/zircote/swagger-php/src/Analysers/ReflectionAnalyser.php(88): Psr\\Log\\AbstractLogger->warning('Skipping unknow...')
#5 /Users/waltherstein/Documents/PROYECTOS/php_template/vendor/zircote/swagger-php/src/Analysers/ReflectionAnalyser.php(62): OpenApi\\Analysers\\ReflectionAnalyser->analyzeFqdn('App\\\\Http\\\\Contro...', Object(OpenApi\\Analysis), Array)
#6 /Users/waltherstein/Documents/PROYECTOS/php_template/vendor/zircote/swagger-php/src/Generator.php(431): OpenApi\\Analysers\\ReflectionAnalyser->fromFile('/Users/walthers...', Object(OpenApi\\Context))
#7 /Users/waltherstein/Documents/PROYECTOS/php_template/vendor/zircote/swagger-php/src/Generator.php(394): OpenApi\\Generator->scanSources(Object(OpenApi\\SourceFinder), Object(OpenApi\\Analysis), Object(OpenApi\\Context))
#8 /Users/waltherstein/Documents/PROYECTOS/php_template/vendor/darkaonline/l5-swagger/src/Generator.php(177): OpenApi\\Generator->generate(Object(OpenApi\\SourceFinder), Object(OpenApi\\Analysis))
#9 /Users/waltherstein/Documents/PROYECTOS/php_template/vendor/darkaonline/l5-swagger/src/Generator.php(118): L5Swagger\\Generator->scanFilesForDocumentation()
#10 /Users/waltherstein/Documents/PROYECTOS/php_template/vendor/darkaonline/l5-swagger/src/Console/GenerateDocsCommand.php(73): L5Swagger\\Generator->generateDocs()
#11 /Users/waltherstein/Documents/PROYECTOS/php_template/vendor/darkaonline/l5-swagger/src/Console/GenerateDocsCommand.php(56): L5Swagger\\Console\\GenerateDocsCommand->generateDocumentation(Object(L5Swagger\\GeneratorFactory), 'default')
#12 /Users/waltherstein/Documents/PROYECTOS/php_template/vendor/laravel/framework/src/Illuminate/Container/BoundMethod.php(36): L5Swagger\\Console\\GenerateDocsCommand->handle(Object(L5Swagger\\GeneratorFactory))
#13 /Users/waltherstein/Documents/PROYECTOS/php_template/vendor/laravel/framework/src/Illuminate/Container/Util.php(43): Illuminate\\Container\\BoundMethod::{closure:Illuminate\\Container\\BoundMethod::call():35}()
#14 /Users/waltherstein/Documents/PROYECTOS/php_template/vendor/laravel/framework/src/Illuminate/Container/BoundMethod.php(95): Illuminate\\Container\\Util::unwrapIfClosure(Object(Closure))
#15 /Users/waltherstein/Documents/PROYECTOS/php_template/vendor/laravel/framework/src/Illuminate/Container/BoundMethod.php(35): Illuminate\\Container\\BoundMethod::callBoundMethod(Object(Illuminate\\Foundation\\Application), Array, Object(Closure))
#16 /Users/waltherstein/Documents/PROYECTOS/php_template/vendor/laravel/framework/src/Illuminate/Container/Container.php(696): Illuminate\\Container\\BoundMethod::call(Object(Illuminate\\Foundation\\Application), Array, Array, NULL)
#17 /Users/waltherstein/Documents/PROYECTOS/php_template/vendor/laravel/framework/src/Illuminate/Console/Command.php(213): Illuminate\\Container\\Container->call(Array)
#18 /Users/waltherstein/Documents/PROYECTOS/php_template/vendor/symfony/console/Command/Command.php(341): Illuminate\\Console\\Command->execute(Object(Symfony\\Component\\Console\\Input\\ArgvInput), Object(Illuminate\\Console\\OutputStyle))
#19 /Users/waltherstein/Documents/PROYECTOS/php_template/vendor/laravel/framework/src/Illuminate/Console/Command.php(182): Symfony\\Component\\Console\\Command\\Command->run(Object(Symfony\\Component\\Console\\Input\\ArgvInput), Object(Illuminate\\Console\\OutputStyle))
#20 /Users/waltherstein/Documents/PROYECTOS/php_template/vendor/symfony/console/Application.php(1117): Illuminate\\Console\\Command->run(Object(Symfony\\Component\\Console\\Input\\ArgvInput), Object(Symfony\\Component\\Console\\Output\\ConsoleOutput))
#21 /Users/waltherstein/Documents/PROYECTOS/php_template/vendor/symfony/console/Application.php(356): Symfony\\Component\\Console\\Application->doRunCommand(Object(L5Swagger\\Console\\GenerateDocsCommand), Object(Symfony\\Component\\Console\\Input\\ArgvInput), Object(Symfony\\Component\\Console\\Output\\ConsoleOutput))
#22 /Users/waltherstein/Documents/PROYECTOS/php_template/vendor/symfony/console/Application.php(195): Symfony\\Component\\Console\\Application->doRun(Object(Symfony\\Component\\Console\\Input\\ArgvInput), Object(Symfony\\Component\\Console\\Output\\ConsoleOutput))
#23 /Users/waltherstein/Documents/PROYECTOS/php_template/vendor/laravel/framework/src/Illuminate/Foundation/Console/Kernel.php(198): Symfony\\Component\\Console\\Application->run(Object(Symfony\\Component\\Console\\Input\\ArgvInput), Object(Symfony\\Component\\Console\\Output\\ConsoleOutput))
#24 /Users/waltherstein/Documents/PROYECTOS/php_template/artisan(14): Illuminate\\Foundation\\Console\\Kernel->handle(Object(Symfony\\Component\\Console\\Input\\ArgvInput), Object(Symfony\\Component\\Console\\Output\\ConsoleOutput))
#25 {main}
"} 
[2026-05-14 15:55:27] local.ERROR: Skipping unknown App\Http\Controllers\ApiDocsController {"exception":"[object] (ErrorException(code: 0): Skipping unknown App\\Http\\Controllers\\ApiDocsController at /Users/waltherstein/Documents/PROYECTOS/php_template/vendor/zircote/swagger-php/src/Loggers/DefaultLogger.php:23)
[stacktrace]
#0 /Users/waltherstein/Documents/PROYECTOS/php_template/vendor/laravel/framework/src/Illuminate/Foundation/Bootstrap/HandleExceptions.php(258): Illuminate\\Foundation\\Bootstrap\\HandleExceptions->handleError(512, 'Skipping unknow...', '/Users/walthers...', 23)
#1 [internal function]: Illuminate\\Foundation\\Bootstrap\\HandleExceptions->{closure:Illuminate\\Foundation\\Bootstrap\\HandleExceptions::forwardsTo():257}(512, 'Skipping unknow...', '/Users/walthers...', 23)
#2 /Users/waltherstein/Documents/PROYECTOS/php_template/vendor/zircote/swagger-php/src/Loggers/DefaultLogger.php(23): trigger_error('Skipping unknow...', 512)
#3 /Users/waltherstein/Documents/PROYECTOS/php_template/vendor/psr/log/src/LoggerTrait.php(61): OpenApi\\Loggers\\DefaultLogger->log('warning', 'Skipping unknow...', Array)
#4 /Users/waltherstein/Documents/PROYECTOS/php_template/vendor/zircote/swagger-php/src/Analysers/ReflectionAnalyser.php(88): Psr\\Log\\AbstractLogger->warning('Skipping unknow...')
#5 /Users/waltherstein/Documents/PROYECTOS/php_template/vendor/zircote/swagger-php/src/Analysers/ReflectionAnalyser.php(62): OpenApi\\Analysers\\ReflectionAnalyser->analyzeFqdn('App\\\\Http\\\\Contro...', Object(OpenApi\\Analysis), Array)
#6 /Users/waltherstein/Documents/PROYECTOS/php_template/vendor/zircote/swagger-php/src/Generator.php(431): OpenApi\\Analysers\\ReflectionAnalyser->fromFile('/Users/walthers...', Object(OpenApi\\Context))
#7 /Users/waltherstein/Documents/PROYECTOS/php_template/vendor/zircote/swagger-php/src/Generator.php(394): OpenApi\\Generator->scanSources(Object(OpenApi\\SourceFinder), Object(OpenApi\\Analysis), Object(OpenApi\\Context))
#8 /Users/waltherstein/Documents/PROYECTOS/php_template/vendor/darkaonline/l5-swagger/src/Generator.php(177): OpenApi\\Generator->generate(Object(OpenApi\\SourceFinder), Object(OpenApi\\Analysis))
#9 /Users/waltherstein/Documents/PROYECTOS/php_template/vendor/darkaonline/l5-swagger/src/Generator.php(118): L5Swagger\\Generator->scanFilesForDocumentation()
#10 /Users/waltherstein/Documents/PROYECTOS/php_template/vendor/darkaonline/l5-swagger/src/Console/GenerateDocsCommand.php(73): L5Swagger\\Generator->generateDocs()
#11 /Users/waltherstein/Documents/PROYECTOS/php_template/vendor/darkaonline/l5-swagger/src/Console/GenerateDocsCommand.php(56): L5Swagger\\Console\\GenerateDocsCommand->generateDocumentation(Object(L5Swagger\\GeneratorFactory), 'default')
#12 /Users/waltherstein/Documents/PROYECTOS/php_template/vendor/laravel/framework/src/Illuminate/Container/BoundMethod.php(36): L5Swagger\\Console\\GenerateDocsCommand->handle(Object(L5Swagger\\GeneratorFactory))
#13 /Users/waltherstein/Documents/PROYECTOS/php_template/vendor/laravel/framework/src/Illuminate/Container/Util.php(43): Illuminate\\Container\\BoundMethod::{closure:Illuminate\\Container\\BoundMethod::call():35}()
#14 /Users/waltherstein/Documents/PROYECTOS/php_template/vendor/laravel/framework/src/Illuminate/Container/BoundMethod.php(95): Illuminate\\Container\\Util::unwrapIfClosure(Object(Closure))
#15 /Users/waltherstein/Documents/PROYECTOS/php_template/vendor/laravel/framework/src/Illuminate/Container/BoundMethod.php(35): Illuminate\\Container\\BoundMethod::callBoundMethod(Object(Illuminate\\Foundation\\Application), Array, Object(Closure))
#16 /Users/waltherstein/Documents/PROYECTOS/php_template/vendor/laravel/framework/src/Illuminate/Container/Container.php(696): Illuminate\\Container\\BoundMethod::call(Object(Illuminate\\Foundation\\Application), Array, Array, NULL)
#17 /Users/waltherstein/Documents/PROYECTOS/php_template/vendor/laravel/framework/src/Illuminate/Console/Command.php(213): Illuminate\\Container\\Container->call(Array)
#18 /Users/waltherstein/Documents/PROYECTOS/php_template/vendor/symfony/console/Command/Command.php(341): Illuminate\\Console\\Command->execute(Object(Symfony\\Component\\Console\\Input\\ArgvInput), Object(Illuminate\\Console\\OutputStyle))
#19 /Users/waltherstein/Documents/PROYECTOS/php_template/vendor/laravel/framework/src/Illuminate/Console/Command.php(182): Symfony\\Component\\Console\\Command\\Command->run(Object(Symfony\\Component\\Console\\Input\\ArgvInput), Object(Illuminate\\Console\\OutputStyle))
#20 /Users/waltherstein/Documents/PROYECTOS/php_template/vendor/symfony/console/Application.php(1117): Illuminate\\Console\\Command->run(Object(Symfony\\Component\\Console\\Input\\ArgvInput), Object(Symfony\\Component\\Console\\Output\\ConsoleOutput))
#21 /Users/waltherstein/Documents/PROYECTOS/php_template/vendor/symfony/console/Application.php(356): Symfony\\Component\\Console\\Application->doRunCommand(Object(L5Swagger\\Console\\GenerateDocsCommand), Object(Symfony\\Component\\Console\\Input\\ArgvInput), Object(Symfony\\Component\\Console\\Output\\ConsoleOutput))
#22 /Users/waltherstein/Documents/PROYECTOS/php_template/vendor/symfony/console/Application.php(195): Symfony\\Component\\Console\\Application->doRun(Object(Symfony\\Component\\Console\\Input\\ArgvInput), Object(Symfony\\Component\\Console\\Output\\ConsoleOutput))
#23 /Users/waltherstein/Documents/PROYECTOS/php_template/vendor/laravel/framework/src/Illuminate/Foundation/Console/Kernel.php(198): Symfony\\Component\\Console\\Application->run(Object(Symfony\\Component\\Console\\Input\\ArgvInput), Object(Symfony\\Component\\Console\\Output\\ConsoleOutput))
#24 /Users/waltherstein/Documents/PROYECTOS/php_template/artisan(14): Illuminate\\Foundation\\Console\\Kernel->handle(Object(Symfony\\Component\\Console\\Input\\ArgvInput), Object(Symfony\\Component\\Console\\Output\\ConsoleOutput))
#25 {main}
"} 
[2026-05-14 15:57:49] local.ERROR: Skipping unknown App\Http\Controllers\ApiDocsController {"exception":"[object] (ErrorException(code: 0): Skipping unknown App\\Http\\Controllers\\ApiDocsController at /Users/waltherstein/Documents/PROYECTOS/php_template/vendor/zircote/swagger-php/src/Loggers/DefaultLogger.php:23)
[stacktrace]
#0 /Users/waltherstein/Documents/PROYECTOS/php_template/vendor/laravel/framework/src/Illuminate/Foundation/Bootstrap/HandleExceptions.php(258): Illuminate\\Foundation\\Bootstrap\\HandleExceptions->handleError(512, 'Skipping unknow...', '/Users/walthers...', 23)
#1 [internal function]: Illuminate\\Foundation\\Bootstrap\\HandleExceptions->{closure:Illuminate\\Foundation\\Bootstrap\\HandleExceptions::forwardsTo():257}(512, 'Skipping unknow...', '/Users/walthers...', 23)
#2 /Users/waltherstein/Documents/PROYECTOS/php_template/vendor/zircote/swagger-php/src/Loggers/DefaultLogger.php(23): trigger_error('Skipping unknow...', 512)
#3 /Users/waltherstein/Documents/PROYECTOS/php_template/vendor/psr/log/src/LoggerTrait.php(61): OpenApi\\Loggers\\DefaultLogger->log('warning', 'Skipping unknow...', Array)
#4 /Users/waltherstein/Documents/PROYECTOS/php_template/vendor/zircote/swagger-php/src/Analysers/ReflectionAnalyser.php(88): Psr\\Log\\AbstractLogger->warning('Skipping unknow...')
#5 /Users/waltherstein/Documents/PROYECTOS/php_template/vendor/zircote/swagger-php/src/Analysers/ReflectionAnalyser.php(62): OpenApi\\Analysers\\ReflectionAnalyser->analyzeFqdn('App\\\\Http\\\\Contro...', Object(OpenApi\\Analysis), Array)
#6 /Users/waltherstein/Documents/PROYECTOS/php_template/vendor/zircote/swagger-php/src/Generator.php(431): OpenApi\\Analysers\\ReflectionAnalyser->fromFile('/Users/walthers...', Object(OpenApi\\Context))
#7 /Users/waltherstein/Documents/PROYECTOS/php_template/vendor/zircote/swagger-php/src/Generator.php(394): OpenApi\\Generator->scanSources(Object(OpenApi\\SourceFinder), Object(OpenApi\\Analysis), Object(OpenApi\\Context))
#8 /Users/waltherstein/Documents/PROYECTOS/php_template/vendor/darkaonline/l5-swagger/src/Generator.php(177): OpenApi\\Generator->generate(Object(OpenApi\\SourceFinder), Object(OpenApi\\Analysis))
#9 /Users/waltherstein/Documents/PROYECTOS/php_template/vendor/darkaonline/l5-swagger/src/Generator.php(118): L5Swagger\\Generator->scanFilesForDocumentation()
#10 /Users/waltherstein/Documents/PROYECTOS/php_template/vendor/darkaonline/l5-swagger/src/Console/GenerateDocsCommand.php(73): L5Swagger\\Generator->generateDocs()
#11 /Users/waltherstein/Documents/PROYECTOS/php_template/vendor/darkaonline/l5-swagger/src/Console/GenerateDocsCommand.php(56): L5Swagger\\Console\\GenerateDocsCommand->generateDocumentation(Object(L5Swagger\\GeneratorFactory), 'default')
#12 /Users/waltherstein/Documents/PROYECTOS/php_template/vendor/laravel/framework/src/Illuminate/Container/BoundMethod.php(36): L5Swagger\\Console\\GenerateDocsCommand->handle(Object(L5Swagger\\GeneratorFactory))
#13 /Users/waltherstein/Documents/PROYECTOS/php_template/vendor/laravel/framework/src/Illuminate/Container/Util.php(43): Illuminate\\Container\\BoundMethod::{closure:Illuminate\\Container\\BoundMethod::call():35}()
#14 /Users/waltherstein/Documents/PROYECTOS/php_template/vendor/laravel/framework/src/Illuminate/Container/BoundMethod.php(95): Illuminate\\Container\\Util::unwrapIfClosure(Object(Closure))
#15 /Users/waltherstein/Documents/PROYECTOS/php_template/vendor/laravel/framework/src/Illuminate/Container/BoundMethod.php(35): Illuminate\\Container\\BoundMethod::callBoundMethod(Object(Illuminate\\Foundation\\Application), Array, Object(Closure))
#16 /Users/waltherstein/Documents/PROYECTOS/php_template/vendor/laravel/framework/src/Illuminate/Container/Container.php(696): Illuminate\\Container\\BoundMethod::call(Object(Illuminate\\Foundation\\Application), Array, Array, NULL)
#17 /Users/waltherstein/Documents/PROYECTOS/php_template/vendor/laravel/framework/src/Illuminate/Console/Command.php(213): Illuminate\\Container\\Container->call(Array)
#18 /Users/waltherstein/Documents/PROYECTOS/php_template/vendor/symfony/console/Command/Command.php(341): Illuminate\\Console\\Command->execute(Object(Symfony\\Component\\Console\\Input\\ArgvInput), Object(Illuminate\\Console\\OutputStyle))
#19 /Users/waltherstein/Documents/PROYECTOS/php_template/vendor/laravel/framework/src/Illuminate/Console/Command.php(182): Symfony\\Component\\Console\\Command\\Command->run(Object(Symfony\\Component\\Console\\Input\\ArgvInput), Object(Illuminate\\Console\\OutputStyle))
#20 /Users/waltherstein/Documents/PROYECTOS/php_template/vendor/symfony/console/Application.php(1117): Illuminate\\Console\\Command->run(Object(Symfony\\Component\\Console\\Input\\ArgvInput), Object(Symfony\\Component\\Console\\Output\\ConsoleOutput))
#21 /Users/waltherstein/Documents/PROYECTOS/php_template/vendor/symfony/console/Application.php(356): Symfony\\Component\\Console\\Application->doRunCommand(Object(L5Swagger\\Console\\GenerateDocsCommand), Object(Symfony\\Component\\Console\\Input\\ArgvInput), Object(Symfony\\Component\\Console\\Output\\ConsoleOutput))
#22 /Users/waltherstein/Documents/PROYECTOS/php_template/vendor/symfony/console/Application.php(195): Symfony\\Component\\Console\\Application->doRun(Object(Symfony\\Component\\Console\\Input\\ArgvInput), Object(Symfony\\Component\\Console\\Output\\ConsoleOutput))
#23 /Users/waltherstein/Documents/PROYECTOS/php_template/vendor/laravel/framework/src/Illuminate/Foundation/Console/Kernel.php(198): Symfony\\Component\\Console\\Application->run(Object(Symfony\\Component\\Console\\Input\\ArgvInput), Object(Symfony\\Component\\Console\\Output\\ConsoleOutput))
#24 /Users/waltherstein/Documents/PROYECTOS/php_template/artisan(14): Illuminate\\Foundation\\Console\\Kernel->handle(Object(Symfony\\Component\\Console\\Input\\ArgvInput), Object(Symfony\\Component\\Console\\Output\\ConsoleOutput))
#25 {main}
"} 
[2026-05-14 15:58:20] local.ERROR: Skipping unknown App\Http\Controllers\ApiDocsController {"exception":"[object] (ErrorException(code: 0): Skipping unknown App\\Http\\Controllers\\ApiDocsController at /Users/waltherstein/Documents/PROYECTOS/php_template/vendor/zircote/swagger-php/src/Loggers/DefaultLogger.php:23)
[stacktrace]
#0 /Users/waltherstein/Documents/PROYECTOS/php_template/vendor/laravel/framework/src/Illuminate/Foundation/Bootstrap/HandleExceptions.php(258): Illuminate\\Foundation\\Bootstrap\\HandleExceptions->handleError(512, 'Skipping unknow...', '/Users/walthers...', 23)
#1 [internal function]: Illuminate\\Foundation\\Bootstrap\\HandleExceptions->{closure:Illuminate\\Foundation\\Bootstrap\\HandleExceptions::forwardsTo():257}(512, 'Skipping unknow...', '/Users/walthers...', 23)
#2 /Users/waltherstein/Documents/PROYECTOS/php_template/vendor/zircote/swagger-php/src/Loggers/DefaultLogger.php(23): trigger_error('Skipping unknow...', 512)
#3 /Users/waltherstein/Documents/PROYECTOS/php_template/vendor/psr/log/src/LoggerTrait.php(61): OpenApi\\Loggers\\DefaultLogger->log('warning', 'Skipping unknow...', Array)
#4 /Users/waltherstein/Documents/PROYECTOS/php_template/vendor/zircote/swagger-php/src/Analysers/ReflectionAnalyser.php(88): Psr\\Log\\AbstractLogger->warning('Skipping unknow...')
#5 /Users/waltherstein/Documents/PROYECTOS/php_template/vendor/zircote/swagger-php/src/Analysers/ReflectionAnalyser.php(62): OpenApi\\Analysers\\ReflectionAnalyser->analyzeFqdn('App\\\\Http\\\\Contro...', Object(OpenApi\\Analysis), Array)
#6 /Users/waltherstein/Documents/PROYECTOS/php_template/vendor/zircote/swagger-php/src/Generator.php(431): OpenApi\\Analysers\\ReflectionAnalyser->fromFile('/Users/walthers...', Object(OpenApi\\Context))
#7 /Users/waltherstein/Documents/PROYECTOS/php_template/vendor/zircote/swagger-php/src/Generator.php(394): OpenApi\\Generator->scanSources(Object(OpenApi\\SourceFinder), Object(OpenApi\\Analysis), Object(OpenApi\\Context))
#8 /Users/waltherstein/Documents/PROYECTOS/php_template/vendor/darkaonline/l5-swagger/src/Generator.php(177): OpenApi\\Generator->generate(Object(OpenApi\\SourceFinder), Object(OpenApi\\Analysis))
#9 /Users/waltherstein/Documents/PROYECTOS/php_template/vendor/darkaonline/l5-swagger/src/Generator.php(118): L5Swagger\\Generator->scanFilesForDocumentation()
#10 /Users/waltherstein/Documents/PROYECTOS/php_template/vendor/darkaonline/l5-swagger/src/Console/GenerateDocsCommand.php(73): L5Swagger\\Generator->generateDocs()
#11 /Users/waltherstein/Documents/PROYECTOS/php_template/vendor/darkaonline/l5-swagger/src/Console/GenerateDocsCommand.php(56): L5Swagger\\Console\\GenerateDocsCommand->generateDocumentation(Object(L5Swagger\\GeneratorFactory), 'default')
#12 /Users/waltherstein/Documents/PROYECTOS/php_template/vendor/laravel/framework/src/Illuminate/Container/BoundMethod.php(36): L5Swagger\\Console\\GenerateDocsCommand->handle(Object(L5Swagger\\GeneratorFactory))
#13 /Users/waltherstein/Documents/PROYECTOS/php_template/vendor/laravel/framework/src/Illuminate/Container/Util.php(43): Illuminate\\Container\\BoundMethod::{closure:Illuminate\\Container\\BoundMethod::call():35}()
#14 /Users/waltherstein/Documents/PROYECTOS/php_template/vendor/laravel/framework/src/Illuminate/Container/BoundMethod.php(95): Illuminate\\Container\\Util::unwrapIfClosure(Object(Closure))
#15 /Users/waltherstein/Documents/PROYECTOS/php_template/vendor/laravel/framework/src/Illuminate/Container/BoundMethod.php(35): Illuminate\\Container\\BoundMethod::callBoundMethod(Object(Illuminate\\Foundation\\Application), Array, Object(Closure))
#16 /Users/waltherstein/Documents/PROYECTOS/php_template/vendor/laravel/framework/src/Illuminate/Container/Container.php(696): Illuminate\\Container\\BoundMethod::call(Object(Illuminate\\Foundation\\Application), Array, Array, NULL)
#17 /Users/waltherstein/Documents/PROYECTOS/php_template/vendor/laravel/framework/src/Illuminate/Console/Command.php(213): Illuminate\\Container\\Container->call(Array)
#18 /Users/waltherstein/Documents/PROYECTOS/php_template/vendor/symfony/console/Command/Command.php(341): Illuminate\\Console\\Command->execute(Object(Symfony\\Component\\Console\\Input\\ArgvInput), Object(Illuminate\\Console\\OutputStyle))
#19 /Users/waltherstein/Documents/PROYECTOS/php_template/vendor/laravel/framework/src/Illuminate/Console/Command.php(182): Symfony\\Component\\Console\\Command\\Command->run(Object(Symfony\\Component\\Console\\Input\\ArgvInput), Object(Illuminate\\Console\\OutputStyle))
#20 /Users/waltherstein/Documents/PROYECTOS/php_template/vendor/symfony/console/Application.php(1117): Illuminate\\Console\\Command->run(Object(Symfony\\Component\\Console\\Input\\ArgvInput), Object(Symfony\\Component\\Console\\Output\\ConsoleOutput))
#21 /Users/waltherstein/Documents/PROYECTOS/php_template/vendor/symfony/console/Application.php(356): Symfony\\Component\\Console\\Application->doRunCommand(Object(L5Swagger\\Console\\GenerateDocsCommand), Object(Symfony\\Component\\Console\\Input\\ArgvInput), Object(Symfony\\Component\\Console\\Output\\ConsoleOutput))
#22 /Users/waltherstein/Documents/PROYECTOS/php_template/vendor/symfony/console/Application.php(195): Symfony\\Component\\Console\\Application->doRun(Object(Symfony\\Component\\Console\\Input\\ArgvInput), Object(Symfony\\Component\\Console\\Output\\ConsoleOutput))
#23 /Users/waltherstein/Documents/PROYECTOS/php_template/vendor/laravel/framework/src/Illuminate/Foundation/Console/Kernel.php(198): Symfony\\Component\\Console\\Application->run(Object(Symfony\\Component\\Console\\Input\\ArgvInput), Object(Symfony\\Component\\Console\\Output\\ConsoleOutput))
#24 /Users/waltherstein/Documents/PROYECTOS/php_template/artisan(14): Illuminate\\Foundation\\Console\\Kernel->handle(Object(Symfony\\Component\\Console\\Input\\ArgvInput), Object(Symfony\\Component\\Console\\Output\\ConsoleOutput))
#25 {main}
"} 
[2026-05-14 16:00:38] local.ERROR: Skipping unknown App\Http\Controllers\ApiDocsController {"exception":"[object] (ErrorException(code: 0): Skipping unknown App\\Http\\Controllers\\ApiDocsController at /Users/waltherstein/Documents/PROYECTOS/php_template/vendor/zircote/swagger-php/src/Loggers/DefaultLogger.php:23)
[stacktrace]
#0 /Users/waltherstein/Documents/PROYECTOS/php_template/vendor/laravel/framework/src/Illuminate/Foundation/Bootstrap/HandleExceptions.php(258): Illuminate\\Foundation\\Bootstrap\\HandleExceptions->handleError(512, 'Skipping unknow...', '/Users/walthers...', 23)
#1 [internal function]: Illuminate\\Foundation\\Bootstrap\\HandleExceptions->{closure:Illuminate\\Foundation\\Bootstrap\\HandleExceptions::forwardsTo():257}(512, 'Skipping unknow...', '/Users/walthers...', 23)
#2 /Users/waltherstein/Documents/PROYECTOS/php_template/vendor/zircote/swagger-php/src/Loggers/DefaultLogger.php(23): trigger_error('Skipping unknow...', 512)
#3 /Users/waltherstein/Documents/PROYECTOS/php_template/vendor/psr/log/src/LoggerTrait.php(61): OpenApi\\Loggers\\DefaultLogger->log('warning', 'Skipping unknow...', Array)
#4 /Users/waltherstein/Documents/PROYECTOS/php_template/vendor/zircote/swagger-php/src/Analysers/ReflectionAnalyser.php(88): Psr\\Log\\AbstractLogger->warning('Skipping unknow...')
#5 /Users/waltherstein/Documents/PROYECTOS/php_template/vendor/zircote/swagger-php/src/Analysers/ReflectionAnalyser.php(62): OpenApi\\Analysers\\ReflectionAnalyser->analyzeFqdn('App\\\\Http\\\\Contro...', Object(OpenApi\\Analysis), Array)
#6 /Users/waltherstein/Documents/PROYECTOS/php_template/vendor/zircote/swagger-php/src/Generator.php(431): OpenApi\\Analysers\\ReflectionAnalyser->fromFile('/Users/walthers...', Object(OpenApi\\Context))
#7 /Users/waltherstein/Documents/PROYECTOS/php_template/vendor/zircote/swagger-php/src/Generator.php(394): OpenApi\\Generator->scanSources(Object(OpenApi\\SourceFinder), Object(OpenApi\\Analysis), Object(OpenApi\\Context))
#8 /Users/waltherstein/Documents/PROYECTOS/php_template/vendor/darkaonline/l5-swagger/src/Generator.php(177): OpenApi\\Generator->generate(Object(OpenApi\\SourceFinder), Object(OpenApi\\Analysis))
#9 /Users/waltherstein/Documents/PROYECTOS/php_template/vendor/darkaonline/l5-swagger/src/Generator.php(118): L5Swagger\\Generator->scanFilesForDocumentation()
#10 /Users/waltherstein/Documents/PROYECTOS/php_template/vendor/darkaonline/l5-swagger/src/Console/GenerateDocsCommand.php(73): L5Swagger\\Generator->generateDocs()
#11 /Users/waltherstein/Documents/PROYECTOS/php_template/vendor/darkaonline/l5-swagger/src/Console/GenerateDocsCommand.php(56): L5Swagger\\Console\\GenerateDocsCommand->generateDocumentation(Object(L5Swagger\\GeneratorFactory), 'default')
#12 /Users/waltherstein/Documents/PROYECTOS/php_template/vendor/laravel/framework/src/Illuminate/Container/BoundMethod.php(36): L5Swagger\\Console\\GenerateDocsCommand->handle(Object(L5Swagger\\GeneratorFactory))
#13 /Users/waltherstein/Documents/PROYECTOS/php_template/vendor/laravel/framework/src/Illuminate/Container/Util.php(43): Illuminate\\Container\\BoundMethod::{closure:Illuminate\\Container\\BoundMethod::call():35}()
#14 /Users/waltherstein/Documents/PROYECTOS/php_template/vendor/laravel/framework/src/Illuminate/Container/BoundMethod.php(95): Illuminate\\Container\\Util::unwrapIfClosure(Object(Closure))
#15 /Users/waltherstein/Documents/PROYECTOS/php_template/vendor/laravel/framework/src/Illuminate/Container/BoundMethod.php(35): Illuminate\\Container\\BoundMethod::callBoundMethod(Object(Illuminate\\Foundation\\Application), Array, Object(Closure))
#16 /Users/waltherstein/Documents/PROYECTOS/php_template/vendor/laravel/framework/src/Illuminate/Container/Container.php(696): Illuminate\\Container\\BoundMethod::call(Object(Illuminate\\Foundation\\Application), Array, Array, NULL)
#17 /Users/waltherstein/Documents/PROYECTOS/php_template/vendor/laravel/framework/src/Illuminate/Console/Command.php(213): Illuminate\\Container\\Container->call(Array)
#18 /Users/waltherstein/Documents/PROYECTOS/php_template/vendor/symfony/console/Command/Command.php(341): Illuminate\\Console\\Command->execute(Object(Symfony\\Component\\Console\\Input\\ArgvInput), Object(Illuminate\\Console\\OutputStyle))
#19 /Users/waltherstein/Documents/PROYECTOS/php_template/vendor/laravel/framework/src/Illuminate/Console/Command.php(182): Symfony\\Component\\Console\\Command\\Command->run(Object(Symfony\\Component\\Console\\Input\\ArgvInput), Object(Illuminate\\Console\\OutputStyle))
#20 /Users/waltherstein/Documents/PROYECTOS/php_template/vendor/symfony/console/Application.php(1117): Illuminate\\Console\\Command->run(Object(Symfony\\Component\\Console\\Input\\ArgvInput), Object(Symfony\\Component\\Console\\Output\\ConsoleOutput))
#21 /Users/waltherstein/Documents/PROYECTOS/php_template/vendor/symfony/console/Application.php(356): Symfony\\Component\\Console\\Application->doRunCommand(Object(L5Swagger\\Console\\GenerateDocsCommand), Object(Symfony\\Component\\Console\\Input\\ArgvInput), Object(Symfony\\Component\\Console\\Output\\ConsoleOutput))
#22 /Users/waltherstein/Documents/PROYECTOS/php_template/vendor/symfony/console/Application.php(195): Symfony\\Component\\Console\\Application->doRun(Object(Symfony\\Component\\Console\\Input\\ArgvInput), Object(Symfony\\Component\\Console\\Output\\ConsoleOutput))
#23 /Users/waltherstein/Documents/PROYECTOS/php_template/vendor/laravel/framework/src/Illuminate/Foundation/Console/Kernel.php(198): Symfony\\Component\\Console\\Application->run(Object(Symfony\\Component\\Console\\Input\\ArgvInput), Object(Symfony\\Component\\Console\\Output\\ConsoleOutput))
#24 /Users/waltherstein/Documents/PROYECTOS/php_template/artisan(14): Illuminate\\Foundation\\Console\\Kernel->handle(Object(Symfony\\Component\\Console\\Input\\ArgvInput), Object(Symfony\\Component\\Console\\Output\\ConsoleOutput))
#25 {main}
"} 
[2026-05-14 16:00:51] local.ERROR: Skipping unknown App\Http\Controllers\ApiDocsController {"exception":"[object] (ErrorException(code: 0): Skipping unknown App\\Http\\Controllers\\ApiDocsController at /Users/waltherstein/Documents/PROYECTOS/php_template/vendor/zircote/swagger-php/src/Loggers/DefaultLogger.php:23)
[stacktrace]
#0 /Users/waltherstein/Documents/PROYECTOS/php_template/vendor/laravel/framework/src/Illuminate/Foundation/Bootstrap/HandleExceptions.php(258): Illuminate\\Foundation\\Bootstrap\\HandleExceptions->handleError(512, 'Skipping unknow...', '/Users/walthers...', 23)
#1 [internal function]: Illuminate\\Foundation\\Bootstrap\\HandleExceptions->{closure:Illuminate\\Foundation\\Bootstrap\\HandleExceptions::forwardsTo():257}(512, 'Skipping unknow...', '/Users/walthers...', 23)
#2 /Users/waltherstein/Documents/PROYECTOS/php_template/vendor/zircote/swagger-php/src/Loggers/DefaultLogger.php(23): trigger_error('Skipping unknow...', 512)
#3 /Users/waltherstein/Documents/PROYECTOS/php_template/vendor/psr/log/src/LoggerTrait.php(61): OpenApi\\Loggers\\DefaultLogger->log('warning', 'Skipping unknow...', Array)
#4 /Users/waltherstein/Documents/PROYECTOS/php_template/vendor/zircote/swagger-php/src/Analysers/ReflectionAnalyser.php(88): Psr\\Log\\AbstractLogger->warning('Skipping unknow...')
#5 /Users/waltherstein/Documents/PROYECTOS/php_template/vendor/zircote/swagger-php/src/Analysers/ReflectionAnalyser.php(62): OpenApi\\Analysers\\ReflectionAnalyser->analyzeFqdn('App\\\\Http\\\\Contro...', Object(OpenApi\\Analysis), Array)
#6 /Users/waltherstein/Documents/PROYECTOS/php_template/vendor/zircote/swagger-php/src/Generator.php(431): OpenApi\\Analysers\\ReflectionAnalyser->fromFile('/Users/walthers...', Object(OpenApi\\Context))
#7 /Users/waltherstein/Documents/PROYECTOS/php_template/vendor/zircote/swagger-php/src/Generator.php(394): OpenApi\\Generator->scanSources(Object(OpenApi\\SourceFinder), Object(OpenApi\\Analysis), Object(OpenApi\\Context))
#8 /Users/waltherstein/Documents/PROYECTOS/php_template/vendor/darkaonline/l5-swagger/src/Generator.php(177): OpenApi\\Generator->generate(Object(OpenApi\\SourceFinder), Object(OpenApi\\Analysis))
#9 /Users/waltherstein/Documents/PROYECTOS/php_template/vendor/darkaonline/l5-swagger/src/Generator.php(118): L5Swagger\\Generator->scanFilesForDocumentation()
#10 /Users/waltherstein/Documents/PROYECTOS/php_template/vendor/darkaonline/l5-swagger/src/Console/GenerateDocsCommand.php(73): L5Swagger\\Generator->generateDocs()
#11 /Users/waltherstein/Documents/PROYECTOS/php_template/vendor/darkaonline/l5-swagger/src/Console/GenerateDocsCommand.php(56): L5Swagger\\Console\\GenerateDocsCommand->generateDocumentation(Object(L5Swagger\\GeneratorFactory), 'default')
#12 /Users/waltherstein/Documents/PROYECTOS/php_template/vendor/laravel/framework/src/Illuminate/Container/BoundMethod.php(36): L5Swagger\\Console\\GenerateDocsCommand->handle(Object(L5Swagger\\GeneratorFactory))
#13 /Users/waltherstein/Documents/PROYECTOS/php_template/vendor/laravel/framework/src/Illuminate/Container/Util.php(43): Illuminate\\Container\\BoundMethod::{closure:Illuminate\\Container\\BoundMethod::call():35}()
#14 /Users/waltherstein/Documents/PROYECTOS/php_template/vendor/laravel/framework/src/Illuminate/Container/BoundMethod.php(95): Illuminate\\Container\\Util::unwrapIfClosure(Object(Closure))
#15 /Users/waltherstein/Documents/PROYECTOS/php_template/vendor/laravel/framework/src/Illuminate/Container/BoundMethod.php(35): Illuminate\\Container\\BoundMethod::callBoundMethod(Object(Illuminate\\Foundation\\Application), Array, Object(Closure))
#16 /Users/waltherstein/Documents/PROYECTOS/php_template/vendor/laravel/framework/src/Illuminate/Container/Container.php(696): Illuminate\\Container\\BoundMethod::call(Object(Illuminate\\Foundation\\Application), Array, Array, NULL)
#17 /Users/waltherstein/Documents/PROYECTOS/php_template/vendor/laravel/framework/src/Illuminate/Console/Command.php(213): Illuminate\\Container\\Container->call(Array)
#18 /Users/waltherstein/Documents/PROYECTOS/php_template/vendor/symfony/console/Command/Command.php(341): Illuminate\\Console\\Command->execute(Object(Symfony\\Component\\Console\\Input\\ArgvInput), Object(Illuminate\\Console\\OutputStyle))
#19 /Users/waltherstein/Documents/PROYECTOS/php_template/vendor/laravel/framework/src/Illuminate/Console/Command.php(182): Symfony\\Component\\Console\\Command\\Command->run(Object(Symfony\\Component\\Console\\Input\\ArgvInput), Object(Illuminate\\Console\\OutputStyle))
#20 /Users/waltherstein/Documents/PROYECTOS/php_template/vendor/symfony/console/Application.php(1117): Illuminate\\Console\\Command->run(Object(Symfony\\Component\\Console\\Input\\ArgvInput), Object(Symfony\\Component\\Console\\Output\\ConsoleOutput))
#21 /Users/waltherstein/Documents/PROYECTOS/php_template/vendor/symfony/console/Application.php(356): Symfony\\Component\\Console\\Application->doRunCommand(Object(L5Swagger\\Console\\GenerateDocsCommand), Object(Symfony\\Component\\Console\\Input\\ArgvInput), Object(Symfony\\Component\\Console\\Output\\ConsoleOutput))
#22 /Users/waltherstein/Documents/PROYECTOS/php_template/vendor/symfony/console/Application.php(195): Symfony\\Component\\Console\\Application->doRun(Object(Symfony\\Component\\Console\\Input\\ArgvInput), Object(Symfony\\Component\\Console\\Output\\ConsoleOutput))
#23 /Users/waltherstein/Documents/PROYECTOS/php_template/vendor/laravel/framework/src/Illuminate/Foundation/Console/Kernel.php(198): Symfony\\Component\\Console\\Application->run(Object(Symfony\\Component\\Console\\Input\\ArgvInput), Object(Symfony\\Component\\Console\\Output\\ConsoleOutput))
#24 /Users/waltherstein/Documents/PROYECTOS/php_template/artisan(14): Illuminate\\Foundation\\Console\\Kernel->handle(Object(Symfony\\Component\\Console\\Input\\ArgvInput), Object(Symfony\\Component\\Console\\Output\\ConsoleOutput))
#25 {main}
"} 
[2026-05-14 16:02:04] local.ERROR: Skipping unknown App\Http\Controllers\ApiDocsController {"exception":"[object] (ErrorException(code: 0): Skipping unknown App\\Http\\Controllers\\ApiDocsController at /Users/waltherstein/Documents/PROYECTOS/php_template/vendor/zircote/swagger-php/src/Loggers/DefaultLogger.php:23)
[stacktrace]
#0 /Users/waltherstein/Documents/PROYECTOS/php_template/vendor/laravel/framework/src/Illuminate/Foundation/Bootstrap/HandleExceptions.php(258): Illuminate\\Foundation\\Bootstrap\\HandleExceptions->handleError(512, 'Skipping unknow...', '/Users/walthers...', 23)
#1 [internal function]: Illuminate\\Foundation\\Bootstrap\\HandleExceptions->{closure:Illuminate\\Foundation\\Bootstrap\\HandleExceptions::forwardsTo():257}(512, 'Skipping unknow...', '/Users/walthers...', 23)
#2 /Users/waltherstein/Documents/PROYECTOS/php_template/vendor/zircote/swagger-php/src/Loggers/DefaultLogger.php(23): trigger_error('Skipping unknow...', 512)
#3 /Users/waltherstein/Documents/PROYECTOS/php_template/vendor/psr/log/src/LoggerTrait.php(61): OpenApi\\Loggers\\DefaultLogger->log('warning', 'Skipping unknow...', Array)
#4 /Users/waltherstein/Documents/PROYECTOS/php_template/vendor/zircote/swagger-php/src/Analysers/ReflectionAnalyser.php(88): Psr\\Log\\AbstractLogger->warning('Skipping unknow...')
#5 /Users/waltherstein/Documents/PROYECTOS/php_template/vendor/zircote/swagger-php/src/Analysers/ReflectionAnalyser.php(62): OpenApi\\Analysers\\ReflectionAnalyser->analyzeFqdn('App\\\\Http\\\\Contro...', Object(OpenApi\\Analysis), Array)
#6 /Users/waltherstein/Documents/PROYECTOS/php_template/vendor/zircote/swagger-php/src/Generator.php(431): OpenApi\\Analysers\\ReflectionAnalyser->fromFile('/Users/walthers...', Object(OpenApi\\Context))
#7 /Users/waltherstein/Documents/PROYECTOS/php_template/vendor/zircote/swagger-php/src/Generator.php(394): OpenApi\\Generator->scanSources(Object(OpenApi\\SourceFinder), Object(OpenApi\\Analysis), Object(OpenApi\\Context))
#8 /Users/waltherstein/Documents/PROYECTOS/php_template/vendor/darkaonline/l5-swagger/src/Generator.php(177): OpenApi\\Generator->generate(Object(OpenApi\\SourceFinder), Object(OpenApi\\Analysis))
#9 /Users/waltherstein/Documents/PROYECTOS/php_template/vendor/darkaonline/l5-swagger/src/Generator.php(118): L5Swagger\\Generator->scanFilesForDocumentation()
#10 /Users/waltherstein/Documents/PROYECTOS/php_template/vendor/darkaonline/l5-swagger/src/Console/GenerateDocsCommand.php(73): L5Swagger\\Generator->generateDocs()
#11 /Users/waltherstein/Documents/PROYECTOS/php_template/vendor/darkaonline/l5-swagger/src/Console/GenerateDocsCommand.php(56): L5Swagger\\Console\\GenerateDocsCommand->generateDocumentation(Object(L5Swagger\\GeneratorFactory), 'default')
#12 /Users/waltherstein/Documents/PROYECTOS/php_template/vendor/laravel/framework/src/Illuminate/Container/BoundMethod.php(36): L5Swagger\\Console\\GenerateDocsCommand->handle(Object(L5Swagger\\GeneratorFactory))
#13 /Users/waltherstein/Documents/PROYECTOS/php_template/vendor/laravel/framework/src/Illuminate/Container/Util.php(43): Illuminate\\Container\\BoundMethod::{closure:Illuminate\\Container\\BoundMethod::call():35}()
#14 /Users/waltherstein/Documents/PROYECTOS/php_template/vendor/laravel/framework/src/Illuminate/Container/BoundMethod.php(95): Illuminate\\Container\\Util::unwrapIfClosure(Object(Closure))
#15 /Users/waltherstein/Documents/PROYECTOS/php_template/vendor/laravel/framework/src/Illuminate/Container/BoundMethod.php(35): Illuminate\\Container\\BoundMethod::callBoundMethod(Object(Illuminate\\Foundation\\Application), Array, Object(Closure))
#16 /Users/waltherstein/Documents/PROYECTOS/php_template/vendor/laravel/framework/src/Illuminate/Container/Container.php(696): Illuminate\\Container\\BoundMethod::call(Object(Illuminate\\Foundation\\Application), Array, Array, NULL)
#17 /Users/waltherstein/Documents/PROYECTOS/php_template/vendor/laravel/framework/src/Illuminate/Console/Command.php(213): Illuminate\\Container\\Container->call(Array)
#18 /Users/waltherstein/Documents/PROYECTOS/php_template/vendor/symfony/console/Command/Command.php(341): Illuminate\\Console\\Command->execute(Object(Symfony\\Component\\Console\\Input\\ArgvInput), Object(Illuminate\\Console\\OutputStyle))
#19 /Users/waltherstein/Documents/PROYECTOS/php_template/vendor/laravel/framework/src/Illuminate/Console/Command.php(182): Symfony\\Component\\Console\\Command\\Command->run(Object(Symfony\\Component\\Console\\Input\\ArgvInput), Object(Illuminate\\Console\\OutputStyle))
#20 /Users/waltherstein/Documents/PROYECTOS/php_template/vendor/symfony/console/Application.php(1117): Illuminate\\Console\\Command->run(Object(Symfony\\Component\\Console\\Input\\ArgvInput), Object(Symfony\\Component\\Console\\Output\\ConsoleOutput))
#21 /Users/waltherstein/Documents/PROYECTOS/php_template/vendor/symfony/console/Application.php(356): Symfony\\Component\\Console\\Application->doRunCommand(Object(L5Swagger\\Console\\GenerateDocsCommand), Object(Symfony\\Component\\Console\\Input\\ArgvInput), Object(Symfony\\Component\\Console\\Output\\ConsoleOutput))
#22 /Users/waltherstein/Documents/PROYECTOS/php_template/vendor/symfony/console/Application.php(195): Symfony\\Component\\Console\\Application->doRun(Object(Symfony\\Component\\Console\\Input\\ArgvInput), Object(Symfony\\Component\\Console\\Output\\ConsoleOutput))
#23 /Users/waltherstein/Documents/PROYECTOS/php_template/vendor/laravel/framework/src/Illuminate/Foundation/Console/Kernel.php(198): Symfony\\Component\\Console\\Application->run(Object(Symfony\\Component\\Console\\Input\\ArgvInput), Object(Symfony\\Component\\Console\\Output\\ConsoleOutput))
#24 /Users/waltherstein/Documents/PROYECTOS/php_template/artisan(14): Illuminate\\Foundation\\Console\\Kernel->handle(Object(Symfony\\Component\\Console\\Input\\ArgvInput), Object(Symfony\\Component\\Console\\Output\\ConsoleOutput))
#25 {main}
"} 
[2026-05-14 16:33:04] local.ERROR: Skipping unknown App\Http\Controllers\ApiDocsController {"exception":"[object] (ErrorException(code: 0): Skipping unknown App\\Http\\Controllers\\ApiDocsController at /Users/waltherstein/Documents/PROYECTOS/php_template/vendor/zircote/swagger-php/src/Loggers/DefaultLogger.php:23)
[stacktrace]
#0 /Users/waltherstein/Documents/PROYECTOS/php_template/vendor/laravel/framework/src/Illuminate/Foundation/Bootstrap/HandleExceptions.php(258): Illuminate\\Foundation\\Bootstrap\\HandleExceptions->handleError(512, 'Skipping unknow...', '/Users/walthers...', 23)
#1 [internal function]: Illuminate\\Foundation\\Bootstrap\\HandleExceptions->{closure:Illuminate\\Foundation\\Bootstrap\\HandleExceptions::forwardsTo():257}(512, 'Skipping unknow...', '/Users/walthers...', 23)
#2 /Users/waltherstein/Documents/PROYECTOS/php_template/vendor/zircote/swagger-php/src/Loggers/DefaultLogger.php(23): trigger_error('Skipping unknow...', 512)
#3 /Users/waltherstein/Documents/PROYECTOS/php_template/vendor/psr/log/src/LoggerTrait.php(61): OpenApi\\Loggers\\DefaultLogger->log('warning', 'Skipping unknow...', Array)
#4 /Users/waltherstein/Documents/PROYECTOS/php_template/vendor/zircote/swagger-php/src/Analysers/ReflectionAnalyser.php(88): Psr\\Log\\AbstractLogger->warning('Skipping unknow...')
#5 /Users/waltherstein/Documents/PROYECTOS/php_template/vendor/zircote/swagger-php/src/Analysers/ReflectionAnalyser.php(62): OpenApi\\Analysers\\ReflectionAnalyser->analyzeFqdn('App\\\\Http\\\\Contro...', Object(OpenApi\\Analysis), Array)
#6 /Users/waltherstein/Documents/PROYECTOS/php_template/vendor/zircote/swagger-php/src/Generator.php(431): OpenApi\\Analysers\\ReflectionAnalyser->fromFile('/Users/walthers...', Object(OpenApi\\Context))
#7 /Users/waltherstein/Documents/PROYECTOS/php_template/vendor/zircote/swagger-php/src/Generator.php(394): OpenApi\\Generator->scanSources(Object(OpenApi\\SourceFinder), Object(OpenApi\\Analysis), Object(OpenApi\\Context))
#8 /Users/waltherstein/Documents/PROYECTOS/php_template/vendor/darkaonline/l5-swagger/src/Generator.php(177): OpenApi\\Generator->generate(Object(OpenApi\\SourceFinder), Object(OpenApi\\Analysis))
#9 /Users/waltherstein/Documents/PROYECTOS/php_template/vendor/darkaonline/l5-swagger/src/Generator.php(118): L5Swagger\\Generator->scanFilesForDocumentation()
#10 /Users/waltherstein/Documents/PROYECTOS/php_template/vendor/darkaonline/l5-swagger/src/Console/GenerateDocsCommand.php(73): L5Swagger\\Generator->generateDocs()
#11 /Users/waltherstein/Documents/PROYECTOS/php_template/vendor/darkaonline/l5-swagger/src/Console/GenerateDocsCommand.php(56): L5Swagger\\Console\\GenerateDocsCommand->generateDocumentation(Object(L5Swagger\\GeneratorFactory), 'default')
#12 /Users/waltherstein/Documents/PROYECTOS/php_template/vendor/laravel/framework/src/Illuminate/Container/BoundMethod.php(36): L5Swagger\\Console\\GenerateDocsCommand->handle(Object(L5Swagger\\GeneratorFactory))
#13 /Users/waltherstein/Documents/PROYECTOS/php_template/vendor/laravel/framework/src/Illuminate/Container/Util.php(43): Illuminate\\Container\\BoundMethod::{closure:Illuminate\\Container\\BoundMethod::call():35}()
#14 /Users/waltherstein/Documents/PROYECTOS/php_template/vendor/laravel/framework/src/Illuminate/Container/BoundMethod.php(95): Illuminate\\Container\\Util::unwrapIfClosure(Object(Closure))
#15 /Users/waltherstein/Documents/PROYECTOS/php_template/vendor/laravel/framework/src/Illuminate/Container/BoundMethod.php(35): Illuminate\\Container\\BoundMethod::callBoundMethod(Object(Illuminate\\Foundation\\Application), Array, Object(Closure))
#16 /Users/waltherstein/Documents/PROYECTOS/php_template/vendor/laravel/framework/src/Illuminate/Container/Container.php(696): Illuminate\\Container\\BoundMethod::call(Object(Illuminate\\Foundation\\Application), Array, Array, NULL)
#17 /Users/waltherstein/Documents/PROYECTOS/php_template/vendor/laravel/framework/src/Illuminate/Console/Command.php(213): Illuminate\\Container\\Container->call(Array)
#18 /Users/waltherstein/Documents/PROYECTOS/php_template/vendor/symfony/console/Command/Command.php(341): Illuminate\\Console\\Command->execute(Object(Symfony\\Component\\Console\\Input\\ArgvInput), Object(Illuminate\\Console\\OutputStyle))
#19 /Users/waltherstein/Documents/PROYECTOS/php_template/vendor/laravel/framework/src/Illuminate/Console/Command.php(182): Symfony\\Component\\Console\\Command\\Command->run(Object(Symfony\\Component\\Console\\Input\\ArgvInput), Object(Illuminate\\Console\\OutputStyle))
#20 /Users/waltherstein/Documents/PROYECTOS/php_template/vendor/symfony/console/Application.php(1117): Illuminate\\Console\\Command->run(Object(Symfony\\Component\\Console\\Input\\ArgvInput), Object(Symfony\\Component\\Console\\Output\\ConsoleOutput))
#21 /Users/waltherstein/Documents/PROYECTOS/php_template/vendor/symfony/console/Application.php(356): Symfony\\Component\\Console\\Application->doRunCommand(Object(L5Swagger\\Console\\GenerateDocsCommand), Object(Symfony\\Component\\Console\\Input\\ArgvInput), Object(Symfony\\Component\\Console\\Output\\ConsoleOutput))
#22 /Users/waltherstein/Documents/PROYECTOS/php_template/vendor/symfony/console/Application.php(195): Symfony\\Component\\Console\\Application->doRun(Object(Symfony\\Component\\Console\\Input\\ArgvInput), Object(Symfony\\Component\\Console\\Output\\ConsoleOutput))
#23 /Users/waltherstein/Documents/PROYECTOS/php_template/vendor/laravel/framework/src/Illuminate/Foundation/Console/Kernel.php(198): Symfony\\Component\\Console\\Application->run(Object(Symfony\\Component\\Console\\Input\\ArgvInput), Object(Symfony\\Component\\Console\\Output\\ConsoleOutput))
#24 /Users/waltherstein/Documents/PROYECTOS/php_template/artisan(14): Illuminate\\Foundation\\Console\\Kernel->handle(Object(Symfony\\Component\\Console\\Input\\ArgvInput), Object(Symfony\\Component\\Console\\Output\\ConsoleOutput))
#25 {main}
"} 
[2026-05-14 16:36:49] local.ERROR: Skipping unknown App\Http\Controllers\ApiDocsController {"exception":"[object] (ErrorException(code: 0): Skipping unknown App\\Http\\Controllers\\ApiDocsController at /Users/waltherstein/Documents/PROYECTOS/php_template/vendor/zircote/swagger-php/src/Loggers/DefaultLogger.php:23)
[stacktrace]
#0 /Users/waltherstein/Documents/PROYECTOS/php_template/vendor/laravel/framework/src/Illuminate/Foundation/Bootstrap/HandleExceptions.php(258): Illuminate\\Foundation\\Bootstrap\\HandleExceptions->handleError(512, 'Skipping unknow...', '/Users/walthers...', 23)
#1 [internal function]: Illuminate\\Foundation\\Bootstrap\\HandleExceptions->{closure:Illuminate\\Foundation\\Bootstrap\\HandleExceptions::forwardsTo():257}(512, 'Skipping unknow...', '/Users/walthers...', 23)
#2 /Users/waltherstein/Documents/PROYECTOS/php_template/vendor/zircote/swagger-php/src/Loggers/DefaultLogger.php(23): trigger_error('Skipping unknow...', 512)
#3 /Users/waltherstein/Documents/PROYECTOS/php_template/vendor/psr/log/src/LoggerTrait.php(61): OpenApi\\Loggers\\DefaultLogger->log('warning', 'Skipping unknow...', Array)
#4 /Users/waltherstein/Documents/PROYECTOS/php_template/vendor/zircote/swagger-php/src/Analysers/ReflectionAnalyser.php(88): Psr\\Log\\AbstractLogger->warning('Skipping unknow...')
#5 /Users/waltherstein/Documents/PROYECTOS/php_template/vendor/zircote/swagger-php/src/Analysers/ReflectionAnalyser.php(62): OpenApi\\Analysers\\ReflectionAnalyser->analyzeFqdn('App\\\\Http\\\\Contro...', Object(OpenApi\\Analysis), Array)
#6 /Users/waltherstein/Documents/PROYECTOS/php_template/vendor/zircote/swagger-php/src/Generator.php(431): OpenApi\\Analysers\\ReflectionAnalyser->fromFile('/Users/walthers...', Object(OpenApi\\Context))
#7 /Users/waltherstein/Documents/PROYECTOS/php_template/vendor/zircote/swagger-php/src/Generator.php(394): OpenApi\\Generator->scanSources(Object(OpenApi\\SourceFinder), Object(OpenApi\\Analysis), Object(OpenApi\\Context))
#8 /Users/waltherstein/Documents/PROYECTOS/php_template/vendor/darkaonline/l5-swagger/src/Generator.php(177): OpenApi\\Generator->generate(Object(OpenApi\\SourceFinder), Object(OpenApi\\Analysis))
#9 /Users/waltherstein/Documents/PROYECTOS/php_template/vendor/darkaonline/l5-swagger/src/Generator.php(118): L5Swagger\\Generator->scanFilesForDocumentation()
#10 /Users/waltherstein/Documents/PROYECTOS/php_template/vendor/darkaonline/l5-swagger/src/Console/GenerateDocsCommand.php(73): L5Swagger\\Generator->generateDocs()
#11 /Users/waltherstein/Documents/PROYECTOS/php_template/vendor/darkaonline/l5-swagger/src/Console/GenerateDocsCommand.php(56): L5Swagger\\Console\\GenerateDocsCommand->generateDocumentation(Object(L5Swagger\\GeneratorFactory), 'default')
#12 /Users/waltherstein/Documents/PROYECTOS/php_template/vendor/laravel/framework/src/Illuminate/Container/BoundMethod.php(36): L5Swagger\\Console\\GenerateDocsCommand->handle(Object(L5Swagger\\GeneratorFactory))
#13 /Users/waltherstein/Documents/PROYECTOS/php_template/vendor/laravel/framework/src/Illuminate/Container/Util.php(43): Illuminate\\Container\\BoundMethod::{closure:Illuminate\\Container\\BoundMethod::call():35}()
#14 /Users/waltherstein/Documents/PROYECTOS/php_template/vendor/laravel/framework/src/Illuminate/Container/BoundMethod.php(95): Illuminate\\Container\\Util::unwrapIfClosure(Object(Closure))
#15 /Users/waltherstein/Documents/PROYECTOS/php_template/vendor/laravel/framework/src/Illuminate/Container/BoundMethod.php(35): Illuminate\\Container\\BoundMethod::callBoundMethod(Object(Illuminate\\Foundation\\Application), Array, Object(Closure))
#16 /Users/waltherstein/Documents/PROYECTOS/php_template/vendor/laravel/framework/src/Illuminate/Container/Container.php(696): Illuminate\\Container\\BoundMethod::call(Object(Illuminate\\Foundation\\Application), Array, Array, NULL)
#17 /Users/waltherstein/Documents/PROYECTOS/php_template/vendor/laravel/framework/src/Illuminate/Console/Command.php(213): Illuminate\\Container\\Container->call(Array)
#18 /Users/waltherstein/Documents/PROYECTOS/php_template/vendor/symfony/console/Command/Command.php(341): Illuminate\\Console\\Command->execute(Object(Symfony\\Component\\Console\\Input\\ArgvInput), Object(Illuminate\\Console\\OutputStyle))
#19 /Users/waltherstein/Documents/PROYECTOS/php_template/vendor/laravel/framework/src/Illuminate/Console/Command.php(182): Symfony\\Component\\Console\\Command\\Command->run(Object(Symfony\\Component\\Console\\Input\\ArgvInput), Object(Illuminate\\Console\\OutputStyle))
#20 /Users/waltherstein/Documents/PROYECTOS/php_template/vendor/symfony/console/Application.php(1117): Illuminate\\Console\\Command->run(Object(Symfony\\Component\\Console\\Input\\ArgvInput), Object(Symfony\\Component\\Console\\Output\\ConsoleOutput))
#21 /Users/waltherstein/Documents/PROYECTOS/php_template/vendor/symfony/console/Application.php(356): Symfony\\Component\\Console\\Application->doRunCommand(Object(L5Swagger\\Console\\GenerateDocsCommand), Object(Symfony\\Component\\Console\\Input\\ArgvInput), Object(Symfony\\Component\\Console\\Output\\ConsoleOutput))
#22 /Users/waltherstein/Documents/PROYECTOS/php_template/vendor/symfony/console/Application.php(195): Symfony\\Component\\Console\\Application->doRun(Object(Symfony\\Component\\Console\\Input\\ArgvInput), Object(Symfony\\Component\\Console\\Output\\ConsoleOutput))
#23 /Users/waltherstein/Documents/PROYECTOS/php_template/vendor/laravel/framework/src/Illuminate/Foundation/Console/Kernel.php(198): Symfony\\Component\\Console\\Application->run(Object(Symfony\\Component\\Console\\Input\\ArgvInput), Object(Symfony\\Component\\Console\\Output\\ConsoleOutput))
#24 /Users/waltherstein/Documents/PROYECTOS/php_template/artisan(14): Illuminate\\Foundation\\Console\\Kernel->handle(Object(Symfony\\Component\\Console\\Input\\ArgvInput), Object(Symfony\\Component\\Console\\Output\\ConsoleOutput))
#25 {main}
"} 
[2026-05-14 16:37:37] local.ERROR: Please provide a valid cache path. {"exception":"[object] (InvalidArgumentException(code: 0): Please provide a valid cache path. at /Users/waltherstein/Documents/PROYECTOS/php_template/vendor/laravel/framework/src/Illuminate/View/Compilers/Compiler.php:67)
[stacktrace]
#0 /Users/waltherstein/Documents/PROYECTOS/php_template/vendor/laravel/framework/src/Illuminate/View/ViewServiceProvider.php(97): Illuminate\\View\\Compilers\\Compiler->__construct(Object(Illuminate\\Filesystem\\Filesystem), false, '', true, 'php')
#1 /Users/waltherstein/Documents/PROYECTOS/php_template/vendor/laravel/framework/src/Illuminate/Container/Container.php(952): Illuminate\\View\\ViewServiceProvider->{closure:Illuminate\\View\\ViewServiceProvider::registerBladeCompiler():96}(Object(Illuminate\\Foundation\\Application), Array)
#2 /Users/waltherstein/Documents/PROYECTOS/php_template/vendor/laravel/framework/src/Illuminate/Container/Container.php(832): Illuminate\\Container\\Container->build(Object(Closure))
#3 /Users/waltherstein/Documents/PROYECTOS/php_template/vendor/laravel/framework/src/Illuminate/Foundation/Application.php(1078): Illuminate\\Container\\Container->resolve('blade.compiler', Array, true)
#4 /Users/waltherstein/Documents/PROYECTOS/php_template/vendor/laravel/framework/src/Illuminate/Container/Container.php(763): Illuminate\\Foundation\\Application->resolve('blade.compiler', Array)
#5 /Users/waltherstein/Documents/PROYECTOS/php_template/vendor/laravel/framework/src/Illuminate/Foundation/Application.php(1058): Illuminate\\Container\\Container->make('blade.compiler', Array)
#6 /Users/waltherstein/Documents/PROYECTOS/php_template/vendor/laravel/framework/src/Illuminate/View/ViewServiceProvider.php(168): Illuminate\\Foundation\\Application->make('blade.compiler')
#7 [internal function]: Illuminate\\View\\ViewServiceProvider->{closure:Illuminate\\View\\ViewServiceProvider::registerBladeEngine():164}()
#8 /Users/waltherstein/Documents/PROYECTOS/php_template/vendor/laravel/framework/src/Illuminate/View/Engines/EngineResolver.php(55): call_user_func(Object(Closure))
#9 /Users/waltherstein/Documents/PROYECTOS/php_template/vendor/laravel/framework/src/Illuminate/View/Factory.php(326): Illuminate\\View\\Engines\\EngineResolver->resolve('blade')
#10 /Users/waltherstein/Documents/PROYECTOS/php_template/vendor/laravel/framework/src/Illuminate/View/Factory.php(288): Illuminate\\View\\Factory->getEngineFromPath('/Users/walthers...')
#11 /Users/waltherstein/Documents/PROYECTOS/php_template/vendor/laravel/framework/src/Illuminate/View/Factory.php(160): Illuminate\\View\\Factory->viewInstance('errors::404', '/Users/walthers...', Array)
#12 /Users/waltherstein/Documents/PROYECTOS/php_template/vendor/laravel/framework/src/Illuminate/Routing/ResponseFactory.php(90): Illuminate\\View\\Factory->make('errors::404', Array)
#13 /Users/waltherstein/Documents/PROYECTOS/php_template/vendor/laravel/framework/src/Illuminate/Foundation/Exceptions/Handler.php(894): Illuminate\\Routing\\ResponseFactory->view('errors::404', Array, 404, Array)
#14 /Users/waltherstein/Documents/PROYECTOS/php_template/vendor/laravel/framework/src/Illuminate/Foundation/Exceptions/Handler.php(815): Illuminate\\Foundation\\Exceptions\\Handler->renderHttpException(Object(Symfony\\Component\\HttpKernel\\Exception\\NotFoundHttpException))
#15 /Users/waltherstein/Documents/PROYECTOS/php_template/vendor/laravel/framework/src/Illuminate/Foundation/Exceptions/Handler.php(706): Illuminate\\Foundation\\Exceptions\\Handler->prepareResponse(Object(Illuminate\\Http\\Request), Object(Symfony\\Component\\HttpKernel\\Exception\\NotFoundHttpException))
#16 /Users/waltherstein/Documents/PROYECTOS/php_template/vendor/laravel/framework/src/Illuminate/Foundation/Exceptions/Handler.php(594): Illuminate\\Foundation\\Exceptions\\Handler->renderExceptionResponse(Object(Illuminate\\Http\\Request), Object(Symfony\\Component\\HttpKernel\\Exception\\NotFoundHttpException))
#17 /Users/waltherstein/Documents/PROYECTOS/php_template/vendor/laravel/framework/src/Illuminate/Routing/Pipeline.php(51): Illuminate\\Foundation\\Exceptions\\Handler->render(Object(Illuminate\\Http\\Request), Object(Symfony\\Component\\HttpKernel\\Exception\\NotFoundHttpException))
#18 /Users/waltherstein/Documents/PROYECTOS/php_template/vendor/laravel/framework/src/Illuminate/Pipeline/Pipeline.php(172): Illuminate\\Routing\\Pipeline->handleException(Object(Illuminate\\Http\\Request), Object(Symfony\\Component\\HttpKernel\\Exception\\NotFoundHttpException))
#19 /Users/waltherstein/Documents/PROYECTOS/php_template/vendor/laravel/framework/src/Illuminate/Foundation/Http/Middleware/TransformsRequest.php(21): Illuminate\\Pipeline\\Pipeline->{closure:Illuminate\\Pipeline\\Pipeline::prepareDestination():168}(Object(Illuminate\\Http\\Request))
#20 /Users/waltherstein/Documents/PROYECTOS/php_template/vendor/laravel/framework/src/Illuminate/Foundation/Http/Middleware/ConvertEmptyStringsToNull.php(31): Illuminate\\Foundation\\Http\\Middleware\\TransformsRequest->handle(Object(Illuminate\\Http\\Request), Object(Closure))
#21 /Users/waltherstein/Documents/PROYECTOS/php_template/vendor/laravel/framework/src/Illuminate/Pipeline/Pipeline.php(209): Illuminate\\Foundation\\Http\\Middleware\\ConvertEmptyStringsToNull->handle(Object(Illuminate\\Http\\Request), Object(Closure))
#22 /Users/waltherstein/Documents/PROYECTOS/php_template/vendor/laravel/framework/src/Illuminate/Foundation/Http/Middleware/TransformsRequest.php(21): Illuminate\\Pipeline\\Pipeline->{closure:{closure:Illuminate\\Pipeline\\Pipeline::carry():184}:185}(Object(Illuminate\\Http\\Request))
#23 /Users/waltherstein/Documents/PROYECTOS/php_template/vendor/laravel/framework/src/Illuminate/Foundation/Http/Middleware/TrimStrings.php(51): Illuminate\\Foundation\\Http\\Middleware\\TransformsRequest->handle(Object(Illuminate\\Http\\Request), Object(Closure))
#24 /Users/waltherstein/Documents/PROYECTOS/php_template/vendor/laravel/framework/src/Illuminate/Pipeline/Pipeline.php(209): Illuminate\\Foundation\\Http\\Middleware\\TrimStrings->handle(Object(Illuminate\\Http\\Request), Object(Closure))
#25 /Users/waltherstein/Documents/PROYECTOS/php_template/vendor/laravel/framework/src/Illuminate/Http/Middleware/ValidatePostSize.php(27): Illuminate\\Pipeline\\Pipeline->{closure:{closure:Illuminate\\Pipeline\\Pipeline::carry():184}:185}(Object(Illuminate\\Http\\Request))
#26 /Users/waltherstein/Documents/PROYECTOS/php_template/vendor/laravel/framework/src/Illuminate/Pipeline/Pipeline.php(209): Illuminate\\Http\\Middleware\\ValidatePostSize->handle(Object(Illuminate\\Http\\Request), Object(Closure))
#27 /Users/waltherstein/Documents/PROYECTOS/php_template/vendor/laravel/framework/src/Illuminate/Foundation/Http/Middleware/PreventRequestsDuringMaintenance.php(110): Illuminate\\Pipeline\\Pipeline->{closure:{closure:Illuminate\\Pipeline\\Pipeline::carry():184}:185}(Object(Illuminate\\Http\\Request))
#28 /Users/waltherstein/Documents/PROYECTOS/php_template/vendor/laravel/framework/src/Illuminate/Pipeline/Pipeline.php(209): Illuminate\\Foundation\\Http\\Middleware\\PreventRequestsDuringMaintenance->handle(Object(Illuminate\\Http\\Request), Object(Closure))
#29 /Users/waltherstein/Documents/PROYECTOS/php_template/vendor/laravel/framework/src/Illuminate/Http/Middleware/HandleCors.php(49): Illuminate\\Pipeline\\Pipeline->{closure:{closure:Illuminate\\Pipeline\\Pipeline::carry():184}:185}(Object(Illuminate\\Http\\Request))
#30 /Users/waltherstein/Documents/PROYECTOS/php_template/vendor/laravel/framework/src/Illuminate/Pipeline/Pipeline.php(209): Illuminate\\Http\\Middleware\\HandleCors->handle(Object(Illuminate\\Http\\Request), Object(Closure))
#31 /Users/waltherstein/Documents/PROYECTOS/php_template/vendor/laravel/framework/src/Illuminate/Http/Middleware/TrustProxies.php(58): Illuminate\\Pipeline\\Pipeline->{closure:{closure:Illuminate\\Pipeline\\Pipeline::carry():184}:185}(Object(Illuminate\\Http\\Request))
#32 /Users/waltherstein/Documents/PROYECTOS/php_template/vendor/laravel/framework/src/Illuminate/Pipeline/Pipeline.php(209): Illuminate\\Http\\Middleware\\TrustProxies->handle(Object(Illuminate\\Http\\Request), Object(Closure))
#33 /Users/waltherstein/Documents/PROYECTOS/php_template/vendor/laravel/framework/src/Illuminate/Foundation/Http/Middleware/InvokeDeferredCallbacks.php(22): Illuminate\\Pipeline\\Pipeline->{closure:{closure:Illuminate\\Pipeline\\Pipeline::carry():184}:185}(Object(Illuminate\\Http\\Request))
#34 /Users/waltherstein/Documents/PROYECTOS/php_template/vendor/laravel/framework/src/Illuminate/Pipeline/Pipeline.php(209): Illuminate\\Foundation\\Http\\Middleware\\InvokeDeferredCallbacks->handle(Object(Illuminate\\Http\\Request), Object(Closure))
#35 /Users/waltherstein/Documents/PROYECTOS/php_template/vendor/laravel/framework/src/Illuminate/Pipeline/Pipeline.php(127): Illuminate\\Pipeline\\Pipeline->{closure:{closure:Illuminate\\Pipeline\\Pipeline::carry():184}:185}(Object(Illuminate\\Http\\Request))
#36 /Users/waltherstein/Documents/PROYECTOS/php_template/vendor/laravel/framework/src/Illuminate/Foundation/Http/Kernel.php(176): Illuminate\\Pipeline\\Pipeline->then(Object(Closure))
#37 /Users/waltherstein/Documents/PROYECTOS/php_template/vendor/laravel/framework/src/Illuminate/Foundation/Http/Kernel.php(145): Illuminate\\Foundation\\Http\\Kernel->sendRequestThroughRouter(Object(Illuminate\\Http\\Request))
#38 /Users/waltherstein/Documents/PROYECTOS/php_template/vendor/laravel/framework/src/Illuminate/Foundation/Application.php(1220): Illuminate\\Foundation\\Http\\Kernel->handle(Object(Illuminate\\Http\\Request))
#39 /Users/waltherstein/Documents/PROYECTOS/php_template/public/index.php(18): Illuminate\\Foundation\\Application->handleRequest(Object(Illuminate\\Http\\Request))
#40 /Users/waltherstein/Documents/PROYECTOS/php_template/vendor/laravel/framework/src/Illuminate/Foundation/resources/server.php(23): require_once('/Users/walthers...')
#41 {main}
"} 
[2026-05-14 16:37:42] local.ERROR: Please provide a valid cache path. {"exception":"[object] (InvalidArgumentException(code: 0): Please provide a valid cache path. at /Users/waltherstein/Documents/PROYECTOS/php_template/vendor/laravel/framework/src/Illuminate/View/Compilers/Compiler.php:67)
[stacktrace]
#0 /Users/waltherstein/Documents/PROYECTOS/php_template/vendor/laravel/framework/src/Illuminate/View/ViewServiceProvider.php(97): Illuminate\\View\\Compilers\\Compiler->__construct(Object(Illuminate\\Filesystem\\Filesystem), false, '', true, 'php')
#1 /Users/waltherstein/Documents/PROYECTOS/php_template/vendor/laravel/framework/src/Illuminate/Container/Container.php(952): Illuminate\\View\\ViewServiceProvider->{closure:Illuminate\\View\\ViewServiceProvider::registerBladeCompiler():96}(Object(Illuminate\\Foundation\\Application), Array)
#2 /Users/waltherstein/Documents/PROYECTOS/php_template/vendor/laravel/framework/src/Illuminate/Container/Container.php(832): Illuminate\\Container\\Container->build(Object(Closure))
#3 /Users/waltherstein/Documents/PROYECTOS/php_template/vendor/laravel/framework/src/Illuminate/Foundation/Application.php(1078): Illuminate\\Container\\Container->resolve('blade.compiler', Array, true)
#4 /Users/waltherstein/Documents/PROYECTOS/php_template/vendor/laravel/framework/src/Illuminate/Container/Container.php(763): Illuminate\\Foundation\\Application->resolve('blade.compiler', Array)
#5 /Users/waltherstein/Documents/PROYECTOS/php_template/vendor/laravel/framework/src/Illuminate/Foundation/Application.php(1058): Illuminate\\Container\\Container->make('blade.compiler', Array)
#6 /Users/waltherstein/Documents/PROYECTOS/php_template/vendor/laravel/framework/src/Illuminate/View/ViewServiceProvider.php(168): Illuminate\\Foundation\\Application->make('blade.compiler')
#7 [internal function]: Illuminate\\View\\ViewServiceProvider->{closure:Illuminate\\View\\ViewServiceProvider::registerBladeEngine():164}()
#8 /Users/waltherstein/Documents/PROYECTOS/php_template/vendor/laravel/framework/src/Illuminate/View/Engines/EngineResolver.php(55): call_user_func(Object(Closure))
#9 /Users/waltherstein/Documents/PROYECTOS/php_template/vendor/laravel/framework/src/Illuminate/View/Factory.php(326): Illuminate\\View\\Engines\\EngineResolver->resolve('blade')
#10 /Users/waltherstein/Documents/PROYECTOS/php_template/vendor/laravel/framework/src/Illuminate/View/Factory.php(288): Illuminate\\View\\Factory->getEngineFromPath('/Users/walthers...')
#11 /Users/waltherstein/Documents/PROYECTOS/php_template/vendor/laravel/framework/src/Illuminate/View/Factory.php(160): Illuminate\\View\\Factory->viewInstance('errors::404', '/Users/walthers...', Array)
#12 /Users/waltherstein/Documents/PROYECTOS/php_template/vendor/laravel/framework/src/Illuminate/Routing/ResponseFactory.php(90): Illuminate\\View\\Factory->make('errors::404', Array)
#13 /Users/waltherstein/Documents/PROYECTOS/php_template/vendor/laravel/framework/src/Illuminate/Foundation/Exceptions/Handler.php(894): Illuminate\\Routing\\ResponseFactory->view('errors::404', Array, 404, Array)
#14 /Users/waltherstein/Documents/PROYECTOS/php_template/vendor/laravel/framework/src/Illuminate/Foundation/Exceptions/Handler.php(815): Illuminate\\Foundation\\Exceptions\\Handler->renderHttpException(Object(Symfony\\Component\\HttpKernel\\Exception\\NotFoundHttpException))
#15 /Users/waltherstein/Documents/PROYECTOS/php_template/vendor/laravel/framework/src/Illuminate/Foundation/Exceptions/Handler.php(706): Illuminate\\Foundation\\Exceptions\\Handler->prepareResponse(Object(Illuminate\\Http\\Request), Object(Symfony\\Component\\HttpKernel\\Exception\\NotFoundHttpException))
#16 /Users/waltherstein/Documents/PROYECTOS/php_template/vendor/laravel/framework/src/Illuminate/Foundation/Exceptions/Handler.php(594): Illuminate\\Foundation\\Exceptions\\Handler->renderExceptionResponse(Object(Illuminate\\Http\\Request), Object(Symfony\\Component\\HttpKernel\\Exception\\NotFoundHttpException))
#17 /Users/waltherstein/Documents/PROYECTOS/php_template/vendor/laravel/framework/src/Illuminate/Routing/Pipeline.php(51): Illuminate\\Foundation\\Exceptions\\Handler->render(Object(Illuminate\\Http\\Request), Object(Symfony\\Component\\HttpKernel\\Exception\\NotFoundHttpException))
#18 /Users/waltherstein/Documents/PROYECTOS/php_template/vendor/laravel/framework/src/Illuminate/Pipeline/Pipeline.php(172): Illuminate\\Routing\\Pipeline->handleException(Object(Illuminate\\Http\\Request), Object(Symfony\\Component\\HttpKernel\\Exception\\NotFoundHttpException))
#19 /Users/waltherstein/Documents/PROYECTOS/php_template/vendor/laravel/framework/src/Illuminate/Foundation/Http/Middleware/TransformsRequest.php(21): Illuminate\\Pipeline\\Pipeline->{closure:Illuminate\\Pipeline\\Pipeline::prepareDestination():168}(Object(Illuminate\\Http\\Request))
#20 /Users/waltherstein/Documents/PROYECTOS/php_template/vendor/laravel/framework/src/Illuminate/Foundation/Http/Middleware/ConvertEmptyStringsToNull.php(31): Illuminate\\Foundation\\Http\\Middleware\\TransformsRequest->handle(Object(Illuminate\\Http\\Request), Object(Closure))
#21 /Users/waltherstein/Documents/PROYECTOS/php_template/vendor/laravel/framework/src/Illuminate/Pipeline/Pipeline.php(209): Illuminate\\Foundation\\Http\\Middleware\\ConvertEmptyStringsToNull->handle(Object(Illuminate\\Http\\Request), Object(Closure))
#22 /Users/waltherstein/Documents/PROYECTOS/php_template/vendor/laravel/framework/src/Illuminate/Foundation/Http/Middleware/TransformsRequest.php(21): Illuminate\\Pipeline\\Pipeline->{closure:{closure:Illuminate\\Pipeline\\Pipeline::carry():184}:185}(Object(Illuminate\\Http\\Request))
#23 /Users/waltherstein/Documents/PROYECTOS/php_template/vendor/laravel/framework/src/Illuminate/Foundation/Http/Middleware/TrimStrings.php(51): Illuminate\\Foundation\\Http\\Middleware\\TransformsRequest->handle(Object(Illuminate\\Http\\Request), Object(Closure))
#24 /Users/waltherstein/Documents/PROYECTOS/php_template/vendor/laravel/framework/src/Illuminate/Pipeline/Pipeline.php(209): Illuminate\\Foundation\\Http\\Middleware\\TrimStrings->handle(Object(Illuminate\\Http\\Request), Object(Closure))
#25 /Users/waltherstein/Documents/PROYECTOS/php_template/vendor/laravel/framework/src/Illuminate/Http/Middleware/ValidatePostSize.php(27): Illuminate\\Pipeline\\Pipeline->{closure:{closure:Illuminate\\Pipeline\\Pipeline::carry():184}:185}(Object(Illuminate\\Http\\Request))
#26 /Users/waltherstein/Documents/PROYECTOS/php_template/vendor/laravel/framework/src/Illuminate/Pipeline/Pipeline.php(209): Illuminate\\Http\\Middleware\\ValidatePostSize->handle(Object(Illuminate\\Http\\Request), Object(Closure))
#27 /Users/waltherstein/Documents/PROYECTOS/php_template/vendor/laravel/framework/src/Illuminate/Foundation/Http/Middleware/PreventRequestsDuringMaintenance.php(110): Illuminate\\Pipeline\\Pipeline->{closure:{closure:Illuminate\\Pipeline\\Pipeline::carry():184}:185}(Object(Illuminate\\Http\\Request))
#28 /Users/waltherstein/Documents/PROYECTOS/php_template/vendor/laravel/framework/src/Illuminate/Pipeline/Pipeline.php(209): Illuminate\\Foundation\\Http\\Middleware\\PreventRequestsDuringMaintenance->handle(Object(Illuminate\\Http\\Request), Object(Closure))
#29 /Users/waltherstein/Documents/PROYECTOS/php_template/vendor/laravel/framework/src/Illuminate/Http/Middleware/HandleCors.php(49): Illuminate\\Pipeline\\Pipeline->{closure:{closure:Illuminate\\Pipeline\\Pipeline::carry():184}:185}(Object(Illuminate\\Http\\Request))
#30 /Users/waltherstein/Documents/PROYECTOS/php_template/vendor/laravel/framework/src/Illuminate/Pipeline/Pipeline.php(209): Illuminate\\Http\\Middleware\\HandleCors->handle(Object(Illuminate\\Http\\Request), Object(Closure))
#31 /Users/waltherstein/Documents/PROYECTOS/php_template/vendor/laravel/framework/src/Illuminate/Http/Middleware/TrustProxies.php(58): Illuminate\\Pipeline\\Pipeline->{closure:{closure:Illuminate\\Pipeline\\Pipeline::carry():184}:185}(Object(Illuminate\\Http\\Request))
#32 /Users/waltherstein/Documents/PROYECTOS/php_template/vendor/laravel/framework/src/Illuminate/Pipeline/Pipeline.php(209): Illuminate\\Http\\Middleware\\TrustProxies->handle(Object(Illuminate\\Http\\Request), Object(Closure))
#33 /Users/waltherstein/Documents/PROYECTOS/php_template/vendor/laravel/framework/src/Illuminate/Foundation/Http/Middleware/InvokeDeferredCallbacks.php(22): Illuminate\\Pipeline\\Pipeline->{closure:{closure:Illuminate\\Pipeline\\Pipeline::carry():184}:185}(Object(Illuminate\\Http\\Request))
#34 /Users/waltherstein/Documents/PROYECTOS/php_template/vendor/laravel/framework/src/Illuminate/Pipeline/Pipeline.php(209): Illuminate\\Foundation\\Http\\Middleware\\InvokeDeferredCallbacks->handle(Object(Illuminate\\Http\\Request), Object(Closure))
#35 /Users/waltherstein/Documents/PROYECTOS/php_template/vendor/laravel/framework/src/Illuminate/Pipeline/Pipeline.php(127): Illuminate\\Pipeline\\Pipeline->{closure:{closure:Illuminate\\Pipeline\\Pipeline::carry():184}:185}(Object(Illuminate\\Http\\Request))
#36 /Users/waltherstein/Documents/PROYECTOS/php_template/vendor/laravel/framework/src/Illuminate/Foundation/Http/Kernel.php(176): Illuminate\\Pipeline\\Pipeline->then(Object(Closure))
#37 /Users/waltherstein/Documents/PROYECTOS/php_template/vendor/laravel/framework/src/Illuminate/Foundation/Http/Kernel.php(145): Illuminate\\Foundation\\Http\\Kernel->sendRequestThroughRouter(Object(Illuminate\\Http\\Request))
#38 /Users/waltherstein/Documents/PROYECTOS/php_template/vendor/laravel/framework/src/Illuminate/Foundation/Application.php(1220): Illuminate\\Foundation\\Http\\Kernel->handle(Object(Illuminate\\Http\\Request))
#39 /Users/waltherstein/Documents/PROYECTOS/php_template/public/index.php(18): Illuminate\\Foundation\\Application->handleRequest(Object(Illuminate\\Http\\Request))
#40 /Users/waltherstein/Documents/PROYECTOS/php_template/vendor/laravel/framework/src/Illuminate/Foundation/resources/server.php(23): require_once('/Users/walthers...')
#41 {main}
"} 
[2026-05-14 16:37:46] local.ERROR: Please provide a valid cache path. {"exception":"[object] (InvalidArgumentException(code: 0): Please provide a valid cache path. at /Users/waltherstein/Documents/PROYECTOS/php_template/vendor/laravel/framework/src/Illuminate/View/Compilers/Compiler.php:67)
[stacktrace]
#0 /Users/waltherstein/Documents/PROYECTOS/php_template/vendor/laravel/framework/src/Illuminate/View/ViewServiceProvider.php(97): Illuminate\\View\\Compilers\\Compiler->__construct(Object(Illuminate\\Filesystem\\Filesystem), false, '', true, 'php')
#1 /Users/waltherstein/Documents/PROYECTOS/php_template/vendor/laravel/framework/src/Illuminate/Container/Container.php(952): Illuminate\\View\\ViewServiceProvider->{closure:Illuminate\\View\\ViewServiceProvider::registerBladeCompiler():96}(Object(Illuminate\\Foundation\\Application), Array)
#2 /Users/waltherstein/Documents/PROYECTOS/php_template/vendor/laravel/framework/src/Illuminate/Container/Container.php(832): Illuminate\\Container\\Container->build(Object(Closure))
#3 /Users/waltherstein/Documents/PROYECTOS/php_template/vendor/laravel/framework/src/Illuminate/Foundation/Application.php(1078): Illuminate\\Container\\Container->resolve('blade.compiler', Array, true)
#4 /Users/waltherstein/Documents/PROYECTOS/php_template/vendor/laravel/framework/src/Illuminate/Container/Container.php(763): Illuminate\\Foundation\\Application->resolve('blade.compiler', Array)
#5 /Users/waltherstein/Documents/PROYECTOS/php_template/vendor/laravel/framework/src/Illuminate/Foundation/Application.php(1058): Illuminate\\Container\\Container->make('blade.compiler', Array)
#6 /Users/waltherstein/Documents/PROYECTOS/php_template/vendor/laravel/framework/src/Illuminate/View/ViewServiceProvider.php(168): Illuminate\\Foundation\\Application->make('blade.compiler')
#7 [internal function]: Illuminate\\View\\ViewServiceProvider->{closure:Illuminate\\View\\ViewServiceProvider::registerBladeEngine():164}()
#8 /Users/waltherstein/Documents/PROYECTOS/php_template/vendor/laravel/framework/src/Illuminate/View/Engines/EngineResolver.php(55): call_user_func(Object(Closure))
#9 /Users/waltherstein/Documents/PROYECTOS/php_template/vendor/laravel/framework/src/Illuminate/View/Factory.php(326): Illuminate\\View\\Engines\\EngineResolver->resolve('blade')
#10 /Users/waltherstein/Documents/PROYECTOS/php_template/vendor/laravel/framework/src/Illuminate/View/Factory.php(288): Illuminate\\View\\Factory->getEngineFromPath('/Users/walthers...')
#11 /Users/waltherstein/Documents/PROYECTOS/php_template/vendor/laravel/framework/src/Illuminate/View/Factory.php(160): Illuminate\\View\\Factory->viewInstance('errors::404', '/Users/walthers...', Array)
#12 /Users/waltherstein/Documents/PROYECTOS/php_template/vendor/laravel/framework/src/Illuminate/Routing/ResponseFactory.php(90): Illuminate\\View\\Factory->make('errors::404', Array)
#13 /Users/waltherstein/Documents/PROYECTOS/php_template/vendor/laravel/framework/src/Illuminate/Foundation/Exceptions/Handler.php(894): Illuminate\\Routing\\ResponseFactory->view('errors::404', Array, 404, Array)
#14 /Users/waltherstein/Documents/PROYECTOS/php_template/vendor/laravel/framework/src/Illuminate/Foundation/Exceptions/Handler.php(815): Illuminate\\Foundation\\Exceptions\\Handler->renderHttpException(Object(Symfony\\Component\\HttpKernel\\Exception\\NotFoundHttpException))
#15 /Users/waltherstein/Documents/PROYECTOS/php_template/vendor/laravel/framework/src/Illuminate/Foundation/Exceptions/Handler.php(706): Illuminate\\Foundation\\Exceptions\\Handler->prepareResponse(Object(Illuminate\\Http\\Request), Object(Symfony\\Component\\HttpKernel\\Exception\\NotFoundHttpException))
#16 /Users/waltherstein/Documents/PROYECTOS/php_template/vendor/laravel/framework/src/Illuminate/Foundation/Exceptions/Handler.php(594): Illuminate\\Foundation\\Exceptions\\Handler->renderExceptionResponse(Object(Illuminate\\Http\\Request), Object(Symfony\\Component\\HttpKernel\\Exception\\NotFoundHttpException))
#17 /Users/waltherstein/Documents/PROYECTOS/php_template/vendor/laravel/framework/src/Illuminate/Routing/Pipeline.php(51): Illuminate\\Foundation\\Exceptions\\Handler->render(Object(Illuminate\\Http\\Request), Object(Symfony\\Component\\HttpKernel\\Exception\\NotFoundHttpException))
#18 /Users/waltherstein/Documents/PROYECTOS/php_template/vendor/laravel/framework/src/Illuminate/Pipeline/Pipeline.php(172): Illuminate\\Routing\\Pipeline->handleException(Object(Illuminate\\Http\\Request), Object(Symfony\\Component\\HttpKernel\\Exception\\NotFoundHttpException))
#19 /Users/waltherstein/Documents/PROYECTOS/php_template/vendor/laravel/framework/src/Illuminate/Foundation/Http/Middleware/TransformsRequest.php(21): Illuminate\\Pipeline\\Pipeline->{closure:Illuminate\\Pipeline\\Pipeline::prepareDestination():168}(Object(Illuminate\\Http\\Request))
#20 /Users/waltherstein/Documents/PROYECTOS/php_template/vendor/laravel/framework/src/Illuminate/Foundation/Http/Middleware/ConvertEmptyStringsToNull.php(31): Illuminate\\Foundation\\Http\\Middleware\\TransformsRequest->handle(Object(Illuminate\\Http\\Request), Object(Closure))
#21 /Users/waltherstein/Documents/PROYECTOS/php_template/vendor/laravel/framework/src/Illuminate/Pipeline/Pipeline.php(209): Illuminate\\Foundation\\Http\\Middleware\\ConvertEmptyStringsToNull->handle(Object(Illuminate\\Http\\Request), Object(Closure))
#22 /Users/waltherstein/Documents/PROYECTOS/php_template/vendor/laravel/framework/src/Illuminate/Foundation/Http/Middleware/TransformsRequest.php(21): Illuminate\\Pipeline\\Pipeline->{closure:{closure:Illuminate\\Pipeline\\Pipeline::carry():184}:185}(Object(Illuminate\\Http\\Request))
#23 /Users/waltherstein/Documents/PROYECTOS/php_template/vendor/laravel/framework/src/Illuminate/Foundation/Http/Middleware/TrimStrings.php(51): Illuminate\\Foundation\\Http\\Middleware\\TransformsRequest->handle(Object(Illuminate\\Http\\Request), Object(Closure))
#24 /Users/waltherstein/Documents/PROYECTOS/php_template/vendor/laravel/framework/src/Illuminate/Pipeline/Pipeline.php(209): Illuminate\\Foundation\\Http\\Middleware\\TrimStrings->handle(Object(Illuminate\\Http\\Request), Object(Closure))
#25 /Users/waltherstein/Documents/PROYECTOS/php_template/vendor/laravel/framework/src/Illuminate/Http/Middleware/ValidatePostSize.php(27): Illuminate\\Pipeline\\Pipeline->{closure:{closure:Illuminate\\Pipeline\\Pipeline::carry():184}:185}(Object(Illuminate\\Http\\Request))
#26 /Users/waltherstein/Documents/PROYECTOS/php_template/vendor/laravel/framework/src/Illuminate/Pipeline/Pipeline.php(209): Illuminate\\Http\\Middleware\\ValidatePostSize->handle(Object(Illuminate\\Http\\Request), Object(Closure))
#27 /Users/waltherstein/Documents/PROYECTOS/php_template/vendor/laravel/framework/src/Illuminate/Foundation/Http/Middleware/PreventRequestsDuringMaintenance.php(110): Illuminate\\Pipeline\\Pipeline->{closure:{closure:Illuminate\\Pipeline\\Pipeline::carry():184}:185}(Object(Illuminate\\Http\\Request))
#28 /Users/waltherstein/Documents/PROYECTOS/php_template/vendor/laravel/framework/src/Illuminate/Pipeline/Pipeline.php(209): Illuminate\\Foundation\\Http\\Middleware\\PreventRequestsDuringMaintenance->handle(Object(Illuminate\\Http\\Request), Object(Closure))
#29 /Users/waltherstein/Documents/PROYECTOS/php_template/vendor/laravel/framework/src/Illuminate/Http/Middleware/HandleCors.php(49): Illuminate\\Pipeline\\Pipeline->{closure:{closure:Illuminate\\Pipeline\\Pipeline::carry():184}:185}(Object(Illuminate\\Http\\Request))
#30 /Users/waltherstein/Documents/PROYECTOS/php_template/vendor/laravel/framework/src/Illuminate/Pipeline/Pipeline.php(209): Illuminate\\Http\\Middleware\\HandleCors->handle(Object(Illuminate\\Http\\Request), Object(Closure))
#31 /Users/waltherstein/Documents/PROYECTOS/php_template/vendor/laravel/framework/src/Illuminate/Http/Middleware/TrustProxies.php(58): Illuminate\\Pipeline\\Pipeline->{closure:{closure:Illuminate\\Pipeline\\Pipeline::carry():184}:185}(Object(Illuminate\\Http\\Request))
#32 /Users/waltherstein/Documents/PROYECTOS/php_template/vendor/laravel/framework/src/Illuminate/Pipeline/Pipeline.php(209): Illuminate\\Http\\Middleware\\TrustProxies->handle(Object(Illuminate\\Http\\Request), Object(Closure))
#33 /Users/waltherstein/Documents/PROYECTOS/php_template/vendor/laravel/framework/src/Illuminate/Foundation/Http/Middleware/InvokeDeferredCallbacks.php(22): Illuminate\\Pipeline\\Pipeline->{closure:{closure:Illuminate\\Pipeline\\Pipeline::carry():184}:185}(Object(Illuminate\\Http\\Request))
#34 /Users/waltherstein/Documents/PROYECTOS/php_template/vendor/laravel/framework/src/Illuminate/Pipeline/Pipeline.php(209): Illuminate\\Foundation\\Http\\Middleware\\InvokeDeferredCallbacks->handle(Object(Illuminate\\Http\\Request), Object(Closure))
#35 /Users/waltherstein/Documents/PROYECTOS/php_template/vendor/laravel/framework/src/Illuminate/Pipeline/Pipeline.php(127): Illuminate\\Pipeline\\Pipeline->{closure:{closure:Illuminate\\Pipeline\\Pipeline::carry():184}:185}(Object(Illuminate\\Http\\Request))
#36 /Users/waltherstein/Documents/PROYECTOS/php_template/vendor/laravel/framework/src/Illuminate/Foundation/Http/Kernel.php(176): Illuminate\\Pipeline\\Pipeline->then(Object(Closure))
#37 /Users/waltherstein/Documents/PROYECTOS/php_template/vendor/laravel/framework/src/Illuminate/Foundation/Http/Kernel.php(145): Illuminate\\Foundation\\Http\\Kernel->sendRequestThroughRouter(Object(Illuminate\\Http\\Request))
#38 /Users/waltherstein/Documents/PROYECTOS/php_template/vendor/laravel/framework/src/Illuminate/Foundation/Application.php(1220): Illuminate\\Foundation\\Http\\Kernel->handle(Object(Illuminate\\Http\\Request))
#39 /Users/waltherstein/Documents/PROYECTOS/php_template/public/index.php(18): Illuminate\\Foundation\\Application->handleRequest(Object(Illuminate\\Http\\Request))
#40 /Users/waltherstein/Documents/PROYECTOS/php_template/vendor/laravel/framework/src/Illuminate/Foundation/resources/server.php(23): require_once('/Users/walthers...')
#41 {main}
"} 
[2026-05-14 16:39:57] local.ERROR: Skipping unknown App\Http\Controllers\ApiDocsController {"exception":"[object] (ErrorException(code: 0): Skipping unknown App\\Http\\Controllers\\ApiDocsController at /Users/waltherstein/Documents/PROYECTOS/php_template/vendor/zircote/swagger-php/src/Loggers/DefaultLogger.php:23)
[stacktrace]
#0 /Users/waltherstein/Documents/PROYECTOS/php_template/vendor/laravel/framework/src/Illuminate/Foundation/Bootstrap/HandleExceptions.php(258): Illuminate\\Foundation\\Bootstrap\\HandleExceptions->handleError(512, 'Skipping unknow...', '/Users/walthers...', 23)
#1 [internal function]: Illuminate\\Foundation\\Bootstrap\\HandleExceptions->{closure:Illuminate\\Foundation\\Bootstrap\\HandleExceptions::forwardsTo():257}(512, 'Skipping unknow...', '/Users/walthers...', 23)
#2 /Users/waltherstein/Documents/PROYECTOS/php_template/vendor/zircote/swagger-php/src/Loggers/DefaultLogger.php(23): trigger_error('Skipping unknow...', 512)
#3 /Users/waltherstein/Documents/PROYECTOS/php_template/vendor/psr/log/src/LoggerTrait.php(61): OpenApi\\Loggers\\DefaultLogger->log('warning', 'Skipping unknow...', Array)
#4 /Users/waltherstein/Documents/PROYECTOS/php_template/vendor/zircote/swagger-php/src/Analysers/ReflectionAnalyser.php(88): Psr\\Log\\AbstractLogger->warning('Skipping unknow...')
#5 /Users/waltherstein/Documents/PROYECTOS/php_template/vendor/zircote/swagger-php/src/Analysers/ReflectionAnalyser.php(62): OpenApi\\Analysers\\ReflectionAnalyser->analyzeFqdn('App\\\\Http\\\\Contro...', Object(OpenApi\\Analysis), Array)
#6 /Users/waltherstein/Documents/PROYECTOS/php_template/vendor/zircote/swagger-php/src/Generator.php(431): OpenApi\\Analysers\\ReflectionAnalyser->fromFile('/Users/walthers...', Object(OpenApi\\Context))
#7 /Users/waltherstein/Documents/PROYECTOS/php_template/vendor/zircote/swagger-php/src/Generator.php(394): OpenApi\\Generator->scanSources(Object(OpenApi\\SourceFinder), Object(OpenApi\\Analysis), Object(OpenApi\\Context))
#8 /Users/waltherstein/Documents/PROYECTOS/php_template/vendor/darkaonline/l5-swagger/src/Generator.php(177): OpenApi\\Generator->generate(Object(OpenApi\\SourceFinder), Object(OpenApi\\Analysis))
#9 /Users/waltherstein/Documents/PROYECTOS/php_template/vendor/darkaonline/l5-swagger/src/Generator.php(118): L5Swagger\\Generator->scanFilesForDocumentation()
#10 /Users/waltherstein/Documents/PROYECTOS/php_template/vendor/darkaonline/l5-swagger/src/Console/GenerateDocsCommand.php(73): L5Swagger\\Generator->generateDocs()
#11 /Users/waltherstein/Documents/PROYECTOS/php_template/vendor/darkaonline/l5-swagger/src/Console/GenerateDocsCommand.php(56): L5Swagger\\Console\\GenerateDocsCommand->generateDocumentation(Object(L5Swagger\\GeneratorFactory), 'default')
#12 /Users/waltherstein/Documents/PROYECTOS/php_template/vendor/laravel/framework/src/Illuminate/Container/BoundMethod.php(36): L5Swagger\\Console\\GenerateDocsCommand->handle(Object(L5Swagger\\GeneratorFactory))
#13 /Users/waltherstein/Documents/PROYECTOS/php_template/vendor/laravel/framework/src/Illuminate/Container/Util.php(43): Illuminate\\Container\\BoundMethod::{closure:Illuminate\\Container\\BoundMethod::call():35}()
#14 /Users/waltherstein/Documents/PROYECTOS/php_template/vendor/laravel/framework/src/Illuminate/Container/BoundMethod.php(95): Illuminate\\Container\\Util::unwrapIfClosure(Object(Closure))
#15 /Users/waltherstein/Documents/PROYECTOS/php_template/vendor/laravel/framework/src/Illuminate/Container/BoundMethod.php(35): Illuminate\\Container\\BoundMethod::callBoundMethod(Object(Illuminate\\Foundation\\Application), Array, Object(Closure))
#16 /Users/waltherstein/Documents/PROYECTOS/php_template/vendor/laravel/framework/src/Illuminate/Container/Container.php(696): Illuminate\\Container\\BoundMethod::call(Object(Illuminate\\Foundation\\Application), Array, Array, NULL)
#17 /Users/waltherstein/Documents/PROYECTOS/php_template/vendor/laravel/framework/src/Illuminate/Console/Command.php(213): Illuminate\\Container\\Container->call(Array)
#18 /Users/waltherstein/Documents/PROYECTOS/php_template/vendor/symfony/console/Command/Command.php(341): Illuminate\\Console\\Command->execute(Object(Symfony\\Component\\Console\\Input\\ArgvInput), Object(Illuminate\\Console\\OutputStyle))
#19 /Users/waltherstein/Documents/PROYECTOS/php_template/vendor/laravel/framework/src/Illuminate/Console/Command.php(182): Symfony\\Component\\Console\\Command\\Command->run(Object(Symfony\\Component\\Console\\Input\\ArgvInput), Object(Illuminate\\Console\\OutputStyle))
#20 /Users/waltherstein/Documents/PROYECTOS/php_template/vendor/symfony/console/Application.php(1117): Illuminate\\Console\\Command->run(Object(Symfony\\Component\\Console\\Input\\ArgvInput), Object(Symfony\\Component\\Console\\Output\\ConsoleOutput))
#21 /Users/waltherstein/Documents/PROYECTOS/php_template/vendor/symfony/console/Application.php(356): Symfony\\Component\\Console\\Application->doRunCommand(Object(L5Swagger\\Console\\GenerateDocsCommand), Object(Symfony\\Component\\Console\\Input\\ArgvInput), Object(Symfony\\Component\\Console\\Output\\ConsoleOutput))
#22 /Users/waltherstein/Documents/PROYECTOS/php_template/vendor/symfony/console/Application.php(195): Symfony\\Component\\Console\\Application->doRun(Object(Symfony\\Component\\Console\\Input\\ArgvInput), Object(Symfony\\Component\\Console\\Output\\ConsoleOutput))
#23 /Users/waltherstein/Documents/PROYECTOS/php_template/vendor/laravel/framework/src/Illuminate/Foundation/Console/Kernel.php(198): Symfony\\Component\\Console\\Application->run(Object(Symfony\\Component\\Console\\Input\\ArgvInput), Object(Symfony\\Component\\Console\\Output\\ConsoleOutput))
#24 /Users/waltherstein/Documents/PROYECTOS/php_template/artisan(14): Illuminate\\Foundation\\Console\\Kernel->handle(Object(Symfony\\Component\\Console\\Input\\ArgvInput), Object(Symfony\\Component\\Console\\Output\\ConsoleOutput))
#25 {main}
"} 
[2026-05-14 16:40:21] local.ERROR: Required @OA\Info() not found {"exception":"[object] (ErrorException(code: 0): Required @OA\\Info() not found at /Users/waltherstein/Documents/PROYECTOS/php_template/vendor/zircote/swagger-php/src/Loggers/DefaultLogger.php:23)
[stacktrace]
#0 /Users/waltherstein/Documents/PROYECTOS/php_template/vendor/laravel/framework/src/Illuminate/Foundation/Bootstrap/HandleExceptions.php(258): Illuminate\\Foundation\\Bootstrap\\HandleExceptions->handleError(512, 'Required @OA\\\\In...', '/Users/walthers...', 23)
#1 [internal function]: Illuminate\\Foundation\\Bootstrap\\HandleExceptions->{closure:Illuminate\\Foundation\\Bootstrap\\HandleExceptions::forwardsTo():257}(512, 'Required @OA\\\\In...', '/Users/walthers...', 23)
#2 /Users/waltherstein/Documents/PROYECTOS/php_template/vendor/zircote/swagger-php/src/Loggers/DefaultLogger.php(23): trigger_error('Required @OA\\\\In...', 512)
#3 /Users/waltherstein/Documents/PROYECTOS/php_template/vendor/psr/log/src/LoggerTrait.php(61): OpenApi\\Loggers\\DefaultLogger->log('warning', 'Required @OA\\\\In...', Array)
#4 /Users/waltherstein/Documents/PROYECTOS/php_template/vendor/zircote/swagger-php/src/Annotations/AbstractAnnotation.php(549): Psr\\Log\\AbstractLogger->warning('Required @OA\\\\In...')
#5 /Users/waltherstein/Documents/PROYECTOS/php_template/vendor/zircote/swagger-php/src/Annotations/OpenApi.php(162): OpenApi\\Annotations\\AbstractAnnotation->validate(Object(OpenApi\\Analysis), '3.0.0', Object(stdClass))
#6 /Users/waltherstein/Documents/PROYECTOS/php_template/vendor/zircote/swagger-php/src/Analysis.php(402): OpenApi\\Annotations\\OpenApi->validate(Object(OpenApi\\Analysis), '3.0.0', Object(stdClass))
#7 /Users/waltherstein/Documents/PROYECTOS/php_template/vendor/zircote/swagger-php/src/Generator.php(408): OpenApi\\Analysis->validate()
#8 /Users/waltherstein/Documents/PROYECTOS/php_template/vendor/darkaonline/l5-swagger/src/Generator.php(177): OpenApi\\Generator->generate(Object(OpenApi\\SourceFinder), Object(OpenApi\\Analysis))
#9 /Users/waltherstein/Documents/PROYECTOS/php_template/vendor/darkaonline/l5-swagger/src/Generator.php(118): L5Swagger\\Generator->scanFilesForDocumentation()
#10 /Users/waltherstein/Documents/PROYECTOS/php_template/vendor/darkaonline/l5-swagger/src/Console/GenerateDocsCommand.php(73): L5Swagger\\Generator->generateDocs()
#11 /Users/waltherstein/Documents/PROYECTOS/php_template/vendor/darkaonline/l5-swagger/src/Console/GenerateDocsCommand.php(56): L5Swagger\\Console\\GenerateDocsCommand->generateDocumentation(Object(L5Swagger\\GeneratorFactory), 'default')
#12 /Users/waltherstein/Documents/PROYECTOS/php_template/vendor/laravel/framework/src/Illuminate/Container/BoundMethod.php(36): L5Swagger\\Console\\GenerateDocsCommand->handle(Object(L5Swagger\\GeneratorFactory))
#13 /Users/waltherstein/Documents/PROYECTOS/php_template/vendor/laravel/framework/src/Illuminate/Container/Util.php(43): Illuminate\\Container\\BoundMethod::{closure:Illuminate\\Container\\BoundMethod::call():35}()
#14 /Users/waltherstein/Documents/PROYECTOS/php_template/vendor/laravel/framework/src/Illuminate/Container/BoundMethod.php(95): Illuminate\\Container\\Util::unwrapIfClosure(Object(Closure))
#15 /Users/waltherstein/Documents/PROYECTOS/php_template/vendor/laravel/framework/src/Illuminate/Container/BoundMethod.php(35): Illuminate\\Container\\BoundMethod::callBoundMethod(Object(Illuminate\\Foundation\\Application), Array, Object(Closure))
#16 /Users/waltherstein/Documents/PROYECTOS/php_template/vendor/laravel/framework/src/Illuminate/Container/Container.php(696): Illuminate\\Container\\BoundMethod::call(Object(Illuminate\\Foundation\\Application), Array, Array, NULL)
#17 /Users/waltherstein/Documents/PROYECTOS/php_template/vendor/laravel/framework/src/Illuminate/Console/Command.php(213): Illuminate\\Container\\Container->call(Array)
#18 /Users/waltherstein/Documents/PROYECTOS/php_template/vendor/symfony/console/Command/Command.php(341): Illuminate\\Console\\Command->execute(Object(Symfony\\Component\\Console\\Input\\ArgvInput), Object(Illuminate\\Console\\OutputStyle))
#19 /Users/waltherstein/Documents/PROYECTOS/php_template/vendor/laravel/framework/src/Illuminate/Console/Command.php(182): Symfony\\Component\\Console\\Command\\Command->run(Object(Symfony\\Component\\Console\\Input\\ArgvInput), Object(Illuminate\\Console\\OutputStyle))
#20 /Users/waltherstein/Documents/PROYECTOS/php_template/vendor/symfony/console/Application.php(1117): Illuminate\\Console\\Command->run(Object(Symfony\\Component\\Console\\Input\\ArgvInput), Object(Symfony\\Component\\Console\\Output\\ConsoleOutput))
#21 /Users/waltherstein/Documents/PROYECTOS/php_template/vendor/symfony/console/Application.php(356): Symfony\\Component\\Console\\Application->doRunCommand(Object(L5Swagger\\Console\\GenerateDocsCommand), Object(Symfony\\Component\\Console\\Input\\ArgvInput), Object(Symfony\\Component\\Console\\Output\\ConsoleOutput))
#22 /Users/waltherstein/Documents/PROYECTOS/php_template/vendor/symfony/console/Application.php(195): Symfony\\Component\\Console\\Application->doRun(Object(Symfony\\Component\\Console\\Input\\ArgvInput), Object(Symfony\\Component\\Console\\Output\\ConsoleOutput))
#23 /Users/waltherstein/Documents/PROYECTOS/php_template/vendor/laravel/framework/src/Illuminate/Foundation/Console/Kernel.php(198): Symfony\\Component\\Console\\Application->run(Object(Symfony\\Component\\Console\\Input\\ArgvInput), Object(Symfony\\Component\\Console\\Output\\ConsoleOutput))
#24 /Users/waltherstein/Documents/PROYECTOS/php_template/artisan(14): Illuminate\\Foundation\\Console\\Kernel->handle(Object(Symfony\\Component\\Console\\Input\\ArgvInput), Object(Symfony\\Component\\Console\\Output\\ConsoleOutput))
#25 {main}
"} 
[2026-05-14 16:43:22] local.ERROR: Required @OA\Info() not found {"exception":"[object] (ErrorException(code: 0): Required @OA\\Info() not found at /Users/waltherstein/Documents/PROYECTOS/php_template/vendor/zircote/swagger-php/src/Loggers/DefaultLogger.php:23)
[stacktrace]
#0 /Users/waltherstein/Documents/PROYECTOS/php_template/vendor/laravel/framework/src/Illuminate/Foundation/Bootstrap/HandleExceptions.php(258): Illuminate\\Foundation\\Bootstrap\\HandleExceptions->handleError(512, 'Required @OA\\\\In...', '/Users/walthers...', 23)
#1 [internal function]: Illuminate\\Foundation\\Bootstrap\\HandleExceptions->{closure:Illuminate\\Foundation\\Bootstrap\\HandleExceptions::forwardsTo():257}(512, 'Required @OA\\\\In...', '/Users/walthers...', 23)
#2 /Users/waltherstein/Documents/PROYECTOS/php_template/vendor/zircote/swagger-php/src/Loggers/DefaultLogger.php(23): trigger_error('Required @OA\\\\In...', 512)
#3 /Users/waltherstein/Documents/PROYECTOS/php_template/vendor/psr/log/src/LoggerTrait.php(61): OpenApi\\Loggers\\DefaultLogger->log('warning', 'Required @OA\\\\In...', Array)
#4 /Users/waltherstein/Documents/PROYECTOS/php_template/vendor/zircote/swagger-php/src/Annotations/AbstractAnnotation.php(549): Psr\\Log\\AbstractLogger->warning('Required @OA\\\\In...')
#5 /Users/waltherstein/Documents/PROYECTOS/php_template/vendor/zircote/swagger-php/src/Annotations/OpenApi.php(162): OpenApi\\Annotations\\AbstractAnnotation->validate(Object(OpenApi\\Analysis), '3.0.0', Object(stdClass))
#6 /Users/waltherstein/Documents/PROYECTOS/php_template/vendor/zircote/swagger-php/src/Analysis.php(402): OpenApi\\Annotations\\OpenApi->validate(Object(OpenApi\\Analysis), '3.0.0', Object(stdClass))
#7 /Users/waltherstein/Documents/PROYECTOS/php_template/vendor/zircote/swagger-php/src/Generator.php(408): OpenApi\\Analysis->validate()
#8 /Users/waltherstein/Documents/PROYECTOS/php_template/vendor/darkaonline/l5-swagger/src/Generator.php(177): OpenApi\\Generator->generate(Object(OpenApi\\SourceFinder), Object(OpenApi\\Analysis))
#9 /Users/waltherstein/Documents/PROYECTOS/php_template/vendor/darkaonline/l5-swagger/src/Generator.php(118): L5Swagger\\Generator->scanFilesForDocumentation()
#10 /Users/waltherstein/Documents/PROYECTOS/php_template/vendor/darkaonline/l5-swagger/src/Console/GenerateDocsCommand.php(73): L5Swagger\\Generator->generateDocs()
#11 /Users/waltherstein/Documents/PROYECTOS/php_template/vendor/darkaonline/l5-swagger/src/Console/GenerateDocsCommand.php(56): L5Swagger\\Console\\GenerateDocsCommand->generateDocumentation(Object(L5Swagger\\GeneratorFactory), 'default')
#12 /Users/waltherstein/Documents/PROYECTOS/php_template/vendor/laravel/framework/src/Illuminate/Container/BoundMethod.php(36): L5Swagger\\Console\\GenerateDocsCommand->handle(Object(L5Swagger\\GeneratorFactory))
#13 /Users/waltherstein/Documents/PROYECTOS/php_template/vendor/laravel/framework/src/Illuminate/Container/Util.php(43): Illuminate\\Container\\BoundMethod::{closure:Illuminate\\Container\\BoundMethod::call():35}()
#14 /Users/waltherstein/Documents/PROYECTOS/php_template/vendor/laravel/framework/src/Illuminate/Container/BoundMethod.php(95): Illuminate\\Container\\Util::unwrapIfClosure(Object(Closure))
#15 /Users/waltherstein/Documents/PROYECTOS/php_template/vendor/laravel/framework/src/Illuminate/Container/BoundMethod.php(35): Illuminate\\Container\\BoundMethod::callBoundMethod(Object(Illuminate\\Foundation\\Application), Array, Object(Closure))
#16 /Users/waltherstein/Documents/PROYECTOS/php_template/vendor/laravel/framework/src/Illuminate/Container/Container.php(696): Illuminate\\Container\\BoundMethod::call(Object(Illuminate\\Foundation\\Application), Array, Array, NULL)
#17 /Users/waltherstein/Documents/PROYECTOS/php_template/vendor/laravel/framework/src/Illuminate/Console/Command.php(213): Illuminate\\Container\\Container->call(Array)
#18 /Users/waltherstein/Documents/PROYECTOS/php_template/vendor/symfony/console/Command/Command.php(341): Illuminate\\Console\\Command->execute(Object(Symfony\\Component\\Console\\Input\\ArgvInput), Object(Illuminate\\Console\\OutputStyle))
#19 /Users/waltherstein/Documents/PROYECTOS/php_template/vendor/laravel/framework/src/Illuminate/Console/Command.php(182): Symfony\\Component\\Console\\Command\\Command->run(Object(Symfony\\Component\\Console\\Input\\ArgvInput), Object(Illuminate\\Console\\OutputStyle))
#20 /Users/waltherstein/Documents/PROYECTOS/php_template/vendor/symfony/console/Application.php(1117): Illuminate\\Console\\Command->run(Object(Symfony\\Component\\Console\\Input\\ArgvInput), Object(Symfony\\Component\\Console\\Output\\ConsoleOutput))
#21 /Users/waltherstein/Documents/PROYECTOS/php_template/vendor/symfony/console/Application.php(356): Symfony\\Component\\Console\\Application->doRunCommand(Object(L5Swagger\\Console\\GenerateDocsCommand), Object(Symfony\\Component\\Console\\Input\\ArgvInput), Object(Symfony\\Component\\Console\\Output\\ConsoleOutput))
#22 /Users/waltherstein/Documents/PROYECTOS/php_template/vendor/symfony/console/Application.php(195): Symfony\\Component\\Console\\Application->doRun(Object(Symfony\\Component\\Console\\Input\\ArgvInput), Object(Symfony\\Component\\Console\\Output\\ConsoleOutput))
#23 /Users/waltherstein/Documents/PROYECTOS/php_template/vendor/laravel/framework/src/Illuminate/Foundation/Console/Kernel.php(198): Symfony\\Component\\Console\\Application->run(Object(Symfony\\Component\\Console\\Input\\ArgvInput), Object(Symfony\\Component\\Console\\Output\\ConsoleOutput))
#24 /Users/waltherstein/Documents/PROYECTOS/php_template/artisan(14): Illuminate\\Foundation\\Console\\Kernel->handle(Object(Symfony\\Component\\Console\\Input\\ArgvInput), Object(Symfony\\Component\\Console\\Output\\ConsoleOutput))
#25 {main}
"} 
[2026-05-14 16:52:50] local.ERROR: Required @OA\Info() not found {"exception":"[object] (ErrorException(code: 0): Required @OA\\Info() not found at /Users/waltherstein/Documents/PROYECTOS/php_template/vendor/zircote/swagger-php/src/Loggers/DefaultLogger.php:23)
[stacktrace]
#0 /Users/waltherstein/Documents/PROYECTOS/php_template/vendor/laravel/framework/src/Illuminate/Foundation/Bootstrap/HandleExceptions.php(258): Illuminate\\Foundation\\Bootstrap\\HandleExceptions->handleError(512, 'Required @OA\\\\In...', '/Users/walthers...', 23)
#1 [internal function]: Illuminate\\Foundation\\Bootstrap\\HandleExceptions->{closure:Illuminate\\Foundation\\Bootstrap\\HandleExceptions::forwardsTo():257}(512, 'Required @OA\\\\In...', '/Users/walthers...', 23)
#2 /Users/waltherstein/Documents/PROYECTOS/php_template/vendor/zircote/swagger-php/src/Loggers/DefaultLogger.php(23): trigger_error('Required @OA\\\\In...', 512)
#3 /Users/waltherstein/Documents/PROYECTOS/php_template/vendor/psr/log/src/LoggerTrait.php(61): OpenApi\\Loggers\\DefaultLogger->log('warning', 'Required @OA\\\\In...', Array)
#4 /Users/waltherstein/Documents/PROYECTOS/php_template/vendor/zircote/swagger-php/src/Annotations/AbstractAnnotation.php(549): Psr\\Log\\AbstractLogger->warning('Required @OA\\\\In...')
#5 /Users/waltherstein/Documents/PROYECTOS/php_template/vendor/zircote/swagger-php/src/Annotations/OpenApi.php(162): OpenApi\\Annotations\\AbstractAnnotation->validate(Object(OpenApi\\Analysis), '3.0.0', Object(stdClass))
#6 /Users/waltherstein/Documents/PROYECTOS/php_template/vendor/zircote/swagger-php/src/Analysis.php(402): OpenApi\\Annotations\\OpenApi->validate(Object(OpenApi\\Analysis), '3.0.0', Object(stdClass))
#7 /Users/waltherstein/Documents/PROYECTOS/php_template/vendor/zircote/swagger-php/src/Generator.php(408): OpenApi\\Analysis->validate()
#8 /Users/waltherstein/Documents/PROYECTOS/php_template/app/Console/Commands/GenerateOpenApi.php(30): OpenApi\\Generator->generate(Array)
#9 /Users/waltherstein/Documents/PROYECTOS/php_template/vendor/laravel/framework/src/Illuminate/Container/BoundMethod.php(36): App\\Console\\Commands\\GenerateOpenApi->handle()
#10 /Users/waltherstein/Documents/PROYECTOS/php_template/vendor/laravel/framework/src/Illuminate/Container/Util.php(43): Illuminate\\Container\\BoundMethod::{closure:Illuminate\\Container\\BoundMethod::call():35}()
#11 /Users/waltherstein/Documents/PROYECTOS/php_template/vendor/laravel/framework/src/Illuminate/Container/BoundMethod.php(95): Illuminate\\Container\\Util::unwrapIfClosure(Object(Closure))
#12 /Users/waltherstein/Documents/PROYECTOS/php_template/vendor/laravel/framework/src/Illuminate/Container/BoundMethod.php(35): Illuminate\\Container\\BoundMethod::callBoundMethod(Object(Illuminate\\Foundation\\Application), Array, Object(Closure))
#13 /Users/waltherstein/Documents/PROYECTOS/php_template/vendor/laravel/framework/src/Illuminate/Container/Container.php(696): Illuminate\\Container\\BoundMethod::call(Object(Illuminate\\Foundation\\Application), Array, Array, NULL)
#14 /Users/waltherstein/Documents/PROYECTOS/php_template/vendor/laravel/framework/src/Illuminate/Console/Command.php(213): Illuminate\\Container\\Container->call(Array)
#15 /Users/waltherstein/Documents/PROYECTOS/php_template/vendor/symfony/console/Command/Command.php(341): Illuminate\\Console\\Command->execute(Object(Symfony\\Component\\Console\\Input\\ArgvInput), Object(Illuminate\\Console\\OutputStyle))
#16 /Users/waltherstein/Documents/PROYECTOS/php_template/vendor/laravel/framework/src/Illuminate/Console/Command.php(182): Symfony\\Component\\Console\\Command\\Command->run(Object(Symfony\\Component\\Console\\Input\\ArgvInput), Object(Illuminate\\Console\\OutputStyle))
#17 /Users/waltherstein/Documents/PROYECTOS/php_template/vendor/symfony/console/Application.php(1117): Illuminate\\Console\\Command->run(Object(Symfony\\Component\\Console\\Input\\ArgvInput), Object(Symfony\\Component\\Console\\Output\\ConsoleOutput))
#18 /Users/waltherstein/Documents/PROYECTOS/php_template/vendor/symfony/console/Application.php(356): Symfony\\Component\\Console\\Application->doRunCommand(Object(App\\Console\\Commands\\GenerateOpenApi), Object(Symfony\\Component\\Console\\Input\\ArgvInput), Object(Symfony\\Component\\Console\\Output\\ConsoleOutput))
#19 /Users/waltherstein/Documents/PROYECTOS/php_template/vendor/symfony/console/Application.php(195): Symfony\\Component\\Console\\Application->doRun(Object(Symfony\\Component\\Console\\Input\\ArgvInput), Object(Symfony\\Component\\Console\\Output\\ConsoleOutput))
#20 /Users/waltherstein/Documents/PROYECTOS/php_template/vendor/laravel/framework/src/Illuminate/Foundation/Console/Kernel.php(198): Symfony\\Component\\Console\\Application->run(Object(Symfony\\Component\\Console\\Input\\ArgvInput), Object(Symfony\\Component\\Console\\Output\\ConsoleOutput))
#21 /Users/waltherstein/Documents/PROYECTOS/php_template/artisan(14): Illuminate\\Foundation\\Console\\Kernel->handle(Object(Symfony\\Component\\Console\\Input\\ArgvInput), Object(Symfony\\Component\\Console\\Output\\ConsoleOutput))
#22 {main}
"} 
[2026-05-14 16:54:24] local.ERROR: Class "L5Swagger\L5SwaggerServiceProvider" not found {"exception":"[object] (Error(code: 0): Class \"L5Swagger\\L5SwaggerServiceProvider\" not found at /Users/waltherstein/Documents/PROYECTOS/php_template/vendor/laravel/framework/src/Illuminate/Foundation/Application.php:961)
[stacktrace]
#0 /Users/waltherstein/Documents/PROYECTOS/php_template/vendor/laravel/framework/src/Illuminate/Foundation/Application.php(893): Illuminate\\Foundation\\Application->resolveProvider('L5Swagger\\\\L5Swa...')
#1 /Users/waltherstein/Documents/PROYECTOS/php_template/vendor/laravel/framework/src/Illuminate/Foundation/ProviderRepository.php(75): Illuminate\\Foundation\\Application->register('L5Swagger\\\\L5Swa...')
#2 /Users/waltherstein/Documents/PROYECTOS/php_template/vendor/laravel/framework/src/Illuminate/Foundation/Application.php(871): Illuminate\\Foundation\\ProviderRepository->load(Array)
#3 /Users/waltherstein/Documents/PROYECTOS/php_template/vendor/laravel/framework/src/Illuminate/Foundation/Bootstrap/RegisterProviders.php(37): Illuminate\\Foundation\\Application->registerConfiguredProviders()
#4 /Users/waltherstein/Documents/PROYECTOS/php_template/vendor/laravel/framework/src/Illuminate/Foundation/Application.php(342): Illuminate\\Foundation\\Bootstrap\\RegisterProviders->bootstrap(Object(Illuminate\\Foundation\\Application))
#5 /Users/waltherstein/Documents/PROYECTOS/php_template/vendor/laravel/framework/src/Illuminate/Foundation/Console/Kernel.php(474): Illuminate\\Foundation\\Application->bootstrapWith(Array)
#6 /Users/waltherstein/Documents/PROYECTOS/php_template/vendor/laravel/framework/src/Illuminate/Foundation/Console/Kernel.php(196): Illuminate\\Foundation\\Console\\Kernel->bootstrap()
#7 /Users/waltherstein/Documents/PROYECTOS/php_template/artisan(14): Illuminate\\Foundation\\Console\\Kernel->handle(Object(Symfony\\Component\\Console\\Input\\ArgvInput), Object(Symfony\\Component\\Console\\Output\\ConsoleOutput))
#8 {main}
"} 
[2026-05-14 16:54:57] local.ERROR: Class "L5Swagger\L5SwaggerServiceProvider" not found {"exception":"[object] (Error(code: 0): Class \"L5Swagger\\L5SwaggerServiceProvider\" not found at /Users/waltherstein/Documents/PROYECTOS/php_template/vendor/laravel/framework/src/Illuminate/Foundation/ProviderRepository.php:206)
[stacktrace]
#0 /Users/waltherstein/Documents/PROYECTOS/php_template/vendor/laravel/framework/src/Illuminate/Foundation/ProviderRepository.php(142): Illuminate\\Foundation\\ProviderRepository->createProvider('L5Swagger\\\\L5Swa...')
#1 /Users/waltherstein/Documents/PROYECTOS/php_template/vendor/laravel/framework/src/Illuminate/Foundation/ProviderRepository.php(61): Illuminate\\Foundation\\ProviderRepository->compileManifest(Array)
#2 /Users/waltherstein/Documents/PROYECTOS/php_template/vendor/laravel/framework/src/Illuminate/Foundation/Application.php(871): Illuminate\\Foundation\\ProviderRepository->load(Array)
#3 /Users/waltherstein/Documents/PROYECTOS/php_template/vendor/laravel/framework/src/Illuminate/Foundation/Bootstrap/RegisterProviders.php(37): Illuminate\\Foundation\\Application->registerConfiguredProviders()
#4 /Users/waltherstein/Documents/PROYECTOS/php_template/vendor/laravel/framework/src/Illuminate/Foundation/Application.php(342): Illuminate\\Foundation\\Bootstrap\\RegisterProviders->bootstrap(Object(Illuminate\\Foundation\\Application))
#5 /Users/waltherstein/Documents/PROYECTOS/php_template/vendor/laravel/framework/src/Illuminate/Foundation/Console/Kernel.php(474): Illuminate\\Foundation\\Application->bootstrapWith(Array)
#6 /Users/waltherstein/Documents/PROYECTOS/php_template/vendor/laravel/framework/src/Illuminate/Foundation/Console/Kernel.php(196): Illuminate\\Foundation\\Console\\Kernel->bootstrap()
#7 /Users/waltherstein/Documents/PROYECTOS/php_template/artisan(14): Illuminate\\Foundation\\Console\\Kernel->handle(Object(Symfony\\Component\\Console\\Input\\ArgvInput), Object(Symfony\\Component\\Console\\Output\\ConsoleOutput))
#8 {main}
"} 
[2026-05-14 17:15:04] local.ERROR: Class "OpenApi\Generator" not found {"exception":"[object] (Error(code: 0): Class \"OpenApi\\Generator\" not found at /Users/waltherstein/Documents/PROYECTOS/php_template/app/Console/Commands/GenerateOpenApi.php:29)
[stacktrace]
#0 /Users/waltherstein/Documents/PROYECTOS/php_template/vendor/laravel/framework/src/Illuminate/Container/BoundMethod.php(36): App\\Console\\Commands\\GenerateOpenApi->handle()
#1 /Users/waltherstein/Documents/PROYECTOS/php_template/vendor/laravel/framework/src/Illuminate/Container/Util.php(43): Illuminate\\Container\\BoundMethod::{closure:Illuminate\\Container\\BoundMethod::call():35}()
#2 /Users/waltherstein/Documents/PROYECTOS/php_template/vendor/laravel/framework/src/Illuminate/Container/BoundMethod.php(95): Illuminate\\Container\\Util::unwrapIfClosure(Object(Closure))
#3 /Users/waltherstein/Documents/PROYECTOS/php_template/vendor/laravel/framework/src/Illuminate/Container/BoundMethod.php(35): Illuminate\\Container\\BoundMethod::callBoundMethod(Object(Illuminate\\Foundation\\Application), Array, Object(Closure))
#4 /Users/waltherstein/Documents/PROYECTOS/php_template/vendor/laravel/framework/src/Illuminate/Container/Container.php(696): Illuminate\\Container\\BoundMethod::call(Object(Illuminate\\Foundation\\Application), Array, Array, NULL)
#5 /Users/waltherstein/Documents/PROYECTOS/php_template/vendor/laravel/framework/src/Illuminate/Console/Command.php(213): Illuminate\\Container\\Container->call(Array)
#6 /Users/waltherstein/Documents/PROYECTOS/php_template/vendor/symfony/console/Command/Command.php(341): Illuminate\\Console\\Command->execute(Object(Symfony\\Component\\Console\\Input\\ArgvInput), Object(Illuminate\\Console\\OutputStyle))
#7 /Users/waltherstein/Documents/PROYECTOS/php_template/vendor/laravel/framework/src/Illuminate/Console/Command.php(182): Symfony\\Component\\Console\\Command\\Command->run(Object(Symfony\\Component\\Console\\Input\\ArgvInput), Object(Illuminate\\Console\\OutputStyle))
#8 /Users/waltherstein/Documents/PROYECTOS/php_template/vendor/symfony/console/Application.php(1117): Illuminate\\Console\\Command->run(Object(Symfony\\Component\\Console\\Input\\ArgvInput), Object(Symfony\\Component\\Console\\Output\\ConsoleOutput))
#9 /Users/waltherstein/Documents/PROYECTOS/php_template/vendor/symfony/console/Application.php(356): Symfony\\Component\\Console\\Application->doRunCommand(Object(App\\Console\\Commands\\GenerateOpenApi), Object(Symfony\\Component\\Console\\Input\\ArgvInput), Object(Symfony\\Component\\Console\\Output\\ConsoleOutput))
#10 /Users/waltherstein/Documents/PROYECTOS/php_template/vendor/symfony/console/Application.php(195): Symfony\\Component\\Console\\Application->doRun(Object(Symfony\\Component\\Console\\Input\\ArgvInput), Object(Symfony\\Component\\Console\\Output\\ConsoleOutput))
#11 /Users/waltherstein/Documents/PROYECTOS/php_template/vendor/laravel/framework/src/Illuminate/Foundation/Console/Kernel.php(198): Symfony\\Component\\Console\\Application->run(Object(Symfony\\Component\\Console\\Input\\ArgvInput), Object(Symfony\\Component\\Console\\Output\\ConsoleOutput))
#12 /Users/waltherstein/Documents/PROYECTOS/php_template/artisan(14): Illuminate\\Foundation\\Console\\Kernel->handle(Object(Symfony\\Component\\Console\\Input\\ArgvInput), Object(Symfony\\Component\\Console\\Output\\ConsoleOutput))
#13 {main}
"} 
[2026-05-14 17:19:24] local.ERROR: No application encryption key has been specified. {"exception":"[object] (Illuminate\\Encryption\\MissingAppKeyException(code: 0): No application encryption key has been specified. at /Users/waltherstein/Documents/PROYECTOS/php_template/vendor/laravel/framework/src/Illuminate/Encryption/EncryptionServiceProvider.php:83)
[stacktrace]
#0 /Users/waltherstein/Documents/PROYECTOS/php_template/vendor/laravel/framework/src/Illuminate/Support/helpers.php(399): Illuminate\\Encryption\\EncryptionServiceProvider->{closure:Illuminate\\Encryption\\EncryptionServiceProvider::key():81}('')
#1 /Users/waltherstein/Documents/PROYECTOS/php_template/vendor/laravel/framework/src/Illuminate/Encryption/EncryptionServiceProvider.php(81): tap('', Object(Closure))
#2 /Users/waltherstein/Documents/PROYECTOS/php_template/vendor/laravel/framework/src/Illuminate/Encryption/EncryptionServiceProvider.php(64): Illuminate\\Encryption\\EncryptionServiceProvider->key(Array)
#3 /Users/waltherstein/Documents/PROYECTOS/php_template/vendor/laravel/framework/src/Illuminate/Encryption/EncryptionServiceProvider.php(32): Illuminate\\Encryption\\EncryptionServiceProvider->parseKey(Array)
#4 /Users/waltherstein/Documents/PROYECTOS/php_template/vendor/laravel/framework/src/Illuminate/Container/Container.php(952): Illuminate\\Encryption\\EncryptionServiceProvider->{closure:Illuminate\\Encryption\\EncryptionServiceProvider::registerEncrypter():29}(Object(Illuminate\\Foundation\\Application), Array)
#5 /Users/waltherstein/Documents/PROYECTOS/php_template/vendor/laravel/framework/src/Illuminate/Container/Container.php(832): Illuminate\\Container\\Container->build(Object(Closure))
#6 /Users/waltherstein/Documents/PROYECTOS/php_template/vendor/laravel/framework/src/Illuminate/Foundation/Application.php(1078): Illuminate\\Container\\Container->resolve('encrypter', Array, true)
#7 /Users/waltherstein/Documents/PROYECTOS/php_template/vendor/laravel/framework/src/Illuminate/Container/Container.php(763): Illuminate\\Foundation\\Application->resolve('encrypter', Array)
#8 /Users/waltherstein/Documents/PROYECTOS/php_template/vendor/laravel/framework/src/Illuminate/Foundation/Application.php(1058): Illuminate\\Container\\Container->make('encrypter', Array)
#9 /Users/waltherstein/Documents/PROYECTOS/php_template/vendor/laravel/framework/src/Illuminate/Container/Container.php(1133): Illuminate\\Foundation\\Application->make('encrypter')
#10 /Users/waltherstein/Documents/PROYECTOS/php_template/vendor/laravel/framework/src/Illuminate/Container/Container.php(1043): Illuminate\\Container\\Container->resolveClass(Object(ReflectionParameter))
#11 /Users/waltherstein/Documents/PROYECTOS/php_template/vendor/laravel/framework/src/Illuminate/Container/Container.php(994): Illuminate\\Container\\Container->resolveDependencies(Array)
#12 /Users/waltherstein/Documents/PROYECTOS/php_template/vendor/laravel/framework/src/Illuminate/Container/Container.php(832): Illuminate\\Container\\Container->build('Illuminate\\\\Cook...')
#13 /Users/waltherstein/Documents/PROYECTOS/php_template/vendor/laravel/framework/src/Illuminate/Foundation/Application.php(1078): Illuminate\\Container\\Container->resolve('Illuminate\\\\Cook...', Array, true)
#14 /Users/waltherstein/Documents/PROYECTOS/php_template/vendor/laravel/framework/src/Illuminate/Container/Container.php(763): Illuminate\\Foundation\\Application->resolve('Illuminate\\\\Cook...', Array)
#15 /Users/waltherstein/Documents/PROYECTOS/php_template/vendor/laravel/framework/src/Illuminate/Foundation/Application.php(1058): Illuminate\\Container\\Container->make('Illuminate\\\\Cook...', Array)
#16 /Users/waltherstein/Documents/PROYECTOS/php_template/vendor/laravel/framework/src/Illuminate/Pipeline/Pipeline.php(198): Illuminate\\Foundation\\Application->make('Illuminate\\\\Cook...')
#17 /Users/waltherstein/Documents/PROYECTOS/php_template/vendor/laravel/sanctum/src/Http/Middleware/EnsureFrontendRequestsAreStateful.php(61): Illuminate\\Pipeline\\Pipeline->{closure:{closure:Illuminate\\Pipeline\\Pipeline::carry():184}:185}(Object(Illuminate\\Http\\Request))
#18 /Users/waltherstein/Documents/PROYECTOS/php_template/vendor/laravel/framework/src/Illuminate/Pipeline/Pipeline.php(191): Laravel\\Sanctum\\Http\\Middleware\\EnsureFrontendRequestsAreStateful->{closure:Laravel\\Sanctum\\Http\\Middleware\\EnsureFrontendRequestsAreStateful::frontendMiddleware():58}(Object(Illuminate\\Http\\Request), Object(Closure))
#19 /Users/waltherstein/Documents/PROYECTOS/php_template/vendor/laravel/framework/src/Illuminate/Pipeline/Pipeline.php(127): Illuminate\\Pipeline\\Pipeline->{closure:{closure:Illuminate\\Pipeline\\Pipeline::carry():184}:185}(Object(Illuminate\\Http\\Request))
#20 /Users/waltherstein/Documents/PROYECTOS/php_template/vendor/laravel/sanctum/src/Http/Middleware/EnsureFrontendRequestsAreStateful.php(25): Illuminate\\Pipeline\\Pipeline->then(Object(Closure))
#21 /Users/waltherstein/Documents/PROYECTOS/php_template/vendor/laravel/framework/src/Illuminate/Pipeline/Pipeline.php(209): Laravel\\Sanctum\\Http\\Middleware\\EnsureFrontendRequestsAreStateful->handle(Object(Illuminate\\Http\\Request), Object(Closure))
#22 /Users/waltherstein/Documents/PROYECTOS/php_template/src/Presentation/Http/Middleware/JsonResponseMiddleware.php(17): Illuminate\\Pipeline\\Pipeline->{closure:{closure:Illuminate\\Pipeline\\Pipeline::carry():184}:185}(Object(Illuminate\\Http\\Request))
#23 /Users/waltherstein/Documents/PROYECTOS/php_template/vendor/laravel/framework/src/Illuminate/Pipeline/Pipeline.php(209): Presentation\\Http\\Middleware\\JsonResponseMiddleware->handle(Object(Illuminate\\Http\\Request), Object(Closure))
#24 /Users/waltherstein/Documents/PROYECTOS/php_template/vendor/laravel/framework/src/Illuminate/Pipeline/Pipeline.php(127): Illuminate\\Pipeline\\Pipeline->{closure:{closure:Illuminate\\Pipeline\\Pipeline::carry():184}:185}(Object(Illuminate\\Http\\Request))
#25 /Users/waltherstein/Documents/PROYECTOS/php_template/vendor/laravel/framework/src/Illuminate/Routing/Router.php(807): Illuminate\\Pipeline\\Pipeline->then(Object(Closure))
#26 /Users/waltherstein/Documents/PROYECTOS/php_template/vendor/laravel/framework/src/Illuminate/Routing/Router.php(786): Illuminate\\Routing\\Router->runRouteWithinStack(Object(Illuminate\\Routing\\Route), Object(Illuminate\\Http\\Request))
#27 /Users/waltherstein/Documents/PROYECTOS/php_template/vendor/laravel/framework/src/Illuminate/Routing/Router.php(750): Illuminate\\Routing\\Router->runRoute(Object(Illuminate\\Http\\Request), Object(Illuminate\\Routing\\Route))
#28 /Users/waltherstein/Documents/PROYECTOS/php_template/vendor/laravel/framework/src/Illuminate/Routing/Router.php(739): Illuminate\\Routing\\Router->dispatchToRoute(Object(Illuminate\\Http\\Request))
#29 /Users/waltherstein/Documents/PROYECTOS/php_template/vendor/laravel/framework/src/Illuminate/Foundation/Http/Kernel.php(201): Illuminate\\Routing\\Router->dispatch(Object(Illuminate\\Http\\Request))
#30 /Users/waltherstein/Documents/PROYECTOS/php_template/vendor/laravel/framework/src/Illuminate/Pipeline/Pipeline.php(170): Illuminate\\Foundation\\Http\\Kernel->{closure:Illuminate\\Foundation\\Http\\Kernel::dispatchToRouter():198}(Object(Illuminate\\Http\\Request))
#31 /Users/waltherstein/Documents/PROYECTOS/php_template/vendor/laravel/framework/src/Illuminate/Foundation/Http/Middleware/TransformsRequest.php(21): Illuminate\\Pipeline\\Pipeline->{closure:Illuminate\\Pipeline\\Pipeline::prepareDestination():168}(Object(Illuminate\\Http\\Request))
#32 /Users/waltherstein/Documents/PROYECTOS/php_template/vendor/laravel/framework/src/Illuminate/Foundation/Http/Middleware/ConvertEmptyStringsToNull.php(31): Illuminate\\Foundation\\Http\\Middleware\\TransformsRequest->handle(Object(Illuminate\\Http\\Request), Object(Closure))
#33 /Users/waltherstein/Documents/PROYECTOS/php_template/vendor/laravel/framework/src/Illuminate/Pipeline/Pipeline.php(209): Illuminate\\Foundation\\Http\\Middleware\\ConvertEmptyStringsToNull->handle(Object(Illuminate\\Http\\Request), Object(Closure))
#34 /Users/waltherstein/Documents/PROYECTOS/php_template/vendor/laravel/framework/src/Illuminate/Foundation/Http/Middleware/TransformsRequest.php(21): Illuminate\\Pipeline\\Pipeline->{closure:{closure:Illuminate\\Pipeline\\Pipeline::carry():184}:185}(Object(Illuminate\\Http\\Request))
#35 /Users/waltherstein/Documents/PROYECTOS/php_template/vendor/laravel/framework/src/Illuminate/Foundation/Http/Middleware/TrimStrings.php(51): Illuminate\\Foundation\\Http\\Middleware\\TransformsRequest->handle(Object(Illuminate\\Http\\Request), Object(Closure))
#36 /Users/waltherstein/Documents/PROYECTOS/php_template/vendor/laravel/framework/src/Illuminate/Pipeline/Pipeline.php(209): Illuminate\\Foundation\\Http\\Middleware\\TrimStrings->handle(Object(Illuminate\\Http\\Request), Object(Closure))
#37 /Users/waltherstein/Documents/PROYECTOS/php_template/vendor/laravel/framework/src/Illuminate/Http/Middleware/ValidatePostSize.php(27): Illuminate\\Pipeline\\Pipeline->{closure:{closure:Illuminate\\Pipeline\\Pipeline::carry():184}:185}(Object(Illuminate\\Http\\Request))
#38 /Users/waltherstein/Documents/PROYECTOS/php_template/vendor/laravel/framework/src/Illuminate/Pipeline/Pipeline.php(209): Illuminate\\Http\\Middleware\\ValidatePostSize->handle(Object(Illuminate\\Http\\Request), Object(Closure))
#39 /Users/waltherstein/Documents/PROYECTOS/php_template/vendor/laravel/framework/src/Illuminate/Foundation/Http/Middleware/PreventRequestsDuringMaintenance.php(110): Illuminate\\Pipeline\\Pipeline->{closure:{closure:Illuminate\\Pipeline\\Pipeline::carry():184}:185}(Object(Illuminate\\Http\\Request))
#40 /Users/waltherstein/Documents/PROYECTOS/php_template/vendor/laravel/framework/src/Illuminate/Pipeline/Pipeline.php(209): Illuminate\\Foundation\\Http\\Middleware\\PreventRequestsDuringMaintenance->handle(Object(Illuminate\\Http\\Request), Object(Closure))
#41 /Users/waltherstein/Documents/PROYECTOS/php_template/vendor/laravel/framework/src/Illuminate/Http/Middleware/HandleCors.php(62): Illuminate\\Pipeline\\Pipeline->{closure:{closure:Illuminate\\Pipeline\\Pipeline::carry():184}:185}(Object(Illuminate\\Http\\Request))
#42 /Users/waltherstein/Documents/PROYECTOS/php_template/vendor/laravel/framework/src/Illuminate/Pipeline/Pipeline.php(209): Illuminate\\Http\\Middleware\\HandleCors->handle(Object(Illuminate\\Http\\Request), Object(Closure))
#43 /Users/waltherstein/Documents/PROYECTOS/php_template/vendor/laravel/framework/src/Illuminate/Http/Middleware/TrustProxies.php(58): Illuminate\\Pipeline\\Pipeline->{closure:{closure:Illuminate\\Pipeline\\Pipeline::carry():184}:185}(Object(Illuminate\\Http\\Request))
#44 /Users/waltherstein/Documents/PROYECTOS/php_template/vendor/laravel/framework/src/Illuminate/Pipeline/Pipeline.php(209): Illuminate\\Http\\Middleware\\TrustProxies->handle(Object(Illuminate\\Http\\Request), Object(Closure))
#45 /Users/waltherstein/Documents/PROYECTOS/php_template/vendor/laravel/framework/src/Illuminate/Foundation/Http/Middleware/InvokeDeferredCallbacks.php(22): Illuminate\\Pipeline\\Pipeline->{closure:{closure:Illuminate\\Pipeline\\Pipeline::carry():184}:185}(Object(Illuminate\\Http\\Request))
#46 /Users/waltherstein/Documents/PROYECTOS/php_template/vendor/laravel/framework/src/Illuminate/Pipeline/Pipeline.php(209): Illuminate\\Foundation\\Http\\Middleware\\InvokeDeferredCallbacks->handle(Object(Illuminate\\Http\\Request), Object(Closure))
#47 /Users/waltherstein/Documents/PROYECTOS/php_template/vendor/laravel/framework/src/Illuminate/Pipeline/Pipeline.php(127): Illuminate\\Pipeline\\Pipeline->{closure:{closure:Illuminate\\Pipeline\\Pipeline::carry():184}:185}(Object(Illuminate\\Http\\Request))
#48 /Users/waltherstein/Documents/PROYECTOS/php_template/vendor/laravel/framework/src/Illuminate/Foundation/Http/Kernel.php(176): Illuminate\\Pipeline\\Pipeline->then(Object(Closure))
#49 /Users/waltherstein/Documents/PROYECTOS/php_template/vendor/laravel/framework/src/Illuminate/Foundation/Http/Kernel.php(145): Illuminate\\Foundation\\Http\\Kernel->sendRequestThroughRouter(Object(Illuminate\\Http\\Request))
#50 /Users/waltherstein/Documents/PROYECTOS/php_template/vendor/laravel/framework/src/Illuminate/Foundation/Application.php(1220): Illuminate\\Foundation\\Http\\Kernel->handle(Object(Illuminate\\Http\\Request))
#51 /Users/waltherstein/Documents/PROYECTOS/php_template/public/index.php(18): Illuminate\\Foundation\\Application->handleRequest(Object(Illuminate\\Http\\Request))
#52 /Users/waltherstein/Documents/PROYECTOS/php_template/vendor/laravel/framework/src/Illuminate/Foundation/resources/server.php(23): require_once('/Users/walthers...')
#53 {main}
"} 
[2026-05-14 17:19:37] local.ERROR: There are no commands defined in the "l5-swagger" namespace. {"exception":"[object] (Symfony\\Component\\Console\\Exception\\NamespaceNotFoundException(code: 0): There are no commands defined in the \"l5-swagger\" namespace. at /Users/waltherstein/Documents/PROYECTOS/php_template/vendor/symfony/console/Application.php:694)
[stacktrace]
#0 /Users/waltherstein/Documents/PROYECTOS/php_template/vendor/symfony/console/Application.php(743): Symfony\\Component\\Console\\Application->findNamespace('l5-swagger')
#1 /Users/waltherstein/Documents/PROYECTOS/php_template/vendor/symfony/console/Application.php(298): Symfony\\Component\\Console\\Application->find('l5-swagger:gene...')
#2 /Users/waltherstein/Documents/PROYECTOS/php_template/vendor/symfony/console/Application.php(195): Symfony\\Component\\Console\\Application->doRun(Object(Symfony\\Component\\Console\\Input\\ArgvInput), Object(Symfony\\Component\\Console\\Output\\ConsoleOutput))
#3 /Users/waltherstein/Documents/PROYECTOS/php_template/vendor/laravel/framework/src/Illuminate/Foundation/Console/Kernel.php(198): Symfony\\Component\\Console\\Application->run(Object(Symfony\\Component\\Console\\Input\\ArgvInput), Object(Symfony\\Component\\Console\\Output\\ConsoleOutput))
#4 /Users/waltherstein/Documents/PROYECTOS/php_template/artisan(14): Illuminate\\Foundation\\Console\\Kernel->handle(Object(Symfony\\Component\\Console\\Input\\ArgvInput), Object(Symfony\\Component\\Console\\Output\\ConsoleOutput))
#5 {main}
"} 
[2026-05-14 17:23:12] local.ERROR: No application encryption key has been specified. {"exception":"[object] (Illuminate\\Encryption\\MissingAppKeyException(code: 0): No application encryption key has been specified. at /Users/waltherstein/Documents/PROYECTOS/php_template/vendor/laravel/framework/src/Illuminate/Encryption/EncryptionServiceProvider.php:83)
[stacktrace]
#0 /Users/waltherstein/Documents/PROYECTOS/php_template/vendor/laravel/framework/src/Illuminate/Support/helpers.php(399): Illuminate\\Encryption\\EncryptionServiceProvider->{closure:Illuminate\\Encryption\\EncryptionServiceProvider::key():81}('')
#1 /Users/waltherstein/Documents/PROYECTOS/php_template/vendor/laravel/framework/src/Illuminate/Encryption/EncryptionServiceProvider.php(81): tap('', Object(Closure))
#2 /Users/waltherstein/Documents/PROYECTOS/php_template/vendor/laravel/framework/src/Illuminate/Encryption/EncryptionServiceProvider.php(64): Illuminate\\Encryption\\EncryptionServiceProvider->key(Array)
#3 /Users/waltherstein/Documents/PROYECTOS/php_template/vendor/laravel/framework/src/Illuminate/Encryption/EncryptionServiceProvider.php(32): Illuminate\\Encryption\\EncryptionServiceProvider->parseKey(Array)
#4 /Users/waltherstein/Documents/PROYECTOS/php_template/vendor/laravel/framework/src/Illuminate/Container/Container.php(952): Illuminate\\Encryption\\EncryptionServiceProvider->{closure:Illuminate\\Encryption\\EncryptionServiceProvider::registerEncrypter():29}(Object(Illuminate\\Foundation\\Application), Array)
#5 /Users/waltherstein/Documents/PROYECTOS/php_template/vendor/laravel/framework/src/Illuminate/Container/Container.php(832): Illuminate\\Container\\Container->build(Object(Closure))
#6 /Users/waltherstein/Documents/PROYECTOS/php_template/vendor/laravel/framework/src/Illuminate/Foundation/Application.php(1078): Illuminate\\Container\\Container->resolve('encrypter', Array, true)
#7 /Users/waltherstein/Documents/PROYECTOS/php_template/vendor/laravel/framework/src/Illuminate/Container/Container.php(763): Illuminate\\Foundation\\Application->resolve('encrypter', Array)
#8 /Users/waltherstein/Documents/PROYECTOS/php_template/vendor/laravel/framework/src/Illuminate/Foundation/Application.php(1058): Illuminate\\Container\\Container->make('encrypter', Array)
#9 /Users/waltherstein/Documents/PROYECTOS/php_template/vendor/laravel/framework/src/Illuminate/Container/Container.php(1133): Illuminate\\Foundation\\Application->make('encrypter')
#10 /Users/waltherstein/Documents/PROYECTOS/php_template/vendor/laravel/framework/src/Illuminate/Container/Container.php(1043): Illuminate\\Container\\Container->resolveClass(Object(ReflectionParameter))
#11 /Users/waltherstein/Documents/PROYECTOS/php_template/vendor/laravel/framework/src/Illuminate/Container/Container.php(994): Illuminate\\Container\\Container->resolveDependencies(Array)
#12 /Users/waltherstein/Documents/PROYECTOS/php_template/vendor/laravel/framework/src/Illuminate/Container/Container.php(832): Illuminate\\Container\\Container->build('Illuminate\\\\Cook...')
#13 /Users/waltherstein/Documents/PROYECTOS/php_template/vendor/laravel/framework/src/Illuminate/Foundation/Application.php(1078): Illuminate\\Container\\Container->resolve('Illuminate\\\\Cook...', Array, true)
#14 /Users/waltherstein/Documents/PROYECTOS/php_template/vendor/laravel/framework/src/Illuminate/Container/Container.php(763): Illuminate\\Foundation\\Application->resolve('Illuminate\\\\Cook...', Array)
#15 /Users/waltherstein/Documents/PROYECTOS/php_template/vendor/laravel/framework/src/Illuminate/Foundation/Application.php(1058): Illuminate\\Container\\Container->make('Illuminate\\\\Cook...', Array)
#16 /Users/waltherstein/Documents/PROYECTOS/php_template/vendor/laravel/framework/src/Illuminate/Pipeline/Pipeline.php(198): Illuminate\\Foundation\\Application->make('Illuminate\\\\Cook...')
#17 /Users/waltherstein/Documents/PROYECTOS/php_template/vendor/laravel/sanctum/src/Http/Middleware/EnsureFrontendRequestsAreStateful.php(61): Illuminate\\Pipeline\\Pipeline->{closure:{closure:Illuminate\\Pipeline\\Pipeline::carry():184}:185}(Object(Illuminate\\Http\\Request))
#18 /Users/waltherstein/Documents/PROYECTOS/php_template/vendor/laravel/framework/src/Illuminate/Pipeline/Pipeline.php(191): Laravel\\Sanctum\\Http\\Middleware\\EnsureFrontendRequestsAreStateful->{closure:Laravel\\Sanctum\\Http\\Middleware\\EnsureFrontendRequestsAreStateful::frontendMiddleware():58}(Object(Illuminate\\Http\\Request), Object(Closure))
#19 /Users/waltherstein/Documents/PROYECTOS/php_template/vendor/laravel/framework/src/Illuminate/Pipeline/Pipeline.php(127): Illuminate\\Pipeline\\Pipeline->{closure:{closure:Illuminate\\Pipeline\\Pipeline::carry():184}:185}(Object(Illuminate\\Http\\Request))
#20 /Users/waltherstein/Documents/PROYECTOS/php_template/vendor/laravel/sanctum/src/Http/Middleware/EnsureFrontendRequestsAreStateful.php(25): Illuminate\\Pipeline\\Pipeline->then(Object(Closure))
#21 /Users/waltherstein/Documents/PROYECTOS/php_template/vendor/laravel/framework/src/Illuminate/Pipeline/Pipeline.php(209): Laravel\\Sanctum\\Http\\Middleware\\EnsureFrontendRequestsAreStateful->handle(Object(Illuminate\\Http\\Request), Object(Closure))
#22 /Users/waltherstein/Documents/PROYECTOS/php_template/src/Presentation/Http/Middleware/JsonResponseMiddleware.php(17): Illuminate\\Pipeline\\Pipeline->{closure:{closure:Illuminate\\Pipeline\\Pipeline::carry():184}:185}(Object(Illuminate\\Http\\Request))
#23 /Users/waltherstein/Documents/PROYECTOS/php_template/vendor/laravel/framework/src/Illuminate/Pipeline/Pipeline.php(209): Presentation\\Http\\Middleware\\JsonResponseMiddleware->handle(Object(Illuminate\\Http\\Request), Object(Closure))
#24 /Users/waltherstein/Documents/PROYECTOS/php_template/vendor/laravel/framework/src/Illuminate/Pipeline/Pipeline.php(127): Illuminate\\Pipeline\\Pipeline->{closure:{closure:Illuminate\\Pipeline\\Pipeline::carry():184}:185}(Object(Illuminate\\Http\\Request))
#25 /Users/waltherstein/Documents/PROYECTOS/php_template/vendor/laravel/framework/src/Illuminate/Routing/Router.php(807): Illuminate\\Pipeline\\Pipeline->then(Object(Closure))
#26 /Users/waltherstein/Documents/PROYECTOS/php_template/vendor/laravel/framework/src/Illuminate/Routing/Router.php(786): Illuminate\\Routing\\Router->runRouteWithinStack(Object(Illuminate\\Routing\\Route), Object(Illuminate\\Http\\Request))
#27 /Users/waltherstein/Documents/PROYECTOS/php_template/vendor/laravel/framework/src/Illuminate/Routing/Router.php(750): Illuminate\\Routing\\Router->runRoute(Object(Illuminate\\Http\\Request), Object(Illuminate\\Routing\\Route))
#28 /Users/waltherstein/Documents/PROYECTOS/php_template/vendor/laravel/framework/src/Illuminate/Routing/Router.php(739): Illuminate\\Routing\\Router->dispatchToRoute(Object(Illuminate\\Http\\Request))
#29 /Users/waltherstein/Documents/PROYECTOS/php_template/vendor/laravel/framework/src/Illuminate/Foundation/Http/Kernel.php(201): Illuminate\\Routing\\Router->dispatch(Object(Illuminate\\Http\\Request))
#30 /Users/waltherstein/Documents/PROYECTOS/php_template/vendor/laravel/framework/src/Illuminate/Pipeline/Pipeline.php(170): Illuminate\\Foundation\\Http\\Kernel->{closure:Illuminate\\Foundation\\Http\\Kernel::dispatchToRouter():198}(Object(Illuminate\\Http\\Request))
#31 /Users/waltherstein/Documents/PROYECTOS/php_template/vendor/laravel/framework/src/Illuminate/Foundation/Http/Middleware/TransformsRequest.php(21): Illuminate\\Pipeline\\Pipeline->{closure:Illuminate\\Pipeline\\Pipeline::prepareDestination():168}(Object(Illuminate\\Http\\Request))
#32 /Users/waltherstein/Documents/PROYECTOS/php_template/vendor/laravel/framework/src/Illuminate/Foundation/Http/Middleware/ConvertEmptyStringsToNull.php(31): Illuminate\\Foundation\\Http\\Middleware\\TransformsRequest->handle(Object(Illuminate\\Http\\Request), Object(Closure))
#33 /Users/waltherstein/Documents/PROYECTOS/php_template/vendor/laravel/framework/src/Illuminate/Pipeline/Pipeline.php(209): Illuminate\\Foundation\\Http\\Middleware\\ConvertEmptyStringsToNull->handle(Object(Illuminate\\Http\\Request), Object(Closure))
#34 /Users/waltherstein/Documents/PROYECTOS/php_template/vendor/laravel/framework/src/Illuminate/Foundation/Http/Middleware/TransformsRequest.php(21): Illuminate\\Pipeline\\Pipeline->{closure:{closure:Illuminate\\Pipeline\\Pipeline::carry():184}:185}(Object(Illuminate\\Http\\Request))
#35 /Users/waltherstein/Documents/PROYECTOS/php_template/vendor/laravel/framework/src/Illuminate/Foundation/Http/Middleware/TrimStrings.php(51): Illuminate\\Foundation\\Http\\Middleware\\TransformsRequest->handle(Object(Illuminate\\Http\\Request), Object(Closure))
#36 /Users/waltherstein/Documents/PROYECTOS/php_template/vendor/laravel/framework/src/Illuminate/Pipeline/Pipeline.php(209): Illuminate\\Foundation\\Http\\Middleware\\TrimStrings->handle(Object(Illuminate\\Http\\Request), Object(Closure))
#37 /Users/waltherstein/Documents/PROYECTOS/php_template/vendor/laravel/framework/src/Illuminate/Http/Middleware/ValidatePostSize.php(27): Illuminate\\Pipeline\\Pipeline->{closure:{closure:Illuminate\\Pipeline\\Pipeline::carry():184}:185}(Object(Illuminate\\Http\\Request))
#38 /Users/waltherstein/Documents/PROYECTOS/php_template/vendor/laravel/framework/src/Illuminate/Pipeline/Pipeline.php(209): Illuminate\\Http\\Middleware\\ValidatePostSize->handle(Object(Illuminate\\Http\\Request), Object(Closure))
#39 /Users/waltherstein/Documents/PROYECTOS/php_template/vendor/laravel/framework/src/Illuminate/Foundation/Http/Middleware/PreventRequestsDuringMaintenance.php(110): Illuminate\\Pipeline\\Pipeline->{closure:{closure:Illuminate\\Pipeline\\Pipeline::carry():184}:185}(Object(Illuminate\\Http\\Request))
#40 /Users/waltherstein/Documents/PROYECTOS/php_template/vendor/laravel/framework/src/Illuminate/Pipeline/Pipeline.php(209): Illuminate\\Foundation\\Http\\Middleware\\PreventRequestsDuringMaintenance->handle(Object(Illuminate\\Http\\Request), Object(Closure))
#41 /Users/waltherstein/Documents/PROYECTOS/php_template/vendor/laravel/framework/src/Illuminate/Http/Middleware/HandleCors.php(62): Illuminate\\Pipeline\\Pipeline->{closure:{closure:Illuminate\\Pipeline\\Pipeline::carry():184}:185}(Object(Illuminate\\Http\\Request))
#42 /Users/waltherstein/Documents/PROYECTOS/php_template/vendor/laravel/framework/src/Illuminate/Pipeline/Pipeline.php(209): Illuminate\\Http\\Middleware\\HandleCors->handle(Object(Illuminate\\Http\\Request), Object(Closure))
#43 /Users/waltherstein/Documents/PROYECTOS/php_template/vendor/laravel/framework/src/Illuminate/Http/Middleware/TrustProxies.php(58): Illuminate\\Pipeline\\Pipeline->{closure:{closure:Illuminate\\Pipeline\\Pipeline::carry():184}:185}(Object(Illuminate\\Http\\Request))
#44 /Users/waltherstein/Documents/PROYECTOS/php_template/vendor/laravel/framework/src/Illuminate/Pipeline/Pipeline.php(209): Illuminate\\Http\\Middleware\\TrustProxies->handle(Object(Illuminate\\Http\\Request), Object(Closure))
#45 /Users/waltherstein/Documents/PROYECTOS/php_template/vendor/laravel/framework/src/Illuminate/Foundation/Http/Middleware/InvokeDeferredCallbacks.php(22): Illuminate\\Pipeline\\Pipeline->{closure:{closure:Illuminate\\Pipeline\\Pipeline::carry():184}:185}(Object(Illuminate\\Http\\Request))
#46 /Users/waltherstein/Documents/PROYECTOS/php_template/vendor/laravel/framework/src/Illuminate/Pipeline/Pipeline.php(209): Illuminate\\Foundation\\Http\\Middleware\\InvokeDeferredCallbacks->handle(Object(Illuminate\\Http\\Request), Object(Closure))
#47 /Users/waltherstein/Documents/PROYECTOS/php_template/vendor/laravel/framework/src/Illuminate/Pipeline/Pipeline.php(127): Illuminate\\Pipeline\\Pipeline->{closure:{closure:Illuminate\\Pipeline\\Pipeline::carry():184}:185}(Object(Illuminate\\Http\\Request))
#48 /Users/waltherstein/Documents/PROYECTOS/php_template/vendor/laravel/framework/src/Illuminate/Foundation/Http/Kernel.php(176): Illuminate\\Pipeline\\Pipeline->then(Object(Closure))
#49 /Users/waltherstein/Documents/PROYECTOS/php_template/vendor/laravel/framework/src/Illuminate/Foundation/Http/Kernel.php(145): Illuminate\\Foundation\\Http\\Kernel->sendRequestThroughRouter(Object(Illuminate\\Http\\Request))
#50 /Users/waltherstein/Documents/PROYECTOS/php_template/vendor/laravel/framework/src/Illuminate/Foundation/Application.php(1220): Illuminate\\Foundation\\Http\\Kernel->handle(Object(Illuminate\\Http\\Request))
#51 /Users/waltherstein/Documents/PROYECTOS/php_template/public/index.php(18): Illuminate\\Foundation\\Application->handleRequest(Object(Illuminate\\Http\\Request))
#52 /Users/waltherstein/Documents/PROYECTOS/php_template/vendor/laravel/framework/src/Illuminate/Foundation/resources/server.php(23): require_once('/Users/walthers...')
#53 {main}
"} 
[2026-05-14 17:24:30] local.ERROR: Call to undefined function OpenApi\scan() {"exception":"[object] (Error(code: 0): Call to undefined function OpenApi\\scan() at /Users/waltherstein/Documents/PROYECTOS/php_template/app/Console/Commands/GenerateOpenApi.php:29)
[stacktrace]
#0 /Users/waltherstein/Documents/PROYECTOS/php_template/vendor/laravel/framework/src/Illuminate/Container/BoundMethod.php(36): App\\Console\\Commands\\GenerateOpenApi->handle()
#1 /Users/waltherstein/Documents/PROYECTOS/php_template/vendor/laravel/framework/src/Illuminate/Container/Util.php(43): Illuminate\\Container\\BoundMethod::{closure:Illuminate\\Container\\BoundMethod::call():35}()
#2 /Users/waltherstein/Documents/PROYECTOS/php_template/vendor/laravel/framework/src/Illuminate/Container/BoundMethod.php(95): Illuminate\\Container\\Util::unwrapIfClosure(Object(Closure))
#3 /Users/waltherstein/Documents/PROYECTOS/php_template/vendor/laravel/framework/src/Illuminate/Container/BoundMethod.php(35): Illuminate\\Container\\BoundMethod::callBoundMethod(Object(Illuminate\\Foundation\\Application), Array, Object(Closure))
#4 /Users/waltherstein/Documents/PROYECTOS/php_template/vendor/laravel/framework/src/Illuminate/Container/Container.php(696): Illuminate\\Container\\BoundMethod::call(Object(Illuminate\\Foundation\\Application), Array, Array, NULL)
#5 /Users/waltherstein/Documents/PROYECTOS/php_template/vendor/laravel/framework/src/Illuminate/Console/Command.php(213): Illuminate\\Container\\Container->call(Array)
#6 /Users/waltherstein/Documents/PROYECTOS/php_template/vendor/symfony/console/Command/Command.php(341): Illuminate\\Console\\Command->execute(Object(Symfony\\Component\\Console\\Input\\ArgvInput), Object(Illuminate\\Console\\OutputStyle))
#7 /Users/waltherstein/Documents/PROYECTOS/php_template/vendor/laravel/framework/src/Illuminate/Console/Command.php(182): Symfony\\Component\\Console\\Command\\Command->run(Object(Symfony\\Component\\Console\\Input\\ArgvInput), Object(Illuminate\\Console\\OutputStyle))
#8 /Users/waltherstein/Documents/PROYECTOS/php_template/vendor/symfony/console/Application.php(1117): Illuminate\\Console\\Command->run(Object(Symfony\\Component\\Console\\Input\\ArgvInput), Object(Symfony\\Component\\Console\\Output\\ConsoleOutput))
#9 /Users/waltherstein/Documents/PROYECTOS/php_template/vendor/symfony/console/Application.php(356): Symfony\\Component\\Console\\Application->doRunCommand(Object(App\\Console\\Commands\\GenerateOpenApi), Object(Symfony\\Component\\Console\\Input\\ArgvInput), Object(Symfony\\Component\\Console\\Output\\ConsoleOutput))
#10 /Users/waltherstein/Documents/PROYECTOS/php_template/vendor/symfony/console/Application.php(195): Symfony\\Component\\Console\\Application->doRun(Object(Symfony\\Component\\Console\\Input\\ArgvInput), Object(Symfony\\Component\\Console\\Output\\ConsoleOutput))
#11 /Users/waltherstein/Documents/PROYECTOS/php_template/vendor/laravel/framework/src/Illuminate/Foundation/Console/Kernel.php(198): Symfony\\Component\\Console\\Application->run(Object(Symfony\\Component\\Console\\Input\\ArgvInput), Object(Symfony\\Component\\Console\\Output\\ConsoleOutput))
#12 /Users/waltherstein/Documents/PROYECTOS/php_template/artisan(14): Illuminate\\Foundation\\Console\\Kernel->handle(Object(Symfony\\Component\\Console\\Input\\ArgvInput), Object(Symfony\\Component\\Console\\Output\\ConsoleOutput))
#13 {main}
"} 
[2026-05-14 17:25:02] local.ERROR: Required @OA\Info() not found {"exception":"[object] (ErrorException(code: 0): Required @OA\\Info() not found at /Users/waltherstein/Documents/PROYECTOS/php_template/vendor/zircote/swagger-php/src/Loggers/DefaultLogger.php:23)
[stacktrace]
#0 /Users/waltherstein/Documents/PROYECTOS/php_template/vendor/laravel/framework/src/Illuminate/Foundation/Bootstrap/HandleExceptions.php(258): Illuminate\\Foundation\\Bootstrap\\HandleExceptions->handleError(512, 'Required @OA\\\\In...', '/Users/walthers...', 23)
#1 [internal function]: Illuminate\\Foundation\\Bootstrap\\HandleExceptions->{closure:Illuminate\\Foundation\\Bootstrap\\HandleExceptions::forwardsTo():257}(512, 'Required @OA\\\\In...', '/Users/walthers...', 23)
#2 /Users/waltherstein/Documents/PROYECTOS/php_template/vendor/zircote/swagger-php/src/Loggers/DefaultLogger.php(23): trigger_error('Required @OA\\\\In...', 512)
#3 /Users/waltherstein/Documents/PROYECTOS/php_template/vendor/psr/log/src/LoggerTrait.php(61): OpenApi\\Loggers\\DefaultLogger->log('warning', 'Required @OA\\\\In...', Array)
#4 /Users/waltherstein/Documents/PROYECTOS/php_template/vendor/zircote/swagger-php/src/Annotations/AbstractAnnotation.php(549): Psr\\Log\\AbstractLogger->warning('Required @OA\\\\In...')
#5 /Users/waltherstein/Documents/PROYECTOS/php_template/vendor/zircote/swagger-php/src/Annotations/OpenApi.php(162): OpenApi\\Annotations\\AbstractAnnotation->validate(Object(OpenApi\\Analysis), '3.0.0', Object(stdClass))
#6 /Users/waltherstein/Documents/PROYECTOS/php_template/vendor/zircote/swagger-php/src/Analysis.php(402): OpenApi\\Annotations\\OpenApi->validate(Object(OpenApi\\Analysis), '3.0.0', Object(stdClass))
#7 /Users/waltherstein/Documents/PROYECTOS/php_template/vendor/zircote/swagger-php/src/Generator.php(408): OpenApi\\Analysis->validate()
#8 /Users/waltherstein/Documents/PROYECTOS/php_template/app/Console/Commands/GenerateOpenApi.php(30): OpenApi\\Generator->generate(Array, Object(OpenApi\\Analysis), true)
#9 /Users/waltherstein/Documents/PROYECTOS/php_template/vendor/laravel/framework/src/Illuminate/Container/BoundMethod.php(36): App\\Console\\Commands\\GenerateOpenApi->handle()
#10 /Users/waltherstein/Documents/PROYECTOS/php_template/vendor/laravel/framework/src/Illuminate/Container/Util.php(43): Illuminate\\Container\\BoundMethod::{closure:Illuminate\\Container\\BoundMethod::call():35}()
#11 /Users/waltherstein/Documents/PROYECTOS/php_template/vendor/laravel/framework/src/Illuminate/Container/BoundMethod.php(95): Illuminate\\Container\\Util::unwrapIfClosure(Object(Closure))
#12 /Users/waltherstein/Documents/PROYECTOS/php_template/vendor/laravel/framework/src/Illuminate/Container/BoundMethod.php(35): Illuminate\\Container\\BoundMethod::callBoundMethod(Object(Illuminate\\Foundation\\Application), Array, Object(Closure))
#13 /Users/waltherstein/Documents/PROYECTOS/php_template/vendor/laravel/framework/src/Illuminate/Container/Container.php(696): Illuminate\\Container\\BoundMethod::call(Object(Illuminate\\Foundation\\Application), Array, Array, NULL)
#14 /Users/waltherstein/Documents/PROYECTOS/php_template/vendor/laravel/framework/src/Illuminate/Console/Command.php(213): Illuminate\\Container\\Container->call(Array)
#15 /Users/waltherstein/Documents/PROYECTOS/php_template/vendor/symfony/console/Command/Command.php(341): Illuminate\\Console\\Command->execute(Object(Symfony\\Component\\Console\\Input\\ArgvInput), Object(Illuminate\\Console\\OutputStyle))
#16 /Users/waltherstein/Documents/PROYECTOS/php_template/vendor/laravel/framework/src/Illuminate/Console/Command.php(182): Symfony\\Component\\Console\\Command\\Command->run(Object(Symfony\\Component\\Console\\Input\\ArgvInput), Object(Illuminate\\Console\\OutputStyle))
#17 /Users/waltherstein/Documents/PROYECTOS/php_template/vendor/symfony/console/Application.php(1117): Illuminate\\Console\\Command->run(Object(Symfony\\Component\\Console\\Input\\ArgvInput), Object(Symfony\\Component\\Console\\Output\\ConsoleOutput))
#18 /Users/waltherstein/Documents/PROYECTOS/php_template/vendor/symfony/console/Application.php(356): Symfony\\Component\\Console\\Application->doRunCommand(Object(App\\Console\\Commands\\GenerateOpenApi), Object(Symfony\\Component\\Console\\Input\\ArgvInput), Object(Symfony\\Component\\Console\\Output\\ConsoleOutput))
#19 /Users/waltherstein/Documents/PROYECTOS/php_template/vendor/symfony/console/Application.php(195): Symfony\\Component\\Console\\Application->doRun(Object(Symfony\\Component\\Console\\Input\\ArgvInput), Object(Symfony\\Component\\Console\\Output\\ConsoleOutput))
#20 /Users/waltherstein/Documents/PROYECTOS/php_template/vendor/laravel/framework/src/Illuminate/Foundation/Console/Kernel.php(198): Symfony\\Component\\Console\\Application->run(Object(Symfony\\Component\\Console\\Input\\ArgvInput), Object(Symfony\\Component\\Console\\Output\\ConsoleOutput))
#21 /Users/waltherstein/Documents/PROYECTOS/php_template/artisan(14): Illuminate\\Foundation\\Console\\Kernel->handle(Object(Symfony\\Component\\Console\\Input\\ArgvInput), Object(Symfony\\Component\\Console\\Output\\ConsoleOutput))
#22 {main}
"} 
[2026-05-14 17:31:09] local.ERROR: Required @OA\Info() not found {"exception":"[object] (ErrorException(code: 0): Required @OA\\Info() not found at /Users/waltherstein/Documents/PROYECTOS/php_template/vendor/zircote/swagger-php/src/Loggers/DefaultLogger.php:23)
[stacktrace]
#0 /Users/waltherstein/Documents/PROYECTOS/php_template/vendor/laravel/framework/src/Illuminate/Foundation/Bootstrap/HandleExceptions.php(258): Illuminate\\Foundation\\Bootstrap\\HandleExceptions->handleError(512, 'Required @OA\\\\In...', '/Users/walthers...', 23)
#1 [internal function]: Illuminate\\Foundation\\Bootstrap\\HandleExceptions->{closure:Illuminate\\Foundation\\Bootstrap\\HandleExceptions::forwardsTo():257}(512, 'Required @OA\\\\In...', '/Users/walthers...', 23)
#2 /Users/waltherstein/Documents/PROYECTOS/php_template/vendor/zircote/swagger-php/src/Loggers/DefaultLogger.php(23): trigger_error('Required @OA\\\\In...', 512)
#3 /Users/waltherstein/Documents/PROYECTOS/php_template/vendor/psr/log/src/LoggerTrait.php(61): OpenApi\\Loggers\\DefaultLogger->log('warning', 'Required @OA\\\\In...', Array)
#4 /Users/waltherstein/Documents/PROYECTOS/php_template/vendor/zircote/swagger-php/src/Annotations/AbstractAnnotation.php(549): Psr\\Log\\AbstractLogger->warning('Required @OA\\\\In...')
#5 /Users/waltherstein/Documents/PROYECTOS/php_template/vendor/zircote/swagger-php/src/Annotations/OpenApi.php(162): OpenApi\\Annotations\\AbstractAnnotation->validate(Object(OpenApi\\Analysis), '3.0.0', Object(stdClass))
#6 /Users/waltherstein/Documents/PROYECTOS/php_template/vendor/zircote/swagger-php/src/Analysis.php(402): OpenApi\\Annotations\\OpenApi->validate(Object(OpenApi\\Analysis), '3.0.0', Object(stdClass))
#7 /Users/waltherstein/Documents/PROYECTOS/php_template/vendor/zircote/swagger-php/src/Generator.php(408): OpenApi\\Analysis->validate()
#8 /Users/waltherstein/Documents/PROYECTOS/php_template/app/Console/Commands/GenerateOpenApi.php(30): OpenApi\\Generator->generate(Array, Object(OpenApi\\Analysis), true)
#9 /Users/waltherstein/Documents/PROYECTOS/php_template/vendor/laravel/framework/src/Illuminate/Container/BoundMethod.php(36): App\\Console\\Commands\\GenerateOpenApi->handle()
#10 /Users/waltherstein/Documents/PROYECTOS/php_template/vendor/laravel/framework/src/Illuminate/Container/Util.php(43): Illuminate\\Container\\BoundMethod::{closure:Illuminate\\Container\\BoundMethod::call():35}()
#11 /Users/waltherstein/Documents/PROYECTOS/php_template/vendor/laravel/framework/src/Illuminate/Container/BoundMethod.php(95): Illuminate\\Container\\Util::unwrapIfClosure(Object(Closure))
#12 /Users/waltherstein/Documents/PROYECTOS/php_template/vendor/laravel/framework/src/Illuminate/Container/BoundMethod.php(35): Illuminate\\Container\\BoundMethod::callBoundMethod(Object(Illuminate\\Foundation\\Application), Array, Object(Closure))
#13 /Users/waltherstein/Documents/PROYECTOS/php_template/vendor/laravel/framework/src/Illuminate/Container/Container.php(696): Illuminate\\Container\\BoundMethod::call(Object(Illuminate\\Foundation\\Application), Array, Array, NULL)
#14 /Users/waltherstein/Documents/PROYECTOS/php_template/vendor/laravel/framework/src/Illuminate/Console/Command.php(213): Illuminate\\Container\\Container->call(Array)
#15 /Users/waltherstein/Documents/PROYECTOS/php_template/vendor/symfony/console/Command/Command.php(341): Illuminate\\Console\\Command->execute(Object(Symfony\\Component\\Console\\Input\\ArgvInput), Object(Illuminate\\Console\\OutputStyle))
#16 /Users/waltherstein/Documents/PROYECTOS/php_template/vendor/laravel/framework/src/Illuminate/Console/Command.php(182): Symfony\\Component\\Console\\Command\\Command->run(Object(Symfony\\Component\\Console\\Input\\ArgvInput), Object(Illuminate\\Console\\OutputStyle))
#17 /Users/waltherstein/Documents/PROYECTOS/php_template/vendor/symfony/console/Application.php(1117): Illuminate\\Console\\Command->run(Object(Symfony\\Component\\Console\\Input\\ArgvInput), Object(Symfony\\Component\\Console\\Output\\ConsoleOutput))
#18 /Users/waltherstein/Documents/PROYECTOS/php_template/vendor/symfony/console/Application.php(356): Symfony\\Component\\Console\\Application->doRunCommand(Object(App\\Console\\Commands\\GenerateOpenApi), Object(Symfony\\Component\\Console\\Input\\ArgvInput), Object(Symfony\\Component\\Console\\Output\\ConsoleOutput))
#19 /Users/waltherstein/Documents/PROYECTOS/php_template/vendor/symfony/console/Application.php(195): Symfony\\Component\\Console\\Application->doRun(Object(Symfony\\Component\\Console\\Input\\ArgvInput), Object(Symfony\\Component\\Console\\Output\\ConsoleOutput))
#20 /Users/waltherstein/Documents/PROYECTOS/php_template/vendor/laravel/framework/src/Illuminate/Foundation/Console/Kernel.php(198): Symfony\\Component\\Console\\Application->run(Object(Symfony\\Component\\Console\\Input\\ArgvInput), Object(Symfony\\Component\\Console\\Output\\ConsoleOutput))
#21 /Users/waltherstein/Documents/PROYECTOS/php_template/artisan(14): Illuminate\\Foundation\\Console\\Kernel->handle(Object(Symfony\\Component\\Console\\Input\\ArgvInput), Object(Symfony\\Component\\Console\\Output\\ConsoleOutput))
#22 {main}
"} 
[2026-05-14 17:33:39] local.ERROR: No application encryption key has been specified. {"exception":"[object] (Illuminate\\Encryption\\MissingAppKeyException(code: 0): No application encryption key has been specified. at /Users/waltherstein/Documents/PROYECTOS/php_template/vendor/laravel/framework/src/Illuminate/Encryption/EncryptionServiceProvider.php:83)
[stacktrace]
#0 /Users/waltherstein/Documents/PROYECTOS/php_template/vendor/laravel/framework/src/Illuminate/Support/helpers.php(399): Illuminate\\Encryption\\EncryptionServiceProvider->{closure:Illuminate\\Encryption\\EncryptionServiceProvider::key():81}('')
#1 /Users/waltherstein/Documents/PROYECTOS/php_template/vendor/laravel/framework/src/Illuminate/Encryption/EncryptionServiceProvider.php(81): tap('', Object(Closure))
#2 /Users/waltherstein/Documents/PROYECTOS/php_template/vendor/laravel/framework/src/Illuminate/Encryption/EncryptionServiceProvider.php(64): Illuminate\\Encryption\\EncryptionServiceProvider->key(Array)
#3 /Users/waltherstein/Documents/PROYECTOS/php_template/vendor/laravel/framework/src/Illuminate/Encryption/EncryptionServiceProvider.php(32): Illuminate\\Encryption\\EncryptionServiceProvider->parseKey(Array)
#4 /Users/waltherstein/Documents/PROYECTOS/php_template/vendor/laravel/framework/src/Illuminate/Container/Container.php(952): Illuminate\\Encryption\\EncryptionServiceProvider->{closure:Illuminate\\Encryption\\EncryptionServiceProvider::registerEncrypter():29}(Object(Illuminate\\Foundation\\Application), Array)
#5 /Users/waltherstein/Documents/PROYECTOS/php_template/vendor/laravel/framework/src/Illuminate/Container/Container.php(832): Illuminate\\Container\\Container->build(Object(Closure))
#6 /Users/waltherstein/Documents/PROYECTOS/php_template/vendor/laravel/framework/src/Illuminate/Foundation/Application.php(1078): Illuminate\\Container\\Container->resolve('encrypter', Array, true)
#7 /Users/waltherstein/Documents/PROYECTOS/php_template/vendor/laravel/framework/src/Illuminate/Container/Container.php(763): Illuminate\\Foundation\\Application->resolve('encrypter', Array)
#8 /Users/waltherstein/Documents/PROYECTOS/php_template/vendor/laravel/framework/src/Illuminate/Foundation/Application.php(1058): Illuminate\\Container\\Container->make('encrypter', Array)
#9 /Users/waltherstein/Documents/PROYECTOS/php_template/vendor/laravel/framework/src/Illuminate/Container/Container.php(1133): Illuminate\\Foundation\\Application->make('encrypter')
#10 /Users/waltherstein/Documents/PROYECTOS/php_template/vendor/laravel/framework/src/Illuminate/Container/Container.php(1043): Illuminate\\Container\\Container->resolveClass(Object(ReflectionParameter))
#11 /Users/waltherstein/Documents/PROYECTOS/php_template/vendor/laravel/framework/src/Illuminate/Container/Container.php(994): Illuminate\\Container\\Container->resolveDependencies(Array)
#12 /Users/waltherstein/Documents/PROYECTOS/php_template/vendor/laravel/framework/src/Illuminate/Container/Container.php(832): Illuminate\\Container\\Container->build('Illuminate\\\\Cook...')
#13 /Users/waltherstein/Documents/PROYECTOS/php_template/vendor/laravel/framework/src/Illuminate/Foundation/Application.php(1078): Illuminate\\Container\\Container->resolve('Illuminate\\\\Cook...', Array, true)
#14 /Users/waltherstein/Documents/PROYECTOS/php_template/vendor/laravel/framework/src/Illuminate/Container/Container.php(763): Illuminate\\Foundation\\Application->resolve('Illuminate\\\\Cook...', Array)
#15 /Users/waltherstein/Documents/PROYECTOS/php_template/vendor/laravel/framework/src/Illuminate/Foundation/Application.php(1058): Illuminate\\Container\\Container->make('Illuminate\\\\Cook...', Array)
#16 /Users/waltherstein/Documents/PROYECTOS/php_template/vendor/laravel/framework/src/Illuminate/Pipeline/Pipeline.php(198): Illuminate\\Foundation\\Application->make('Illuminate\\\\Cook...')
#17 /Users/waltherstein/Documents/PROYECTOS/php_template/vendor/laravel/sanctum/src/Http/Middleware/EnsureFrontendRequestsAreStateful.php(61): Illuminate\\Pipeline\\Pipeline->{closure:{closure:Illuminate\\Pipeline\\Pipeline::carry():184}:185}(Object(Illuminate\\Http\\Request))
#18 /Users/waltherstein/Documents/PROYECTOS/php_template/vendor/laravel/framework/src/Illuminate/Pipeline/Pipeline.php(191): Laravel\\Sanctum\\Http\\Middleware\\EnsureFrontendRequestsAreStateful->{closure:Laravel\\Sanctum\\Http\\Middleware\\EnsureFrontendRequestsAreStateful::frontendMiddleware():58}(Object(Illuminate\\Http\\Request), Object(Closure))
#19 /Users/waltherstein/Documents/PROYECTOS/php_template/vendor/laravel/framework/src/Illuminate/Pipeline/Pipeline.php(127): Illuminate\\Pipeline\\Pipeline->{closure:{closure:Illuminate\\Pipeline\\Pipeline::carry():184}:185}(Object(Illuminate\\Http\\Request))
#20 /Users/waltherstein/Documents/PROYECTOS/php_template/vendor/laravel/sanctum/src/Http/Middleware/EnsureFrontendRequestsAreStateful.php(25): Illuminate\\Pipeline\\Pipeline->then(Object(Closure))
#21 /Users/waltherstein/Documents/PROYECTOS/php_template/vendor/laravel/framework/src/Illuminate/Pipeline/Pipeline.php(209): Laravel\\Sanctum\\Http\\Middleware\\EnsureFrontendRequestsAreStateful->handle(Object(Illuminate\\Http\\Request), Object(Closure))
#22 /Users/waltherstein/Documents/PROYECTOS/php_template/src/Presentation/Http/Middleware/JsonResponseMiddleware.php(17): Illuminate\\Pipeline\\Pipeline->{closure:{closure:Illuminate\\Pipeline\\Pipeline::carry():184}:185}(Object(Illuminate\\Http\\Request))
#23 /Users/waltherstein/Documents/PROYECTOS/php_template/vendor/laravel/framework/src/Illuminate/Pipeline/Pipeline.php(209): Presentation\\Http\\Middleware\\JsonResponseMiddleware->handle(Object(Illuminate\\Http\\Request), Object(Closure))
#24 /Users/waltherstein/Documents/PROYECTOS/php_template/vendor/laravel/framework/src/Illuminate/Pipeline/Pipeline.php(127): Illuminate\\Pipeline\\Pipeline->{closure:{closure:Illuminate\\Pipeline\\Pipeline::carry():184}:185}(Object(Illuminate\\Http\\Request))
#25 /Users/waltherstein/Documents/PROYECTOS/php_template/vendor/laravel/framework/src/Illuminate/Routing/Router.php(807): Illuminate\\Pipeline\\Pipeline->then(Object(Closure))
#26 /Users/waltherstein/Documents/PROYECTOS/php_template/vendor/laravel/framework/src/Illuminate/Routing/Router.php(786): Illuminate\\Routing\\Router->runRouteWithinStack(Object(Illuminate\\Routing\\Route), Object(Illuminate\\Http\\Request))
#27 /Users/waltherstein/Documents/PROYECTOS/php_template/vendor/laravel/framework/src/Illuminate/Routing/Router.php(750): Illuminate\\Routing\\Router->runRoute(Object(Illuminate\\Http\\Request), Object(Illuminate\\Routing\\Route))
#28 /Users/waltherstein/Documents/PROYECTOS/php_template/vendor/laravel/framework/src/Illuminate/Routing/Router.php(739): Illuminate\\Routing\\Router->dispatchToRoute(Object(Illuminate\\Http\\Request))
#29 /Users/waltherstein/Documents/PROYECTOS/php_template/vendor/laravel/framework/src/Illuminate/Foundation/Http/Kernel.php(201): Illuminate\\Routing\\Router->dispatch(Object(Illuminate\\Http\\Request))
#30 /Users/waltherstein/Documents/PROYECTOS/php_template/vendor/laravel/framework/src/Illuminate/Pipeline/Pipeline.php(170): Illuminate\\Foundation\\Http\\Kernel->{closure:Illuminate\\Foundation\\Http\\Kernel::dispatchToRouter():198}(Object(Illuminate\\Http\\Request))
#31 /Users/waltherstein/Documents/PROYECTOS/php_template/vendor/laravel/framework/src/Illuminate/Foundation/Http/Middleware/TransformsRequest.php(21): Illuminate\\Pipeline\\Pipeline->{closure:Illuminate\\Pipeline\\Pipeline::prepareDestination():168}(Object(Illuminate\\Http\\Request))
#32 /Users/waltherstein/Documents/PROYECTOS/php_template/vendor/laravel/framework/src/Illuminate/Foundation/Http/Middleware/ConvertEmptyStringsToNull.php(31): Illuminate\\Foundation\\Http\\Middleware\\TransformsRequest->handle(Object(Illuminate\\Http\\Request), Object(Closure))
#33 /Users/waltherstein/Documents/PROYECTOS/php_template/vendor/laravel/framework/src/Illuminate/Pipeline/Pipeline.php(209): Illuminate\\Foundation\\Http\\Middleware\\ConvertEmptyStringsToNull->handle(Object(Illuminate\\Http\\Request), Object(Closure))
#34 /Users/waltherstein/Documents/PROYECTOS/php_template/vendor/laravel/framework/src/Illuminate/Foundation/Http/Middleware/TransformsRequest.php(21): Illuminate\\Pipeline\\Pipeline->{closure:{closure:Illuminate\\Pipeline\\Pipeline::carry():184}:185}(Object(Illuminate\\Http\\Request))
#35 /Users/waltherstein/Documents/PROYECTOS/php_template/vendor/laravel/framework/src/Illuminate/Foundation/Http/Middleware/TrimStrings.php(51): Illuminate\\Foundation\\Http\\Middleware\\TransformsRequest->handle(Object(Illuminate\\Http\\Request), Object(Closure))
#36 /Users/waltherstein/Documents/PROYECTOS/php_template/vendor/laravel/framework/src/Illuminate/Pipeline/Pipeline.php(209): Illuminate\\Foundation\\Http\\Middleware\\TrimStrings->handle(Object(Illuminate\\Http\\Request), Object(Closure))
#37 /Users/waltherstein/Documents/PROYECTOS/php_template/vendor/laravel/framework/src/Illuminate/Http/Middleware/ValidatePostSize.php(27): Illuminate\\Pipeline\\Pipeline->{closure:{closure:Illuminate\\Pipeline\\Pipeline::carry():184}:185}(Object(Illuminate\\Http\\Request))
#38 /Users/waltherstein/Documents/PROYECTOS/php_template/vendor/laravel/framework/src/Illuminate/Pipeline/Pipeline.php(209): Illuminate\\Http\\Middleware\\ValidatePostSize->handle(Object(Illuminate\\Http\\Request), Object(Closure))
#39 /Users/waltherstein/Documents/PROYECTOS/php_template/vendor/laravel/framework/src/Illuminate/Foundation/Http/Middleware/PreventRequestsDuringMaintenance.php(110): Illuminate\\Pipeline\\Pipeline->{closure:{closure:Illuminate\\Pipeline\\Pipeline::carry():184}:185}(Object(Illuminate\\Http\\Request))
#40 /Users/waltherstein/Documents/PROYECTOS/php_template/vendor/laravel/framework/src/Illuminate/Pipeline/Pipeline.php(209): Illuminate\\Foundation\\Http\\Middleware\\PreventRequestsDuringMaintenance->handle(Object(Illuminate\\Http\\Request), Object(Closure))
#41 /Users/waltherstein/Documents/PROYECTOS/php_template/vendor/laravel/framework/src/Illuminate/Http/Middleware/HandleCors.php(62): Illuminate\\Pipeline\\Pipeline->{closure:{closure:Illuminate\\Pipeline\\Pipeline::carry():184}:185}(Object(Illuminate\\Http\\Request))
#42 /Users/waltherstein/Documents/PROYECTOS/php_template/vendor/laravel/framework/src/Illuminate/Pipeline/Pipeline.php(209): Illuminate\\Http\\Middleware\\HandleCors->handle(Object(Illuminate\\Http\\Request), Object(Closure))
#43 /Users/waltherstein/Documents/PROYECTOS/php_template/vendor/laravel/framework/src/Illuminate/Http/Middleware/TrustProxies.php(58): Illuminate\\Pipeline\\Pipeline->{closure:{closure:Illuminate\\Pipeline\\Pipeline::carry():184}:185}(Object(Illuminate\\Http\\Request))
#44 /Users/waltherstein/Documents/PROYECTOS/php_template/vendor/laravel/framework/src/Illuminate/Pipeline/Pipeline.php(209): Illuminate\\Http\\Middleware\\TrustProxies->handle(Object(Illuminate\\Http\\Request), Object(Closure))
#45 /Users/waltherstein/Documents/PROYECTOS/php_template/vendor/laravel/framework/src/Illuminate/Foundation/Http/Middleware/InvokeDeferredCallbacks.php(22): Illuminate\\Pipeline\\Pipeline->{closure:{closure:Illuminate\\Pipeline\\Pipeline::carry():184}:185}(Object(Illuminate\\Http\\Request))
#46 /Users/waltherstein/Documents/PROYECTOS/php_template/vendor/laravel/framework/src/Illuminate/Pipeline/Pipeline.php(209): Illuminate\\Foundation\\Http\\Middleware\\InvokeDeferredCallbacks->handle(Object(Illuminate\\Http\\Request), Object(Closure))
#47 /Users/waltherstein/Documents/PROYECTOS/php_template/vendor/laravel/framework/src/Illuminate/Pipeline/Pipeline.php(127): Illuminate\\Pipeline\\Pipeline->{closure:{closure:Illuminate\\Pipeline\\Pipeline::carry():184}:185}(Object(Illuminate\\Http\\Request))
#48 /Users/waltherstein/Documents/PROYECTOS/php_template/vendor/laravel/framework/src/Illuminate/Foundation/Http/Kernel.php(176): Illuminate\\Pipeline\\Pipeline->then(Object(Closure))
#49 /Users/waltherstein/Documents/PROYECTOS/php_template/vendor/laravel/framework/src/Illuminate/Foundation/Http/Kernel.php(145): Illuminate\\Foundation\\Http\\Kernel->sendRequestThroughRouter(Object(Illuminate\\Http\\Request))
#50 /Users/waltherstein/Documents/PROYECTOS/php_template/vendor/laravel/framework/src/Illuminate/Foundation/Application.php(1220): Illuminate\\Foundation\\Http\\Kernel->handle(Object(Illuminate\\Http\\Request))
#51 /Users/waltherstein/Documents/PROYECTOS/php_template/public/index.php(18): Illuminate\\Foundation\\Application->handleRequest(Object(Illuminate\\Http\\Request))
#52 /Users/waltherstein/Documents/PROYECTOS/php_template/vendor/laravel/framework/src/Illuminate/Foundation/resources/server.php(23): require_once('/Users/walthers...')
#53 {main}
"} 
[2026-05-14 17:34:14] local.ERROR: No application encryption key has been specified. {"exception":"[object] (Illuminate\\Encryption\\MissingAppKeyException(code: 0): No application encryption key has been specified. at /Users/waltherstein/Documents/PROYECTOS/php_template/vendor/laravel/framework/src/Illuminate/Encryption/EncryptionServiceProvider.php:83)
[stacktrace]
#0 /Users/waltherstein/Documents/PROYECTOS/php_template/vendor/laravel/framework/src/Illuminate/Support/helpers.php(399): Illuminate\\Encryption\\EncryptionServiceProvider->{closure:Illuminate\\Encryption\\EncryptionServiceProvider::key():81}('')
#1 /Users/waltherstein/Documents/PROYECTOS/php_template/vendor/laravel/framework/src/Illuminate/Encryption/EncryptionServiceProvider.php(81): tap('', Object(Closure))
#2 /Users/waltherstein/Documents/PROYECTOS/php_template/vendor/laravel/framework/src/Illuminate/Encryption/EncryptionServiceProvider.php(64): Illuminate\\Encryption\\EncryptionServiceProvider->key(Array)
#3 /Users/waltherstein/Documents/PROYECTOS/php_template/vendor/laravel/framework/src/Illuminate/Encryption/EncryptionServiceProvider.php(32): Illuminate\\Encryption\\EncryptionServiceProvider->parseKey(Array)
#4 /Users/waltherstein/Documents/PROYECTOS/php_template/vendor/laravel/framework/src/Illuminate/Container/Container.php(952): Illuminate\\Encryption\\EncryptionServiceProvider->{closure:Illuminate\\Encryption\\EncryptionServiceProvider::registerEncrypter():29}(Object(Illuminate\\Foundation\\Application), Array)
#5 /Users/waltherstein/Documents/PROYECTOS/php_template/vendor/laravel/framework/src/Illuminate/Container/Container.php(832): Illuminate\\Container\\Container->build(Object(Closure))
#6 /Users/waltherstein/Documents/PROYECTOS/php_template/vendor/laravel/framework/src/Illuminate/Foundation/Application.php(1078): Illuminate\\Container\\Container->resolve('encrypter', Array, true)
#7 /Users/waltherstein/Documents/PROYECTOS/php_template/vendor/laravel/framework/src/Illuminate/Container/Container.php(763): Illuminate\\Foundation\\Application->resolve('encrypter', Array)
#8 /Users/waltherstein/Documents/PROYECTOS/php_template/vendor/laravel/framework/src/Illuminate/Foundation/Application.php(1058): Illuminate\\Container\\Container->make('encrypter', Array)
#9 /Users/waltherstein/Documents/PROYECTOS/php_template/vendor/laravel/framework/src/Illuminate/Container/Container.php(1133): Illuminate\\Foundation\\Application->make('encrypter')
#10 /Users/waltherstein/Documents/PROYECTOS/php_template/vendor/laravel/framework/src/Illuminate/Container/Container.php(1043): Illuminate\\Container\\Container->resolveClass(Object(ReflectionParameter))
#11 /Users/waltherstein/Documents/PROYECTOS/php_template/vendor/laravel/framework/src/Illuminate/Container/Container.php(994): Illuminate\\Container\\Container->resolveDependencies(Array)
#12 /Users/waltherstein/Documents/PROYECTOS/php_template/vendor/laravel/framework/src/Illuminate/Container/Container.php(832): Illuminate\\Container\\Container->build('Illuminate\\\\Cook...')
#13 /Users/waltherstein/Documents/PROYECTOS/php_template/vendor/laravel/framework/src/Illuminate/Foundation/Application.php(1078): Illuminate\\Container\\Container->resolve('Illuminate\\\\Cook...', Array, true)
#14 /Users/waltherstein/Documents/PROYECTOS/php_template/vendor/laravel/framework/src/Illuminate/Container/Container.php(763): Illuminate\\Foundation\\Application->resolve('Illuminate\\\\Cook...', Array)
#15 /Users/waltherstein/Documents/PROYECTOS/php_template/vendor/laravel/framework/src/Illuminate/Foundation/Application.php(1058): Illuminate\\Container\\Container->make('Illuminate\\\\Cook...', Array)
#16 /Users/waltherstein/Documents/PROYECTOS/php_template/vendor/laravel/framework/src/Illuminate/Pipeline/Pipeline.php(198): Illuminate\\Foundation\\Application->make('Illuminate\\\\Cook...')
#17 /Users/waltherstein/Documents/PROYECTOS/php_template/vendor/laravel/sanctum/src/Http/Middleware/EnsureFrontendRequestsAreStateful.php(61): Illuminate\\Pipeline\\Pipeline->{closure:{closure:Illuminate\\Pipeline\\Pipeline::carry():184}:185}(Object(Illuminate\\Http\\Request))
#18 /Users/waltherstein/Documents/PROYECTOS/php_template/vendor/laravel/framework/src/Illuminate/Pipeline/Pipeline.php(191): Laravel\\Sanctum\\Http\\Middleware\\EnsureFrontendRequestsAreStateful->{closure:Laravel\\Sanctum\\Http\\Middleware\\EnsureFrontendRequestsAreStateful::frontendMiddleware():58}(Object(Illuminate\\Http\\Request), Object(Closure))
#19 /Users/waltherstein/Documents/PROYECTOS/php_template/vendor/laravel/framework/src/Illuminate/Pipeline/Pipeline.php(127): Illuminate\\Pipeline\\Pipeline->{closure:{closure:Illuminate\\Pipeline\\Pipeline::carry():184}:185}(Object(Illuminate\\Http\\Request))
#20 /Users/waltherstein/Documents/PROYECTOS/php_template/vendor/laravel/sanctum/src/Http/Middleware/EnsureFrontendRequestsAreStateful.php(25): Illuminate\\Pipeline\\Pipeline->then(Object(Closure))
#21 /Users/waltherstein/Documents/PROYECTOS/php_template/vendor/laravel/framework/src/Illuminate/Pipeline/Pipeline.php(209): Laravel\\Sanctum\\Http\\Middleware\\EnsureFrontendRequestsAreStateful->handle(Object(Illuminate\\Http\\Request), Object(Closure))
#22 /Users/waltherstein/Documents/PROYECTOS/php_template/src/Presentation/Http/Middleware/JsonResponseMiddleware.php(17): Illuminate\\Pipeline\\Pipeline->{closure:{closure:Illuminate\\Pipeline\\Pipeline::carry():184}:185}(Object(Illuminate\\Http\\Request))
#23 /Users/waltherstein/Documents/PROYECTOS/php_template/vendor/laravel/framework/src/Illuminate/Pipeline/Pipeline.php(209): Presentation\\Http\\Middleware\\JsonResponseMiddleware->handle(Object(Illuminate\\Http\\Request), Object(Closure))
#24 /Users/waltherstein/Documents/PROYECTOS/php_template/vendor/laravel/framework/src/Illuminate/Pipeline/Pipeline.php(127): Illuminate\\Pipeline\\Pipeline->{closure:{closure:Illuminate\\Pipeline\\Pipeline::carry():184}:185}(Object(Illuminate\\Http\\Request))
#25 /Users/waltherstein/Documents/PROYECTOS/php_template/vendor/laravel/framework/src/Illuminate/Routing/Router.php(807): Illuminate\\Pipeline\\Pipeline->then(Object(Closure))
#26 /Users/waltherstein/Documents/PROYECTOS/php_template/vendor/laravel/framework/src/Illuminate/Routing/Router.php(786): Illuminate\\Routing\\Router->runRouteWithinStack(Object(Illuminate\\Routing\\Route), Object(Illuminate\\Http\\Request))
#27 /Users/waltherstein/Documents/PROYECTOS/php_template/vendor/laravel/framework/src/Illuminate/Routing/Router.php(750): Illuminate\\Routing\\Router->runRoute(Object(Illuminate\\Http\\Request), Object(Illuminate\\Routing\\Route))
#28 /Users/waltherstein/Documents/PROYECTOS/php_template/vendor/laravel/framework/src/Illuminate/Routing/Router.php(739): Illuminate\\Routing\\Router->dispatchToRoute(Object(Illuminate\\Http\\Request))
#29 /Users/waltherstein/Documents/PROYECTOS/php_template/vendor/laravel/framework/src/Illuminate/Foundation/Http/Kernel.php(201): Illuminate\\Routing\\Router->dispatch(Object(Illuminate\\Http\\Request))
#30 /Users/waltherstein/Documents/PROYECTOS/php_template/vendor/laravel/framework/src/Illuminate/Pipeline/Pipeline.php(170): Illuminate\\Foundation\\Http\\Kernel->{closure:Illuminate\\Foundation\\Http\\Kernel::dispatchToRouter():198}(Object(Illuminate\\Http\\Request))
#31 /Users/waltherstein/Documents/PROYECTOS/php_template/vendor/laravel/framework/src/Illuminate/Foundation/Http/Middleware/TransformsRequest.php(21): Illuminate\\Pipeline\\Pipeline->{closure:Illuminate\\Pipeline\\Pipeline::prepareDestination():168}(Object(Illuminate\\Http\\Request))
#32 /Users/waltherstein/Documents/PROYECTOS/php_template/vendor/laravel/framework/src/Illuminate/Foundation/Http/Middleware/ConvertEmptyStringsToNull.php(31): Illuminate\\Foundation\\Http\\Middleware\\TransformsRequest->handle(Object(Illuminate\\Http\\Request), Object(Closure))
#33 /Users/waltherstein/Documents/PROYECTOS/php_template/vendor/laravel/framework/src/Illuminate/Pipeline/Pipeline.php(209): Illuminate\\Foundation\\Http\\Middleware\\ConvertEmptyStringsToNull->handle(Object(Illuminate\\Http\\Request), Object(Closure))
#34 /Users/waltherstein/Documents/PROYECTOS/php_template/vendor/laravel/framework/src/Illuminate/Foundation/Http/Middleware/TransformsRequest.php(21): Illuminate\\Pipeline\\Pipeline->{closure:{closure:Illuminate\\Pipeline\\Pipeline::carry():184}:185}(Object(Illuminate\\Http\\Request))
#35 /Users/waltherstein/Documents/PROYECTOS/php_template/vendor/laravel/framework/src/Illuminate/Foundation/Http/Middleware/TrimStrings.php(51): Illuminate\\Foundation\\Http\\Middleware\\TransformsRequest->handle(Object(Illuminate\\Http\\Request), Object(Closure))
#36 /Users/waltherstein/Documents/PROYECTOS/php_template/vendor/laravel/framework/src/Illuminate/Pipeline/Pipeline.php(209): Illuminate\\Foundation\\Http\\Middleware\\TrimStrings->handle(Object(Illuminate\\Http\\Request), Object(Closure))
#37 /Users/waltherstein/Documents/PROYECTOS/php_template/vendor/laravel/framework/src/Illuminate/Http/Middleware/ValidatePostSize.php(27): Illuminate\\Pipeline\\Pipeline->{closure:{closure:Illuminate\\Pipeline\\Pipeline::carry():184}:185}(Object(Illuminate\\Http\\Request))
#38 /Users/waltherstein/Documents/PROYECTOS/php_template/vendor/laravel/framework/src/Illuminate/Pipeline/Pipeline.php(209): Illuminate\\Http\\Middleware\\ValidatePostSize->handle(Object(Illuminate\\Http\\Request), Object(Closure))
#39 /Users/waltherstein/Documents/PROYECTOS/php_template/vendor/laravel/framework/src/Illuminate/Foundation/Http/Middleware/PreventRequestsDuringMaintenance.php(110): Illuminate\\Pipeline\\Pipeline->{closure:{closure:Illuminate\\Pipeline\\Pipeline::carry():184}:185}(Object(Illuminate\\Http\\Request))
#40 /Users/waltherstein/Documents/PROYECTOS/php_template/vendor/laravel/framework/src/Illuminate/Pipeline/Pipeline.php(209): Illuminate\\Foundation\\Http\\Middleware\\PreventRequestsDuringMaintenance->handle(Object(Illuminate\\Http\\Request), Object(Closure))
#41 /Users/waltherstein/Documents/PROYECTOS/php_template/vendor/laravel/framework/src/Illuminate/Http/Middleware/HandleCors.php(62): Illuminate\\Pipeline\\Pipeline->{closure:{closure:Illuminate\\Pipeline\\Pipeline::carry():184}:185}(Object(Illuminate\\Http\\Request))
#42 /Users/waltherstein/Documents/PROYECTOS/php_template/vendor/laravel/framework/src/Illuminate/Pipeline/Pipeline.php(209): Illuminate\\Http\\Middleware\\HandleCors->handle(Object(Illuminate\\Http\\Request), Object(Closure))
#43 /Users/waltherstein/Documents/PROYECTOS/php_template/vendor/laravel/framework/src/Illuminate/Http/Middleware/TrustProxies.php(58): Illuminate\\Pipeline\\Pipeline->{closure:{closure:Illuminate\\Pipeline\\Pipeline::carry():184}:185}(Object(Illuminate\\Http\\Request))
#44 /Users/waltherstein/Documents/PROYECTOS/php_template/vendor/laravel/framework/src/Illuminate/Pipeline/Pipeline.php(209): Illuminate\\Http\\Middleware\\TrustProxies->handle(Object(Illuminate\\Http\\Request), Object(Closure))
#45 /Users/waltherstein/Documents/PROYECTOS/php_template/vendor/laravel/framework/src/Illuminate/Foundation/Http/Middleware/InvokeDeferredCallbacks.php(22): Illuminate\\Pipeline\\Pipeline->{closure:{closure:Illuminate\\Pipeline\\Pipeline::carry():184}:185}(Object(Illuminate\\Http\\Request))
#46 /Users/waltherstein/Documents/PROYECTOS/php_template/vendor/laravel/framework/src/Illuminate/Pipeline/Pipeline.php(209): Illuminate\\Foundation\\Http\\Middleware\\InvokeDeferredCallbacks->handle(Object(Illuminate\\Http\\Request), Object(Closure))
#47 /Users/waltherstein/Documents/PROYECTOS/php_template/vendor/laravel/framework/src/Illuminate/Pipeline/Pipeline.php(127): Illuminate\\Pipeline\\Pipeline->{closure:{closure:Illuminate\\Pipeline\\Pipeline::carry():184}:185}(Object(Illuminate\\Http\\Request))
#48 /Users/waltherstein/Documents/PROYECTOS/php_template/vendor/laravel/framework/src/Illuminate/Foundation/Http/Kernel.php(176): Illuminate\\Pipeline\\Pipeline->then(Object(Closure))
#49 /Users/waltherstein/Documents/PROYECTOS/php_template/vendor/laravel/framework/src/Illuminate/Foundation/Http/Kernel.php(145): Illuminate\\Foundation\\Http\\Kernel->sendRequestThroughRouter(Object(Illuminate\\Http\\Request))
#50 /Users/waltherstein/Documents/PROYECTOS/php_template/vendor/laravel/framework/src/Illuminate/Foundation/Application.php(1220): Illuminate\\Foundation\\Http\\Kernel->handle(Object(Illuminate\\Http\\Request))
#51 /Users/waltherstein/Documents/PROYECTOS/php_template/public/index.php(18): Illuminate\\Foundation\\Application->handleRequest(Object(Illuminate\\Http\\Request))
#52 /Users/waltherstein/Documents/PROYECTOS/php_template/vendor/laravel/framework/src/Illuminate/Foundation/resources/server.php(23): require_once('/Users/walthers...')
#53 {main}
"} 
[2026-05-14 17:48:17] local.ERROR: No application encryption key has been specified. {"exception":"[object] (Illuminate\\Encryption\\MissingAppKeyException(code: 0): No application encryption key has been specified. at /Users/waltherstein/Documents/PROYECTOS/php_template/vendor/laravel/framework/src/Illuminate/Encryption/EncryptionServiceProvider.php:83)
[stacktrace]
#0 /Users/waltherstein/Documents/PROYECTOS/php_template/vendor/laravel/framework/src/Illuminate/Support/helpers.php(399): Illuminate\\Encryption\\EncryptionServiceProvider->{closure:Illuminate\\Encryption\\EncryptionServiceProvider::key():81}('')
#1 /Users/waltherstein/Documents/PROYECTOS/php_template/vendor/laravel/framework/src/Illuminate/Encryption/EncryptionServiceProvider.php(81): tap('', Object(Closure))
#2 /Users/waltherstein/Documents/PROYECTOS/php_template/vendor/laravel/framework/src/Illuminate/Encryption/EncryptionServiceProvider.php(64): Illuminate\\Encryption\\EncryptionServiceProvider->key(Array)
#3 /Users/waltherstein/Documents/PROYECTOS/php_template/vendor/laravel/framework/src/Illuminate/Encryption/EncryptionServiceProvider.php(32): Illuminate\\Encryption\\EncryptionServiceProvider->parseKey(Array)
#4 /Users/waltherstein/Documents/PROYECTOS/php_template/vendor/laravel/framework/src/Illuminate/Container/Container.php(952): Illuminate\\Encryption\\EncryptionServiceProvider->{closure:Illuminate\\Encryption\\EncryptionServiceProvider::registerEncrypter():29}(Object(Illuminate\\Foundation\\Application), Array)
#5 /Users/waltherstein/Documents/PROYECTOS/php_template/vendor/laravel/framework/src/Illuminate/Container/Container.php(832): Illuminate\\Container\\Container->build(Object(Closure))
#6 /Users/waltherstein/Documents/PROYECTOS/php_template/vendor/laravel/framework/src/Illuminate/Foundation/Application.php(1078): Illuminate\\Container\\Container->resolve('encrypter', Array, true)
#7 /Users/waltherstein/Documents/PROYECTOS/php_template/vendor/laravel/framework/src/Illuminate/Container/Container.php(763): Illuminate\\Foundation\\Application->resolve('encrypter', Array)
#8 /Users/waltherstein/Documents/PROYECTOS/php_template/vendor/laravel/framework/src/Illuminate/Foundation/Application.php(1058): Illuminate\\Container\\Container->make('encrypter', Array)
#9 /Users/waltherstein/Documents/PROYECTOS/php_template/vendor/laravel/framework/src/Illuminate/Container/Container.php(1133): Illuminate\\Foundation\\Application->make('encrypter')
#10 /Users/waltherstein/Documents/PROYECTOS/php_template/vendor/laravel/framework/src/Illuminate/Container/Container.php(1043): Illuminate\\Container\\Container->resolveClass(Object(ReflectionParameter))
#11 /Users/waltherstein/Documents/PROYECTOS/php_template/vendor/laravel/framework/src/Illuminate/Container/Container.php(994): Illuminate\\Container\\Container->resolveDependencies(Array)
#12 /Users/waltherstein/Documents/PROYECTOS/php_template/vendor/laravel/framework/src/Illuminate/Container/Container.php(832): Illuminate\\Container\\Container->build('Illuminate\\\\Cook...')
#13 /Users/waltherstein/Documents/PROYECTOS/php_template/vendor/laravel/framework/src/Illuminate/Foundation/Application.php(1078): Illuminate\\Container\\Container->resolve('Illuminate\\\\Cook...', Array, true)
#14 /Users/waltherstein/Documents/PROYECTOS/php_template/vendor/laravel/framework/src/Illuminate/Container/Container.php(763): Illuminate\\Foundation\\Application->resolve('Illuminate\\\\Cook...', Array)
#15 /Users/waltherstein/Documents/PROYECTOS/php_template/vendor/laravel/framework/src/Illuminate/Foundation/Application.php(1058): Illuminate\\Container\\Container->make('Illuminate\\\\Cook...', Array)
#16 /Users/waltherstein/Documents/PROYECTOS/php_template/vendor/laravel/framework/src/Illuminate/Pipeline/Pipeline.php(198): Illuminate\\Foundation\\Application->make('Illuminate\\\\Cook...')
#17 /Users/waltherstein/Documents/PROYECTOS/php_template/vendor/laravel/sanctum/src/Http/Middleware/EnsureFrontendRequestsAreStateful.php(61): Illuminate\\Pipeline\\Pipeline->{closure:{closure:Illuminate\\Pipeline\\Pipeline::carry():184}:185}(Object(Illuminate\\Http\\Request))
#18 /Users/waltherstein/Documents/PROYECTOS/php_template/vendor/laravel/framework/src/Illuminate/Pipeline/Pipeline.php(191): Laravel\\Sanctum\\Http\\Middleware\\EnsureFrontendRequestsAreStateful->{closure:Laravel\\Sanctum\\Http\\Middleware\\EnsureFrontendRequestsAreStateful::frontendMiddleware():58}(Object(Illuminate\\Http\\Request), Object(Closure))
#19 /Users/waltherstein/Documents/PROYECTOS/php_template/vendor/laravel/framework/src/Illuminate/Pipeline/Pipeline.php(127): Illuminate\\Pipeline\\Pipeline->{closure:{closure:Illuminate\\Pipeline\\Pipeline::carry():184}:185}(Object(Illuminate\\Http\\Request))
#20 /Users/waltherstein/Documents/PROYECTOS/php_template/vendor/laravel/sanctum/src/Http/Middleware/EnsureFrontendRequestsAreStateful.php(25): Illuminate\\Pipeline\\Pipeline->then(Object(Closure))
#21 /Users/waltherstein/Documents/PROYECTOS/php_template/vendor/laravel/framework/src/Illuminate/Pipeline/Pipeline.php(209): Laravel\\Sanctum\\Http\\Middleware\\EnsureFrontendRequestsAreStateful->handle(Object(Illuminate\\Http\\Request), Object(Closure))
#22 /Users/waltherstein/Documents/PROYECTOS/php_template/src/Presentation/Http/Middleware/JsonResponseMiddleware.php(17): Illuminate\\Pipeline\\Pipeline->{closure:{closure:Illuminate\\Pipeline\\Pipeline::carry():184}:185}(Object(Illuminate\\Http\\Request))
#23 /Users/waltherstein/Documents/PROYECTOS/php_template/vendor/laravel/framework/src/Illuminate/Pipeline/Pipeline.php(209): Presentation\\Http\\Middleware\\JsonResponseMiddleware->handle(Object(Illuminate\\Http\\Request), Object(Closure))
#24 /Users/waltherstein/Documents/PROYECTOS/php_template/vendor/laravel/framework/src/Illuminate/Pipeline/Pipeline.php(127): Illuminate\\Pipeline\\Pipeline->{closure:{closure:Illuminate\\Pipeline\\Pipeline::carry():184}:185}(Object(Illuminate\\Http\\Request))
#25 /Users/waltherstein/Documents/PROYECTOS/php_template/vendor/laravel/framework/src/Illuminate/Routing/Router.php(807): Illuminate\\Pipeline\\Pipeline->then(Object(Closure))
#26 /Users/waltherstein/Documents/PROYECTOS/php_template/vendor/laravel/framework/src/Illuminate/Routing/Router.php(786): Illuminate\\Routing\\Router->runRouteWithinStack(Object(Illuminate\\Routing\\Route), Object(Illuminate\\Http\\Request))
#27 /Users/waltherstein/Documents/PROYECTOS/php_template/vendor/laravel/framework/src/Illuminate/Routing/Router.php(750): Illuminate\\Routing\\Router->runRoute(Object(Illuminate\\Http\\Request), Object(Illuminate\\Routing\\Route))
#28 /Users/waltherstein/Documents/PROYECTOS/php_template/vendor/laravel/framework/src/Illuminate/Routing/Router.php(739): Illuminate\\Routing\\Router->dispatchToRoute(Object(Illuminate\\Http\\Request))
#29 /Users/waltherstein/Documents/PROYECTOS/php_template/vendor/laravel/framework/src/Illuminate/Foundation/Http/Kernel.php(201): Illuminate\\Routing\\Router->dispatch(Object(Illuminate\\Http\\Request))
#30 /Users/waltherstein/Documents/PROYECTOS/php_template/vendor/laravel/framework/src/Illuminate/Pipeline/Pipeline.php(170): Illuminate\\Foundation\\Http\\Kernel->{closure:Illuminate\\Foundation\\Http\\Kernel::dispatchToRouter():198}(Object(Illuminate\\Http\\Request))
#31 /Users/waltherstein/Documents/PROYECTOS/php_template/vendor/laravel/framework/src/Illuminate/Foundation/Http/Middleware/TransformsRequest.php(21): Illuminate\\Pipeline\\Pipeline->{closure:Illuminate\\Pipeline\\Pipeline::prepareDestination():168}(Object(Illuminate\\Http\\Request))
#32 /Users/waltherstein/Documents/PROYECTOS/php_template/vendor/laravel/framework/src/Illuminate/Foundation/Http/Middleware/ConvertEmptyStringsToNull.php(31): Illuminate\\Foundation\\Http\\Middleware\\TransformsRequest->handle(Object(Illuminate\\Http\\Request), Object(Closure))
#33 /Users/waltherstein/Documents/PROYECTOS/php_template/vendor/laravel/framework/src/Illuminate/Pipeline/Pipeline.php(209): Illuminate\\Foundation\\Http\\Middleware\\ConvertEmptyStringsToNull->handle(Object(Illuminate\\Http\\Request), Object(Closure))
#34 /Users/waltherstein/Documents/PROYECTOS/php_template/vendor/laravel/framework/src/Illuminate/Foundation/Http/Middleware/TransformsRequest.php(21): Illuminate\\Pipeline\\Pipeline->{closure:{closure:Illuminate\\Pipeline\\Pipeline::carry():184}:185}(Object(Illuminate\\Http\\Request))
#35 /Users/waltherstein/Documents/PROYECTOS/php_template/vendor/laravel/framework/src/Illuminate/Foundation/Http/Middleware/TrimStrings.php(51): Illuminate\\Foundation\\Http\\Middleware\\TransformsRequest->handle(Object(Illuminate\\Http\\Request), Object(Closure))
#36 /Users/waltherstein/Documents/PROYECTOS/php_template/vendor/laravel/framework/src/Illuminate/Pipeline/Pipeline.php(209): Illuminate\\Foundation\\Http\\Middleware\\TrimStrings->handle(Object(Illuminate\\Http\\Request), Object(Closure))
#37 /Users/waltherstein/Documents/PROYECTOS/php_template/vendor/laravel/framework/src/Illuminate/Http/Middleware/ValidatePostSize.php(27): Illuminate\\Pipeline\\Pipeline->{closure:{closure:Illuminate\\Pipeline\\Pipeline::carry():184}:185}(Object(Illuminate\\Http\\Request))
#38 /Users/waltherstein/Documents/PROYECTOS/php_template/vendor/laravel/framework/src/Illuminate/Pipeline/Pipeline.php(209): Illuminate\\Http\\Middleware\\ValidatePostSize->handle(Object(Illuminate\\Http\\Request), Object(Closure))
#39 /Users/waltherstein/Documents/PROYECTOS/php_template/vendor/laravel/framework/src/Illuminate/Foundation/Http/Middleware/PreventRequestsDuringMaintenance.php(110): Illuminate\\Pipeline\\Pipeline->{closure:{closure:Illuminate\\Pipeline\\Pipeline::carry():184}:185}(Object(Illuminate\\Http\\Request))
#40 /Users/waltherstein/Documents/PROYECTOS/php_template/vendor/laravel/framework/src/Illuminate/Pipeline/Pipeline.php(209): Illuminate\\Foundation\\Http\\Middleware\\PreventRequestsDuringMaintenance->handle(Object(Illuminate\\Http\\Request), Object(Closure))
#41 /Users/waltherstein/Documents/PROYECTOS/php_template/vendor/laravel/framework/src/Illuminate/Http/Middleware/HandleCors.php(62): Illuminate\\Pipeline\\Pipeline->{closure:{closure:Illuminate\\Pipeline\\Pipeline::carry():184}:185}(Object(Illuminate\\Http\\Request))
#42 /Users/waltherstein/Documents/PROYECTOS/php_template/vendor/laravel/framework/src/Illuminate/Pipeline/Pipeline.php(209): Illuminate\\Http\\Middleware\\HandleCors->handle(Object(Illuminate\\Http\\Request), Object(Closure))
#43 /Users/waltherstein/Documents/PROYECTOS/php_template/vendor/laravel/framework/src/Illuminate/Http/Middleware/TrustProxies.php(58): Illuminate\\Pipeline\\Pipeline->{closure:{closure:Illuminate\\Pipeline\\Pipeline::carry():184}:185}(Object(Illuminate\\Http\\Request))
#44 /Users/waltherstein/Documents/PROYECTOS/php_template/vendor/laravel/framework/src/Illuminate/Pipeline/Pipeline.php(209): Illuminate\\Http\\Middleware\\TrustProxies->handle(Object(Illuminate\\Http\\Request), Object(Closure))
#45 /Users/waltherstein/Documents/PROYECTOS/php_template/vendor/laravel/framework/src/Illuminate/Foundation/Http/Middleware/InvokeDeferredCallbacks.php(22): Illuminate\\Pipeline\\Pipeline->{closure:{closure:Illuminate\\Pipeline\\Pipeline::carry():184}:185}(Object(Illuminate\\Http\\Request))
#46 /Users/waltherstein/Documents/PROYECTOS/php_template/vendor/laravel/framework/src/Illuminate/Pipeline/Pipeline.php(209): Illuminate\\Foundation\\Http\\Middleware\\InvokeDeferredCallbacks->handle(Object(Illuminate\\Http\\Request), Object(Closure))
#47 /Users/waltherstein/Documents/PROYECTOS/php_template/vendor/laravel/framework/src/Illuminate/Pipeline/Pipeline.php(127): Illuminate\\Pipeline\\Pipeline->{closure:{closure:Illuminate\\Pipeline\\Pipeline::carry():184}:185}(Object(Illuminate\\Http\\Request))
#48 /Users/waltherstein/Documents/PROYECTOS/php_template/vendor/laravel/framework/src/Illuminate/Foundation/Http/Kernel.php(176): Illuminate\\Pipeline\\Pipeline->then(Object(Closure))
#49 /Users/waltherstein/Documents/PROYECTOS/php_template/vendor/laravel/framework/src/Illuminate/Foundation/Http/Kernel.php(145): Illuminate\\Foundation\\Http\\Kernel->sendRequestThroughRouter(Object(Illuminate\\Http\\Request))
#50 /Users/waltherstein/Documents/PROYECTOS/php_template/vendor/laravel/framework/src/Illuminate/Foundation/Application.php(1220): Illuminate\\Foundation\\Http\\Kernel->handle(Object(Illuminate\\Http\\Request))
#51 /Users/waltherstein/Documents/PROYECTOS/php_template/public/index.php(18): Illuminate\\Foundation\\Application->handleRequest(Object(Illuminate\\Http\\Request))
#52 /Users/waltherstein/Documents/PROYECTOS/php_template/vendor/laravel/framework/src/Illuminate/Foundation/resources/server.php(23): require_once('/Users/walthers...')
#53 {main}
"} 
[2026-05-14 17:48:19] local.ERROR: No application encryption key has been specified. {"exception":"[object] (Illuminate\\Encryption\\MissingAppKeyException(code: 0): No application encryption key has been specified. at /Users/waltherstein/Documents/PROYECTOS/php_template/vendor/laravel/framework/src/Illuminate/Encryption/EncryptionServiceProvider.php:83)
[stacktrace]
#0 /Users/waltherstein/Documents/PROYECTOS/php_template/vendor/laravel/framework/src/Illuminate/Support/helpers.php(399): Illuminate\\Encryption\\EncryptionServiceProvider->{closure:Illuminate\\Encryption\\EncryptionServiceProvider::key():81}('')
#1 /Users/waltherstein/Documents/PROYECTOS/php_template/vendor/laravel/framework/src/Illuminate/Encryption/EncryptionServiceProvider.php(81): tap('', Object(Closure))
#2 /Users/waltherstein/Documents/PROYECTOS/php_template/vendor/laravel/framework/src/Illuminate/Encryption/EncryptionServiceProvider.php(64): Illuminate\\Encryption\\EncryptionServiceProvider->key(Array)
#3 /Users/waltherstein/Documents/PROYECTOS/php_template/vendor/laravel/framework/src/Illuminate/Encryption/EncryptionServiceProvider.php(32): Illuminate\\Encryption\\EncryptionServiceProvider->parseKey(Array)
#4 /Users/waltherstein/Documents/PROYECTOS/php_template/vendor/laravel/framework/src/Illuminate/Container/Container.php(952): Illuminate\\Encryption\\EncryptionServiceProvider->{closure:Illuminate\\Encryption\\EncryptionServiceProvider::registerEncrypter():29}(Object(Illuminate\\Foundation\\Application), Array)
#5 /Users/waltherstein/Documents/PROYECTOS/php_template/vendor/laravel/framework/src/Illuminate/Container/Container.php(832): Illuminate\\Container\\Container->build(Object(Closure))
#6 /Users/waltherstein/Documents/PROYECTOS/php_template/vendor/laravel/framework/src/Illuminate/Foundation/Application.php(1078): Illuminate\\Container\\Container->resolve('encrypter', Array, true)
#7 /Users/waltherstein/Documents/PROYECTOS/php_template/vendor/laravel/framework/src/Illuminate/Container/Container.php(763): Illuminate\\Foundation\\Application->resolve('encrypter', Array)
#8 /Users/waltherstein/Documents/PROYECTOS/php_template/vendor/laravel/framework/src/Illuminate/Foundation/Application.php(1058): Illuminate\\Container\\Container->make('encrypter', Array)
#9 /Users/waltherstein/Documents/PROYECTOS/php_template/vendor/laravel/framework/src/Illuminate/Container/Container.php(1133): Illuminate\\Foundation\\Application->make('encrypter')
#10 /Users/waltherstein/Documents/PROYECTOS/php_template/vendor/laravel/framework/src/Illuminate/Container/Container.php(1043): Illuminate\\Container\\Container->resolveClass(Object(ReflectionParameter))
#11 /Users/waltherstein/Documents/PROYECTOS/php_template/vendor/laravel/framework/src/Illuminate/Container/Container.php(994): Illuminate\\Container\\Container->resolveDependencies(Array)
#12 /Users/waltherstein/Documents/PROYECTOS/php_template/vendor/laravel/framework/src/Illuminate/Container/Container.php(832): Illuminate\\Container\\Container->build('Illuminate\\\\Cook...')
#13 /Users/waltherstein/Documents/PROYECTOS/php_template/vendor/laravel/framework/src/Illuminate/Foundation/Application.php(1078): Illuminate\\Container\\Container->resolve('Illuminate\\\\Cook...', Array, true)
#14 /Users/waltherstein/Documents/PROYECTOS/php_template/vendor/laravel/framework/src/Illuminate/Container/Container.php(763): Illuminate\\Foundation\\Application->resolve('Illuminate\\\\Cook...', Array)
#15 /Users/waltherstein/Documents/PROYECTOS/php_template/vendor/laravel/framework/src/Illuminate/Foundation/Application.php(1058): Illuminate\\Container\\Container->make('Illuminate\\\\Cook...', Array)
#16 /Users/waltherstein/Documents/PROYECTOS/php_template/vendor/laravel/framework/src/Illuminate/Pipeline/Pipeline.php(198): Illuminate\\Foundation\\Application->make('Illuminate\\\\Cook...')
#17 /Users/waltherstein/Documents/PROYECTOS/php_template/vendor/laravel/sanctum/src/Http/Middleware/EnsureFrontendRequestsAreStateful.php(61): Illuminate\\Pipeline\\Pipeline->{closure:{closure:Illuminate\\Pipeline\\Pipeline::carry():184}:185}(Object(Illuminate\\Http\\Request))
#18 /Users/waltherstein/Documents/PROYECTOS/php_template/vendor/laravel/framework/src/Illuminate/Pipeline/Pipeline.php(191): Laravel\\Sanctum\\Http\\Middleware\\EnsureFrontendRequestsAreStateful->{closure:Laravel\\Sanctum\\Http\\Middleware\\EnsureFrontendRequestsAreStateful::frontendMiddleware():58}(Object(Illuminate\\Http\\Request), Object(Closure))
#19 /Users/waltherstein/Documents/PROYECTOS/php_template/vendor/laravel/framework/src/Illuminate/Pipeline/Pipeline.php(127): Illuminate\\Pipeline\\Pipeline->{closure:{closure:Illuminate\\Pipeline\\Pipeline::carry():184}:185}(Object(Illuminate\\Http\\Request))
#20 /Users/waltherstein/Documents/PROYECTOS/php_template/vendor/laravel/sanctum/src/Http/Middleware/EnsureFrontendRequestsAreStateful.php(25): Illuminate\\Pipeline\\Pipeline->then(Object(Closure))
#21 /Users/waltherstein/Documents/PROYECTOS/php_template/vendor/laravel/framework/src/Illuminate/Pipeline/Pipeline.php(209): Laravel\\Sanctum\\Http\\Middleware\\EnsureFrontendRequestsAreStateful->handle(Object(Illuminate\\Http\\Request), Object(Closure))
#22 /Users/waltherstein/Documents/PROYECTOS/php_template/src/Presentation/Http/Middleware/JsonResponseMiddleware.php(17): Illuminate\\Pipeline\\Pipeline->{closure:{closure:Illuminate\\Pipeline\\Pipeline::carry():184}:185}(Object(Illuminate\\Http\\Request))
#23 /Users/waltherstein/Documents/PROYECTOS/php_template/vendor/laravel/framework/src/Illuminate/Pipeline/Pipeline.php(209): Presentation\\Http\\Middleware\\JsonResponseMiddleware->handle(Object(Illuminate\\Http\\Request), Object(Closure))
#24 /Users/waltherstein/Documents/PROYECTOS/php_template/vendor/laravel/framework/src/Illuminate/Pipeline/Pipeline.php(127): Illuminate\\Pipeline\\Pipeline->{closure:{closure:Illuminate\\Pipeline\\Pipeline::carry():184}:185}(Object(Illuminate\\Http\\Request))
#25 /Users/waltherstein/Documents/PROYECTOS/php_template/vendor/laravel/framework/src/Illuminate/Routing/Router.php(807): Illuminate\\Pipeline\\Pipeline->then(Object(Closure))
#26 /Users/waltherstein/Documents/PROYECTOS/php_template/vendor/laravel/framework/src/Illuminate/Routing/Router.php(786): Illuminate\\Routing\\Router->runRouteWithinStack(Object(Illuminate\\Routing\\Route), Object(Illuminate\\Http\\Request))
#27 /Users/waltherstein/Documents/PROYECTOS/php_template/vendor/laravel/framework/src/Illuminate/Routing/Router.php(750): Illuminate\\Routing\\Router->runRoute(Object(Illuminate\\Http\\Request), Object(Illuminate\\Routing\\Route))
#28 /Users/waltherstein/Documents/PROYECTOS/php_template/vendor/laravel/framework/src/Illuminate/Routing/Router.php(739): Illuminate\\Routing\\Router->dispatchToRoute(Object(Illuminate\\Http\\Request))
#29 /Users/waltherstein/Documents/PROYECTOS/php_template/vendor/laravel/framework/src/Illuminate/Foundation/Http/Kernel.php(201): Illuminate\\Routing\\Router->dispatch(Object(Illuminate\\Http\\Request))
#30 /Users/waltherstein/Documents/PROYECTOS/php_template/vendor/laravel/framework/src/Illuminate/Pipeline/Pipeline.php(170): Illuminate\\Foundation\\Http\\Kernel->{closure:Illuminate\\Foundation\\Http\\Kernel::dispatchToRouter():198}(Object(Illuminate\\Http\\Request))
#31 /Users/waltherstein/Documents/PROYECTOS/php_template/vendor/laravel/framework/src/Illuminate/Foundation/Http/Middleware/TransformsRequest.php(21): Illuminate\\Pipeline\\Pipeline->{closure:Illuminate\\Pipeline\\Pipeline::prepareDestination():168}(Object(Illuminate\\Http\\Request))
#32 /Users/waltherstein/Documents/PROYECTOS/php_template/vendor/laravel/framework/src/Illuminate/Foundation/Http/Middleware/ConvertEmptyStringsToNull.php(31): Illuminate\\Foundation\\Http\\Middleware\\TransformsRequest->handle(Object(Illuminate\\Http\\Request), Object(Closure))
#33 /Users/waltherstein/Documents/PROYECTOS/php_template/vendor/laravel/framework/src/Illuminate/Pipeline/Pipeline.php(209): Illuminate\\Foundation\\Http\\Middleware\\ConvertEmptyStringsToNull->handle(Object(Illuminate\\Http\\Request), Object(Closure))
#34 /Users/waltherstein/Documents/PROYECTOS/php_template/vendor/laravel/framework/src/Illuminate/Foundation/Http/Middleware/TransformsRequest.php(21): Illuminate\\Pipeline\\Pipeline->{closure:{closure:Illuminate\\Pipeline\\Pipeline::carry():184}:185}(Object(Illuminate\\Http\\Request))
#35 /Users/waltherstein/Documents/PROYECTOS/php_template/vendor/laravel/framework/src/Illuminate/Foundation/Http/Middleware/TrimStrings.php(51): Illuminate\\Foundation\\Http\\Middleware\\TransformsRequest->handle(Object(Illuminate\\Http\\Request), Object(Closure))
#36 /Users/waltherstein/Documents/PROYECTOS/php_template/vendor/laravel/framework/src/Illuminate/Pipeline/Pipeline.php(209): Illuminate\\Foundation\\Http\\Middleware\\TrimStrings->handle(Object(Illuminate\\Http\\Request), Object(Closure))
#37 /Users/waltherstein/Documents/PROYECTOS/php_template/vendor/laravel/framework/src/Illuminate/Http/Middleware/ValidatePostSize.php(27): Illuminate\\Pipeline\\Pipeline->{closure:{closure:Illuminate\\Pipeline\\Pipeline::carry():184}:185}(Object(Illuminate\\Http\\Request))
#38 /Users/waltherstein/Documents/PROYECTOS/php_template/vendor/laravel/framework/src/Illuminate/Pipeline/Pipeline.php(209): Illuminate\\Http\\Middleware\\ValidatePostSize->handle(Object(Illuminate\\Http\\Request), Object(Closure))
#39 /Users/waltherstein/Documents/PROYECTOS/php_template/vendor/laravel/framework/src/Illuminate/Foundation/Http/Middleware/PreventRequestsDuringMaintenance.php(110): Illuminate\\Pipeline\\Pipeline->{closure:{closure:Illuminate\\Pipeline\\Pipeline::carry():184}:185}(Object(Illuminate\\Http\\Request))
#40 /Users/waltherstein/Documents/PROYECTOS/php_template/vendor/laravel/framework/src/Illuminate/Pipeline/Pipeline.php(209): Illuminate\\Foundation\\Http\\Middleware\\PreventRequestsDuringMaintenance->handle(Object(Illuminate\\Http\\Request), Object(Closure))
#41 /Users/waltherstein/Documents/PROYECTOS/php_template/vendor/laravel/framework/src/Illuminate/Http/Middleware/HandleCors.php(62): Illuminate\\Pipeline\\Pipeline->{closure:{closure:Illuminate\\Pipeline\\Pipeline::carry():184}:185}(Object(Illuminate\\Http\\Request))
#42 /Users/waltherstein/Documents/PROYECTOS/php_template/vendor/laravel/framework/src/Illuminate/Pipeline/Pipeline.php(209): Illuminate\\Http\\Middleware\\HandleCors->handle(Object(Illuminate\\Http\\Request), Object(Closure))
#43 /Users/waltherstein/Documents/PROYECTOS/php_template/vendor/laravel/framework/src/Illuminate/Http/Middleware/TrustProxies.php(58): Illuminate\\Pipeline\\Pipeline->{closure:{closure:Illuminate\\Pipeline\\Pipeline::carry():184}:185}(Object(Illuminate\\Http\\Request))
#44 /Users/waltherstein/Documents/PROYECTOS/php_template/vendor/laravel/framework/src/Illuminate/Pipeline/Pipeline.php(209): Illuminate\\Http\\Middleware\\TrustProxies->handle(Object(Illuminate\\Http\\Request), Object(Closure))
#45 /Users/waltherstein/Documents/PROYECTOS/php_template/vendor/laravel/framework/src/Illuminate/Foundation/Http/Middleware/InvokeDeferredCallbacks.php(22): Illuminate\\Pipeline\\Pipeline->{closure:{closure:Illuminate\\Pipeline\\Pipeline::carry():184}:185}(Object(Illuminate\\Http\\Request))
#46 /Users/waltherstein/Documents/PROYECTOS/php_template/vendor/laravel/framework/src/Illuminate/Pipeline/Pipeline.php(209): Illuminate\\Foundation\\Http\\Middleware\\InvokeDeferredCallbacks->handle(Object(Illuminate\\Http\\Request), Object(Closure))
#47 /Users/waltherstein/Documents/PROYECTOS/php_template/vendor/laravel/framework/src/Illuminate/Pipeline/Pipeline.php(127): Illuminate\\Pipeline\\Pipeline->{closure:{closure:Illuminate\\Pipeline\\Pipeline::carry():184}:185}(Object(Illuminate\\Http\\Request))
#48 /Users/waltherstein/Documents/PROYECTOS/php_template/vendor/laravel/framework/src/Illuminate/Foundation/Http/Kernel.php(176): Illuminate\\Pipeline\\Pipeline->then(Object(Closure))
#49 /Users/waltherstein/Documents/PROYECTOS/php_template/vendor/laravel/framework/src/Illuminate/Foundation/Http/Kernel.php(145): Illuminate\\Foundation\\Http\\Kernel->sendRequestThroughRouter(Object(Illuminate\\Http\\Request))
#50 /Users/waltherstein/Documents/PROYECTOS/php_template/vendor/laravel/framework/src/Illuminate/Foundation/Application.php(1220): Illuminate\\Foundation\\Http\\Kernel->handle(Object(Illuminate\\Http\\Request))
#51 /Users/waltherstein/Documents/PROYECTOS/php_template/public/index.php(18): Illuminate\\Foundation\\Application->handleRequest(Object(Illuminate\\Http\\Request))
#52 /Users/waltherstein/Documents/PROYECTOS/php_template/vendor/laravel/framework/src/Illuminate/Foundation/resources/server.php(23): require_once('/Users/walthers...')
#53 {main}
"} 
[2026-05-14 17:50:36] local.ERROR: Syntax error, unexpected T_VARIABLE, expecting ';' or '{' on line 120 {"exception":"[object] (RuntimeException(code: 0): Syntax error, unexpected T_VARIABLE, expecting ';' or '{' on line 120 at /Users/waltherstein/Documents/PROYECTOS/php_template/vendor/zircote/swagger-php/src/Analysers/TokenScanner.php:42)
[stacktrace]
#0 /Users/waltherstein/Documents/PROYECTOS/php_template/vendor/zircote/swagger-php/src/Analysers/ReflectionAnalyser.php(58): OpenApi\\Analysers\\TokenScanner->scanFile('/Users/walthers...')
#1 /Users/waltherstein/Documents/PROYECTOS/php_template/vendor/zircote/swagger-php/src/Generator.php(431): OpenApi\\Analysers\\ReflectionAnalyser->fromFile('/Users/walthers...', Object(OpenApi\\Context))
#2 /Users/waltherstein/Documents/PROYECTOS/php_template/vendor/zircote/swagger-php/src/Generator.php(428): OpenApi\\Generator->scanSources(Object(OpenApi\\SourceFinder), Object(OpenApi\\Analysis), Object(OpenApi\\Context))
#3 /Users/waltherstein/Documents/PROYECTOS/php_template/vendor/zircote/swagger-php/src/Generator.php(394): OpenApi\\Generator->scanSources(Array, Object(OpenApi\\Analysis), Object(OpenApi\\Context))
#4 /Users/waltherstein/Documents/PROYECTOS/php_template/app/Console/Commands/GenerateOpenApi.php(31): OpenApi\\Generator->generate(Array, Object(OpenApi\\Analysis), true)
#5 /Users/waltherstein/Documents/PROYECTOS/php_template/vendor/laravel/framework/src/Illuminate/Container/BoundMethod.php(36): App\\Console\\Commands\\GenerateOpenApi->handle()
#6 /Users/waltherstein/Documents/PROYECTOS/php_template/vendor/laravel/framework/src/Illuminate/Container/Util.php(43): Illuminate\\Container\\BoundMethod::{closure:Illuminate\\Container\\BoundMethod::call():35}()
#7 /Users/waltherstein/Documents/PROYECTOS/php_template/vendor/laravel/framework/src/Illuminate/Container/BoundMethod.php(95): Illuminate\\Container\\Util::unwrapIfClosure(Object(Closure))
#8 /Users/waltherstein/Documents/PROYECTOS/php_template/vendor/laravel/framework/src/Illuminate/Container/BoundMethod.php(35): Illuminate\\Container\\BoundMethod::callBoundMethod(Object(Illuminate\\Foundation\\Application), Array, Object(Closure))
#9 /Users/waltherstein/Documents/PROYECTOS/php_template/vendor/laravel/framework/src/Illuminate/Container/Container.php(696): Illuminate\\Container\\BoundMethod::call(Object(Illuminate\\Foundation\\Application), Array, Array, NULL)
#10 /Users/waltherstein/Documents/PROYECTOS/php_template/vendor/laravel/framework/src/Illuminate/Console/Command.php(213): Illuminate\\Container\\Container->call(Array)
#11 /Users/waltherstein/Documents/PROYECTOS/php_template/vendor/symfony/console/Command/Command.php(341): Illuminate\\Console\\Command->execute(Object(Symfony\\Component\\Console\\Input\\ArgvInput), Object(Illuminate\\Console\\OutputStyle))
#12 /Users/waltherstein/Documents/PROYECTOS/php_template/vendor/laravel/framework/src/Illuminate/Console/Command.php(182): Symfony\\Component\\Console\\Command\\Command->run(Object(Symfony\\Component\\Console\\Input\\ArgvInput), Object(Illuminate\\Console\\OutputStyle))
#13 /Users/waltherstein/Documents/PROYECTOS/php_template/vendor/symfony/console/Application.php(1117): Illuminate\\Console\\Command->run(Object(Symfony\\Component\\Console\\Input\\ArgvInput), Object(Symfony\\Component\\Console\\Output\\ConsoleOutput))
#14 /Users/waltherstein/Documents/PROYECTOS/php_template/vendor/symfony/console/Application.php(356): Symfony\\Component\\Console\\Application->doRunCommand(Object(App\\Console\\Commands\\GenerateOpenApi), Object(Symfony\\Component\\Console\\Input\\ArgvInput), Object(Symfony\\Component\\Console\\Output\\ConsoleOutput))
#15 /Users/waltherstein/Documents/PROYECTOS/php_template/vendor/symfony/console/Application.php(195): Symfony\\Component\\Console\\Application->doRun(Object(Symfony\\Component\\Console\\Input\\ArgvInput), Object(Symfony\\Component\\Console\\Output\\ConsoleOutput))
#16 /Users/waltherstein/Documents/PROYECTOS/php_template/vendor/laravel/framework/src/Illuminate/Foundation/Console/Kernel.php(198): Symfony\\Component\\Console\\Application->run(Object(Symfony\\Component\\Console\\Input\\ArgvInput), Object(Symfony\\Component\\Console\\Output\\ConsoleOutput))
#17 /Users/waltherstein/Documents/PROYECTOS/php_template/artisan(14): Illuminate\\Foundation\\Console\\Kernel->handle(Object(Symfony\\Component\\Console\\Input\\ArgvInput), Object(Symfony\\Component\\Console\\Output\\ConsoleOutput))
#18 {main}

[previous exception] [object] (PhpParser\\Error(code: 0): Syntax error, unexpected T_VARIABLE, expecting ';' or '{' on line 120 at /Users/waltherstein/Documents/PROYECTOS/php_template/vendor/nikic/php-parser/lib/PhpParser/ParserAbstract.php:370)
[stacktrace]
#0 /Users/waltherstein/Documents/PROYECTOS/php_template/vendor/nikic/php-parser/lib/PhpParser/ParserAbstract.php(193): PhpParser\\ParserAbstract->doParse()
#1 /Users/waltherstein/Documents/PROYECTOS/php_template/vendor/zircote/swagger-php/src/Analysers/TokenScanner.php(40): PhpParser\\ParserAbstract->parse('<?php\\n\\ndeclare(...')
#2 /Users/waltherstein/Documents/PROYECTOS/php_template/vendor/zircote/swagger-php/src/Analysers/ReflectionAnalyser.php(58): OpenApi\\Analysers\\TokenScanner->scanFile('/Users/walthers...')
#3 /Users/waltherstein/Documents/PROYECTOS/php_template/vendor/zircote/swagger-php/src/Generator.php(431): OpenApi\\Analysers\\ReflectionAnalyser->fromFile('/Users/walthers...', Object(OpenApi\\Context))
#4 /Users/waltherstein/Documents/PROYECTOS/php_template/vendor/zircote/swagger-php/src/Generator.php(428): OpenApi\\Generator->scanSources(Object(OpenApi\\SourceFinder), Object(OpenApi\\Analysis), Object(OpenApi\\Context))
#5 /Users/waltherstein/Documents/PROYECTOS/php_template/vendor/zircote/swagger-php/src/Generator.php(394): OpenApi\\Generator->scanSources(Array, Object(OpenApi\\Analysis), Object(OpenApi\\Context))
#6 /Users/waltherstein/Documents/PROYECTOS/php_template/app/Console/Commands/GenerateOpenApi.php(31): OpenApi\\Generator->generate(Array, Object(OpenApi\\Analysis), true)
#7 /Users/waltherstein/Documents/PROYECTOS/php_template/vendor/laravel/framework/src/Illuminate/Container/BoundMethod.php(36): App\\Console\\Commands\\GenerateOpenApi->handle()
#8 /Users/waltherstein/Documents/PROYECTOS/php_template/vendor/laravel/framework/src/Illuminate/Container/Util.php(43): Illuminate\\Container\\BoundMethod::{closure:Illuminate\\Container\\BoundMethod::call():35}()
#9 /Users/waltherstein/Documents/PROYECTOS/php_template/vendor/laravel/framework/src/Illuminate/Container/BoundMethod.php(95): Illuminate\\Container\\Util::unwrapIfClosure(Object(Closure))
#10 /Users/waltherstein/Documents/PROYECTOS/php_template/vendor/laravel/framework/src/Illuminate/Container/BoundMethod.php(35): Illuminate\\Container\\BoundMethod::callBoundMethod(Object(Illuminate\\Foundation\\Application), Array, Object(Closure))
#11 /Users/waltherstein/Documents/PROYECTOS/php_template/vendor/laravel/framework/src/Illuminate/Container/Container.php(696): Illuminate\\Container\\BoundMethod::call(Object(Illuminate\\Foundation\\Application), Array, Array, NULL)
#12 /Users/waltherstein/Documents/PROYECTOS/php_template/vendor/laravel/framework/src/Illuminate/Console/Command.php(213): Illuminate\\Container\\Container->call(Array)
#13 /Users/waltherstein/Documents/PROYECTOS/php_template/vendor/symfony/console/Command/Command.php(341): Illuminate\\Console\\Command->execute(Object(Symfony\\Component\\Console\\Input\\ArgvInput), Object(Illuminate\\Console\\OutputStyle))
#14 /Users/waltherstein/Documents/PROYECTOS/php_template/vendor/laravel/framework/src/Illuminate/Console/Command.php(182): Symfony\\Component\\Console\\Command\\Command->run(Object(Symfony\\Component\\Console\\Input\\ArgvInput), Object(Illuminate\\Console\\OutputStyle))
#15 /Users/waltherstein/Documents/PROYECTOS/php_template/vendor/symfony/console/Application.php(1117): Illuminate\\Console\\Command->run(Object(Symfony\\Component\\Console\\Input\\ArgvInput), Object(Symfony\\Component\\Console\\Output\\ConsoleOutput))
#16 /Users/waltherstein/Documents/PROYECTOS/php_template/vendor/symfony/console/Application.php(356): Symfony\\Component\\Console\\Application->doRunCommand(Object(App\\Console\\Commands\\GenerateOpenApi), Object(Symfony\\Component\\Console\\Input\\ArgvInput), Object(Symfony\\Component\\Console\\Output\\ConsoleOutput))
#17 /Users/waltherstein/Documents/PROYECTOS/php_template/vendor/symfony/console/Application.php(195): Symfony\\Component\\Console\\Application->doRun(Object(Symfony\\Component\\Console\\Input\\ArgvInput), Object(Symfony\\Component\\Console\\Output\\ConsoleOutput))
#18 /Users/waltherstein/Documents/PROYECTOS/php_template/vendor/laravel/framework/src/Illuminate/Foundation/Console/Kernel.php(198): Symfony\\Component\\Console\\Application->run(Object(Symfony\\Component\\Console\\Input\\ArgvInput), Object(Symfony\\Component\\Console\\Output\\ConsoleOutput))
#19 /Users/waltherstein/Documents/PROYECTOS/php_template/artisan(14): Illuminate\\Foundation\\Console\\Kernel->handle(Object(Symfony\\Component\\Console\\Input\\ArgvInput), Object(Symfony\\Component\\Console\\Output\\ConsoleOutput))
#20 {main}
"} 
[2026-05-14 18:16:04] local.ERROR: No application encryption key has been specified. {"exception":"[object] (Illuminate\\Encryption\\MissingAppKeyException(code: 0): No application encryption key has been specified. at /Users/waltherstein/Documents/PROYECTOS/php_template/vendor/laravel/framework/src/Illuminate/Encryption/EncryptionServiceProvider.php:83)
[stacktrace]
#0 /Users/waltherstein/Documents/PROYECTOS/php_template/vendor/laravel/framework/src/Illuminate/Support/helpers.php(399): Illuminate\\Encryption\\EncryptionServiceProvider->{closure:Illuminate\\Encryption\\EncryptionServiceProvider::key():81}('')
#1 /Users/waltherstein/Documents/PROYECTOS/php_template/vendor/laravel/framework/src/Illuminate/Encryption/EncryptionServiceProvider.php(81): tap('', Object(Closure))
#2 /Users/waltherstein/Documents/PROYECTOS/php_template/vendor/laravel/framework/src/Illuminate/Encryption/EncryptionServiceProvider.php(64): Illuminate\\Encryption\\EncryptionServiceProvider->key(Array)
#3 /Users/waltherstein/Documents/PROYECTOS/php_template/vendor/laravel/framework/src/Illuminate/Encryption/EncryptionServiceProvider.php(32): Illuminate\\Encryption\\EncryptionServiceProvider->parseKey(Array)
#4 /Users/waltherstein/Documents/PROYECTOS/php_template/vendor/laravel/framework/src/Illuminate/Container/Container.php(952): Illuminate\\Encryption\\EncryptionServiceProvider->{closure:Illuminate\\Encryption\\EncryptionServiceProvider::registerEncrypter():29}(Object(Illuminate\\Foundation\\Application), Array)
#5 /Users/waltherstein/Documents/PROYECTOS/php_template/vendor/laravel/framework/src/Illuminate/Container/Container.php(832): Illuminate\\Container\\Container->build(Object(Closure))
#6 /Users/waltherstein/Documents/PROYECTOS/php_template/vendor/laravel/framework/src/Illuminate/Foundation/Application.php(1078): Illuminate\\Container\\Container->resolve('encrypter', Array, true)
#7 /Users/waltherstein/Documents/PROYECTOS/php_template/vendor/laravel/framework/src/Illuminate/Container/Container.php(763): Illuminate\\Foundation\\Application->resolve('encrypter', Array)
#8 /Users/waltherstein/Documents/PROYECTOS/php_template/vendor/laravel/framework/src/Illuminate/Foundation/Application.php(1058): Illuminate\\Container\\Container->make('encrypter', Array)
#9 /Users/waltherstein/Documents/PROYECTOS/php_template/vendor/laravel/framework/src/Illuminate/Container/Container.php(1133): Illuminate\\Foundation\\Application->make('encrypter')
#10 /Users/waltherstein/Documents/PROYECTOS/php_template/vendor/laravel/framework/src/Illuminate/Container/Container.php(1043): Illuminate\\Container\\Container->resolveClass(Object(ReflectionParameter))
#11 /Users/waltherstein/Documents/PROYECTOS/php_template/vendor/laravel/framework/src/Illuminate/Container/Container.php(994): Illuminate\\Container\\Container->resolveDependencies(Array)
#12 /Users/waltherstein/Documents/PROYECTOS/php_template/vendor/laravel/framework/src/Illuminate/Container/Container.php(832): Illuminate\\Container\\Container->build('Illuminate\\\\Cook...')
#13 /Users/waltherstein/Documents/PROYECTOS/php_template/vendor/laravel/framework/src/Illuminate/Foundation/Application.php(1078): Illuminate\\Container\\Container->resolve('Illuminate\\\\Cook...', Array, true)
#14 /Users/waltherstein/Documents/PROYECTOS/php_template/vendor/laravel/framework/src/Illuminate/Container/Container.php(763): Illuminate\\Foundation\\Application->resolve('Illuminate\\\\Cook...', Array)
#15 /Users/waltherstein/Documents/PROYECTOS/php_template/vendor/laravel/framework/src/Illuminate/Foundation/Application.php(1058): Illuminate\\Container\\Container->make('Illuminate\\\\Cook...', Array)
#16 /Users/waltherstein/Documents/PROYECTOS/php_template/vendor/laravel/framework/src/Illuminate/Pipeline/Pipeline.php(198): Illuminate\\Foundation\\Application->make('Illuminate\\\\Cook...')
#17 /Users/waltherstein/Documents/PROYECTOS/php_template/vendor/laravel/sanctum/src/Http/Middleware/EnsureFrontendRequestsAreStateful.php(61): Illuminate\\Pipeline\\Pipeline->{closure:{closure:Illuminate\\Pipeline\\Pipeline::carry():184}:185}(Object(Illuminate\\Http\\Request))
#18 /Users/waltherstein/Documents/PROYECTOS/php_template/vendor/laravel/framework/src/Illuminate/Pipeline/Pipeline.php(191): Laravel\\Sanctum\\Http\\Middleware\\EnsureFrontendRequestsAreStateful->{closure:Laravel\\Sanctum\\Http\\Middleware\\EnsureFrontendRequestsAreStateful::frontendMiddleware():58}(Object(Illuminate\\Http\\Request), Object(Closure))
#19 /Users/waltherstein/Documents/PROYECTOS/php_template/vendor/laravel/framework/src/Illuminate/Pipeline/Pipeline.php(127): Illuminate\\Pipeline\\Pipeline->{closure:{closure:Illuminate\\Pipeline\\Pipeline::carry():184}:185}(Object(Illuminate\\Http\\Request))
#20 /Users/waltherstein/Documents/PROYECTOS/php_template/vendor/laravel/sanctum/src/Http/Middleware/EnsureFrontendRequestsAreStateful.php(25): Illuminate\\Pipeline\\Pipeline->then(Object(Closure))
#21 /Users/waltherstein/Documents/PROYECTOS/php_template/vendor/laravel/framework/src/Illuminate/Pipeline/Pipeline.php(209): Laravel\\Sanctum\\Http\\Middleware\\EnsureFrontendRequestsAreStateful->handle(Object(Illuminate\\Http\\Request), Object(Closure))
#22 /Users/waltherstein/Documents/PROYECTOS/php_template/src/Presentation/Http/Middleware/JsonResponseMiddleware.php(17): Illuminate\\Pipeline\\Pipeline->{closure:{closure:Illuminate\\Pipeline\\Pipeline::carry():184}:185}(Object(Illuminate\\Http\\Request))
#23 /Users/waltherstein/Documents/PROYECTOS/php_template/vendor/laravel/framework/src/Illuminate/Pipeline/Pipeline.php(209): Presentation\\Http\\Middleware\\JsonResponseMiddleware->handle(Object(Illuminate\\Http\\Request), Object(Closure))
#24 /Users/waltherstein/Documents/PROYECTOS/php_template/vendor/laravel/framework/src/Illuminate/Pipeline/Pipeline.php(127): Illuminate\\Pipeline\\Pipeline->{closure:{closure:Illuminate\\Pipeline\\Pipeline::carry():184}:185}(Object(Illuminate\\Http\\Request))
#25 /Users/waltherstein/Documents/PROYECTOS/php_template/vendor/laravel/framework/src/Illuminate/Routing/Router.php(807): Illuminate\\Pipeline\\Pipeline->then(Object(Closure))
#26 /Users/waltherstein/Documents/PROYECTOS/php_template/vendor/laravel/framework/src/Illuminate/Routing/Router.php(786): Illuminate\\Routing\\Router->runRouteWithinStack(Object(Illuminate\\Routing\\Route), Object(Illuminate\\Http\\Request))
#27 /Users/waltherstein/Documents/PROYECTOS/php_template/vendor/laravel/framework/src/Illuminate/Routing/Router.php(750): Illuminate\\Routing\\Router->runRoute(Object(Illuminate\\Http\\Request), Object(Illuminate\\Routing\\Route))
#28 /Users/waltherstein/Documents/PROYECTOS/php_template/vendor/laravel/framework/src/Illuminate/Routing/Router.php(739): Illuminate\\Routing\\Router->dispatchToRoute(Object(Illuminate\\Http\\Request))
#29 /Users/waltherstein/Documents/PROYECTOS/php_template/vendor/laravel/framework/src/Illuminate/Foundation/Http/Kernel.php(201): Illuminate\\Routing\\Router->dispatch(Object(Illuminate\\Http\\Request))
#30 /Users/waltherstein/Documents/PROYECTOS/php_template/vendor/laravel/framework/src/Illuminate/Pipeline/Pipeline.php(170): Illuminate\\Foundation\\Http\\Kernel->{closure:Illuminate\\Foundation\\Http\\Kernel::dispatchToRouter():198}(Object(Illuminate\\Http\\Request))
#31 /Users/waltherstein/Documents/PROYECTOS/php_template/vendor/laravel/framework/src/Illuminate/Foundation/Http/Middleware/TransformsRequest.php(21): Illuminate\\Pipeline\\Pipeline->{closure:Illuminate\\Pipeline\\Pipeline::prepareDestination():168}(Object(Illuminate\\Http\\Request))
#32 /Users/waltherstein/Documents/PROYECTOS/php_template/vendor/laravel/framework/src/Illuminate/Foundation/Http/Middleware/ConvertEmptyStringsToNull.php(31): Illuminate\\Foundation\\Http\\Middleware\\TransformsRequest->handle(Object(Illuminate\\Http\\Request), Object(Closure))
#33 /Users/waltherstein/Documents/PROYECTOS/php_template/vendor/laravel/framework/src/Illuminate/Pipeline/Pipeline.php(209): Illuminate\\Foundation\\Http\\Middleware\\ConvertEmptyStringsToNull->handle(Object(Illuminate\\Http\\Request), Object(Closure))
#34 /Users/waltherstein/Documents/PROYECTOS/php_template/vendor/laravel/framework/src/Illuminate/Foundation/Http/Middleware/TransformsRequest.php(21): Illuminate\\Pipeline\\Pipeline->{closure:{closure:Illuminate\\Pipeline\\Pipeline::carry():184}:185}(Object(Illuminate\\Http\\Request))
#35 /Users/waltherstein/Documents/PROYECTOS/php_template/vendor/laravel/framework/src/Illuminate/Foundation/Http/Middleware/TrimStrings.php(51): Illuminate\\Foundation\\Http\\Middleware\\TransformsRequest->handle(Object(Illuminate\\Http\\Request), Object(Closure))
#36 /Users/waltherstein/Documents/PROYECTOS/php_template/vendor/laravel/framework/src/Illuminate/Pipeline/Pipeline.php(209): Illuminate\\Foundation\\Http\\Middleware\\TrimStrings->handle(Object(Illuminate\\Http\\Request), Object(Closure))
#37 /Users/waltherstein/Documents/PROYECTOS/php_template/vendor/laravel/framework/src/Illuminate/Http/Middleware/ValidatePostSize.php(27): Illuminate\\Pipeline\\Pipeline->{closure:{closure:Illuminate\\Pipeline\\Pipeline::carry():184}:185}(Object(Illuminate\\Http\\Request))
#38 /Users/waltherstein/Documents/PROYECTOS/php_template/vendor/laravel/framework/src/Illuminate/Pipeline/Pipeline.php(209): Illuminate\\Http\\Middleware\\ValidatePostSize->handle(Object(Illuminate\\Http\\Request), Object(Closure))
#39 /Users/waltherstein/Documents/PROYECTOS/php_template/vendor/laravel/framework/src/Illuminate/Foundation/Http/Middleware/PreventRequestsDuringMaintenance.php(110): Illuminate\\Pipeline\\Pipeline->{closure:{closure:Illuminate\\Pipeline\\Pipeline::carry():184}:185}(Object(Illuminate\\Http\\Request))
#40 /Users/waltherstein/Documents/PROYECTOS/php_template/vendor/laravel/framework/src/Illuminate/Pipeline/Pipeline.php(209): Illuminate\\Foundation\\Http\\Middleware\\PreventRequestsDuringMaintenance->handle(Object(Illuminate\\Http\\Request), Object(Closure))
#41 /Users/waltherstein/Documents/PROYECTOS/php_template/vendor/laravel/framework/src/Illuminate/Http/Middleware/HandleCors.php(62): Illuminate\\Pipeline\\Pipeline->{closure:{closure:Illuminate\\Pipeline\\Pipeline::carry():184}:185}(Object(Illuminate\\Http\\Request))
#42 /Users/waltherstein/Documents/PROYECTOS/php_template/vendor/laravel/framework/src/Illuminate/Pipeline/Pipeline.php(209): Illuminate\\Http\\Middleware\\HandleCors->handle(Object(Illuminate\\Http\\Request), Object(Closure))
#43 /Users/waltherstein/Documents/PROYECTOS/php_template/vendor/laravel/framework/src/Illuminate/Http/Middleware/TrustProxies.php(58): Illuminate\\Pipeline\\Pipeline->{closure:{closure:Illuminate\\Pipeline\\Pipeline::carry():184}:185}(Object(Illuminate\\Http\\Request))
#44 /Users/waltherstein/Documents/PROYECTOS/php_template/vendor/laravel/framework/src/Illuminate/Pipeline/Pipeline.php(209): Illuminate\\Http\\Middleware\\TrustProxies->handle(Object(Illuminate\\Http\\Request), Object(Closure))
#45 /Users/waltherstein/Documents/PROYECTOS/php_template/vendor/laravel/framework/src/Illuminate/Foundation/Http/Middleware/InvokeDeferredCallbacks.php(22): Illuminate\\Pipeline\\Pipeline->{closure:{closure:Illuminate\\Pipeline\\Pipeline::carry():184}:185}(Object(Illuminate\\Http\\Request))
#46 /Users/waltherstein/Documents/PROYECTOS/php_template/vendor/laravel/framework/src/Illuminate/Pipeline/Pipeline.php(209): Illuminate\\Foundation\\Http\\Middleware\\InvokeDeferredCallbacks->handle(Object(Illuminate\\Http\\Request), Object(Closure))
#47 /Users/waltherstein/Documents/PROYECTOS/php_template/vendor/laravel/framework/src/Illuminate/Pipeline/Pipeline.php(127): Illuminate\\Pipeline\\Pipeline->{closure:{closure:Illuminate\\Pipeline\\Pipeline::carry():184}:185}(Object(Illuminate\\Http\\Request))
#48 /Users/waltherstein/Documents/PROYECTOS/php_template/vendor/laravel/framework/src/Illuminate/Foundation/Http/Kernel.php(176): Illuminate\\Pipeline\\Pipeline->then(Object(Closure))
#49 /Users/waltherstein/Documents/PROYECTOS/php_template/vendor/laravel/framework/src/Illuminate/Foundation/Http/Kernel.php(145): Illuminate\\Foundation\\Http\\Kernel->sendRequestThroughRouter(Object(Illuminate\\Http\\Request))
#50 /Users/waltherstein/Documents/PROYECTOS/php_template/vendor/laravel/framework/src/Illuminate/Foundation/Application.php(1220): Illuminate\\Foundation\\Http\\Kernel->handle(Object(Illuminate\\Http\\Request))
#51 /Users/waltherstein/Documents/PROYECTOS/php_template/public/index.php(18): Illuminate\\Foundation\\Application->handleRequest(Object(Illuminate\\Http\\Request))
#52 /Users/waltherstein/Documents/PROYECTOS/php_template/vendor/laravel/framework/src/Illuminate/Foundation/resources/server.php(23): require_once('/Users/walthers...')
#53 {main}
"} 
[2026-05-14 18:16:21] local.ERROR: No application encryption key has been specified. {"exception":"[object] (Illuminate\\Encryption\\MissingAppKeyException(code: 0): No application encryption key has been specified. at /Users/waltherstein/Documents/PROYECTOS/php_template/vendor/laravel/framework/src/Illuminate/Encryption/EncryptionServiceProvider.php:83)
[stacktrace]
#0 /Users/waltherstein/Documents/PROYECTOS/php_template/vendor/laravel/framework/src/Illuminate/Support/helpers.php(399): Illuminate\\Encryption\\EncryptionServiceProvider->{closure:Illuminate\\Encryption\\EncryptionServiceProvider::key():81}('')
#1 /Users/waltherstein/Documents/PROYECTOS/php_template/vendor/laravel/framework/src/Illuminate/Encryption/EncryptionServiceProvider.php(81): tap('', Object(Closure))
#2 /Users/waltherstein/Documents/PROYECTOS/php_template/vendor/laravel/framework/src/Illuminate/Encryption/EncryptionServiceProvider.php(64): Illuminate\\Encryption\\EncryptionServiceProvider->key(Array)
#3 /Users/waltherstein/Documents/PROYECTOS/php_template/vendor/laravel/framework/src/Illuminate/Encryption/EncryptionServiceProvider.php(32): Illuminate\\Encryption\\EncryptionServiceProvider->parseKey(Array)
#4 /Users/waltherstein/Documents/PROYECTOS/php_template/vendor/laravel/framework/src/Illuminate/Container/Container.php(952): Illuminate\\Encryption\\EncryptionServiceProvider->{closure:Illuminate\\Encryption\\EncryptionServiceProvider::registerEncrypter():29}(Object(Illuminate\\Foundation\\Application), Array)
#5 /Users/waltherstein/Documents/PROYECTOS/php_template/vendor/laravel/framework/src/Illuminate/Container/Container.php(832): Illuminate\\Container\\Container->build(Object(Closure))
#6 /Users/waltherstein/Documents/PROYECTOS/php_template/vendor/laravel/framework/src/Illuminate/Foundation/Application.php(1078): Illuminate\\Container\\Container->resolve('encrypter', Array, true)
#7 /Users/waltherstein/Documents/PROYECTOS/php_template/vendor/laravel/framework/src/Illuminate/Container/Container.php(763): Illuminate\\Foundation\\Application->resolve('encrypter', Array)
#8 /Users/waltherstein/Documents/PROYECTOS/php_template/vendor/laravel/framework/src/Illuminate/Foundation/Application.php(1058): Illuminate\\Container\\Container->make('encrypter', Array)
#9 /Users/waltherstein/Documents/PROYECTOS/php_template/vendor/laravel/framework/src/Illuminate/Container/Container.php(1133): Illuminate\\Foundation\\Application->make('encrypter')
#10 /Users/waltherstein/Documents/PROYECTOS/php_template/vendor/laravel/framework/src/Illuminate/Container/Container.php(1043): Illuminate\\Container\\Container->resolveClass(Object(ReflectionParameter))
#11 /Users/waltherstein/Documents/PROYECTOS/php_template/vendor/laravel/framework/src/Illuminate/Container/Container.php(994): Illuminate\\Container\\Container->resolveDependencies(Array)
#12 /Users/waltherstein/Documents/PROYECTOS/php_template/vendor/laravel/framework/src/Illuminate/Container/Container.php(832): Illuminate\\Container\\Container->build('Illuminate\\\\Cook...')
#13 /Users/waltherstein/Documents/PROYECTOS/php_template/vendor/laravel/framework/src/Illuminate/Foundation/Application.php(1078): Illuminate\\Container\\Container->resolve('Illuminate\\\\Cook...', Array, true)
#14 /Users/waltherstein/Documents/PROYECTOS/php_template/vendor/laravel/framework/src/Illuminate/Container/Container.php(763): Illuminate\\Foundation\\Application->resolve('Illuminate\\\\Cook...', Array)
#15 /Users/waltherstein/Documents/PROYECTOS/php_template/vendor/laravel/framework/src/Illuminate/Foundation/Application.php(1058): Illuminate\\Container\\Container->make('Illuminate\\\\Cook...', Array)
#16 /Users/waltherstein/Documents/PROYECTOS/php_template/vendor/laravel/framework/src/Illuminate/Pipeline/Pipeline.php(198): Illuminate\\Foundation\\Application->make('Illuminate\\\\Cook...')
#17 /Users/waltherstein/Documents/PROYECTOS/php_template/vendor/laravel/sanctum/src/Http/Middleware/EnsureFrontendRequestsAreStateful.php(61): Illuminate\\Pipeline\\Pipeline->{closure:{closure:Illuminate\\Pipeline\\Pipeline::carry():184}:185}(Object(Illuminate\\Http\\Request))
#18 /Users/waltherstein/Documents/PROYECTOS/php_template/vendor/laravel/framework/src/Illuminate/Pipeline/Pipeline.php(191): Laravel\\Sanctum\\Http\\Middleware\\EnsureFrontendRequestsAreStateful->{closure:Laravel\\Sanctum\\Http\\Middleware\\EnsureFrontendRequestsAreStateful::frontendMiddleware():58}(Object(Illuminate\\Http\\Request), Object(Closure))
#19 /Users/waltherstein/Documents/PROYECTOS/php_template/vendor/laravel/framework/src/Illuminate/Pipeline/Pipeline.php(127): Illuminate\\Pipeline\\Pipeline->{closure:{closure:Illuminate\\Pipeline\\Pipeline::carry():184}:185}(Object(Illuminate\\Http\\Request))
#20 /Users/waltherstein/Documents/PROYECTOS/php_template/vendor/laravel/sanctum/src/Http/Middleware/EnsureFrontendRequestsAreStateful.php(25): Illuminate\\Pipeline\\Pipeline->then(Object(Closure))
#21 /Users/waltherstein/Documents/PROYECTOS/php_template/vendor/laravel/framework/src/Illuminate/Pipeline/Pipeline.php(209): Laravel\\Sanctum\\Http\\Middleware\\EnsureFrontendRequestsAreStateful->handle(Object(Illuminate\\Http\\Request), Object(Closure))
#22 /Users/waltherstein/Documents/PROYECTOS/php_template/src/Presentation/Http/Middleware/JsonResponseMiddleware.php(17): Illuminate\\Pipeline\\Pipeline->{closure:{closure:Illuminate\\Pipeline\\Pipeline::carry():184}:185}(Object(Illuminate\\Http\\Request))
#23 /Users/waltherstein/Documents/PROYECTOS/php_template/vendor/laravel/framework/src/Illuminate/Pipeline/Pipeline.php(209): Presentation\\Http\\Middleware\\JsonResponseMiddleware->handle(Object(Illuminate\\Http\\Request), Object(Closure))
#24 /Users/waltherstein/Documents/PROYECTOS/php_template/vendor/laravel/framework/src/Illuminate/Pipeline/Pipeline.php(127): Illuminate\\Pipeline\\Pipeline->{closure:{closure:Illuminate\\Pipeline\\Pipeline::carry():184}:185}(Object(Illuminate\\Http\\Request))
#25 /Users/waltherstein/Documents/PROYECTOS/php_template/vendor/laravel/framework/src/Illuminate/Routing/Router.php(807): Illuminate\\Pipeline\\Pipeline->then(Object(Closure))
#26 /Users/waltherstein/Documents/PROYECTOS/php_template/vendor/laravel/framework/src/Illuminate/Routing/Router.php(786): Illuminate\\Routing\\Router->runRouteWithinStack(Object(Illuminate\\Routing\\Route), Object(Illuminate\\Http\\Request))
#27 /Users/waltherstein/Documents/PROYECTOS/php_template/vendor/laravel/framework/src/Illuminate/Routing/Router.php(750): Illuminate\\Routing\\Router->runRoute(Object(Illuminate\\Http\\Request), Object(Illuminate\\Routing\\Route))
#28 /Users/waltherstein/Documents/PROYECTOS/php_template/vendor/laravel/framework/src/Illuminate/Routing/Router.php(739): Illuminate\\Routing\\Router->dispatchToRoute(Object(Illuminate\\Http\\Request))
#29 /Users/waltherstein/Documents/PROYECTOS/php_template/vendor/laravel/framework/src/Illuminate/Foundation/Http/Kernel.php(201): Illuminate\\Routing\\Router->dispatch(Object(Illuminate\\Http\\Request))
#30 /Users/waltherstein/Documents/PROYECTOS/php_template/vendor/laravel/framework/src/Illuminate/Pipeline/Pipeline.php(170): Illuminate\\Foundation\\Http\\Kernel->{closure:Illuminate\\Foundation\\Http\\Kernel::dispatchToRouter():198}(Object(Illuminate\\Http\\Request))
#31 /Users/waltherstein/Documents/PROYECTOS/php_template/vendor/laravel/framework/src/Illuminate/Foundation/Http/Middleware/TransformsRequest.php(21): Illuminate\\Pipeline\\Pipeline->{closure:Illuminate\\Pipeline\\Pipeline::prepareDestination():168}(Object(Illuminate\\Http\\Request))
#32 /Users/waltherstein/Documents/PROYECTOS/php_template/vendor/laravel/framework/src/Illuminate/Foundation/Http/Middleware/ConvertEmptyStringsToNull.php(31): Illuminate\\Foundation\\Http\\Middleware\\TransformsRequest->handle(Object(Illuminate\\Http\\Request), Object(Closure))
#33 /Users/waltherstein/Documents/PROYECTOS/php_template/vendor/laravel/framework/src/Illuminate/Pipeline/Pipeline.php(209): Illuminate\\Foundation\\Http\\Middleware\\ConvertEmptyStringsToNull->handle(Object(Illuminate\\Http\\Request), Object(Closure))
#34 /Users/waltherstein/Documents/PROYECTOS/php_template/vendor/laravel/framework/src/Illuminate/Foundation/Http/Middleware/TransformsRequest.php(21): Illuminate\\Pipeline\\Pipeline->{closure:{closure:Illuminate\\Pipeline\\Pipeline::carry():184}:185}(Object(Illuminate\\Http\\Request))
#35 /Users/waltherstein/Documents/PROYECTOS/php_template/vendor/laravel/framework/src/Illuminate/Foundation/Http/Middleware/TrimStrings.php(51): Illuminate\\Foundation\\Http\\Middleware\\TransformsRequest->handle(Object(Illuminate\\Http\\Request), Object(Closure))
#36 /Users/waltherstein/Documents/PROYECTOS/php_template/vendor/laravel/framework/src/Illuminate/Pipeline/Pipeline.php(209): Illuminate\\Foundation\\Http\\Middleware\\TrimStrings->handle(Object(Illuminate\\Http\\Request), Object(Closure))
#37 /Users/waltherstein/Documents/PROYECTOS/php_template/vendor/laravel/framework/src/Illuminate/Http/Middleware/ValidatePostSize.php(27): Illuminate\\Pipeline\\Pipeline->{closure:{closure:Illuminate\\Pipeline\\Pipeline::carry():184}:185}(Object(Illuminate\\Http\\Request))
#38 /Users/waltherstein/Documents/PROYECTOS/php_template/vendor/laravel/framework/src/Illuminate/Pipeline/Pipeline.php(209): Illuminate\\Http\\Middleware\\ValidatePostSize->handle(Object(Illuminate\\Http\\Request), Object(Closure))
#39 /Users/waltherstein/Documents/PROYECTOS/php_template/vendor/laravel/framework/src/Illuminate/Foundation/Http/Middleware/PreventRequestsDuringMaintenance.php(110): Illuminate\\Pipeline\\Pipeline->{closure:{closure:Illuminate\\Pipeline\\Pipeline::carry():184}:185}(Object(Illuminate\\Http\\Request))
#40 /Users/waltherstein/Documents/PROYECTOS/php_template/vendor/laravel/framework/src/Illuminate/Pipeline/Pipeline.php(209): Illuminate\\Foundation\\Http\\Middleware\\PreventRequestsDuringMaintenance->handle(Object(Illuminate\\Http\\Request), Object(Closure))
#41 /Users/waltherstein/Documents/PROYECTOS/php_template/vendor/laravel/framework/src/Illuminate/Http/Middleware/HandleCors.php(62): Illuminate\\Pipeline\\Pipeline->{closure:{closure:Illuminate\\Pipeline\\Pipeline::carry():184}:185}(Object(Illuminate\\Http\\Request))
#42 /Users/waltherstein/Documents/PROYECTOS/php_template/vendor/laravel/framework/src/Illuminate/Pipeline/Pipeline.php(209): Illuminate\\Http\\Middleware\\HandleCors->handle(Object(Illuminate\\Http\\Request), Object(Closure))
#43 /Users/waltherstein/Documents/PROYECTOS/php_template/vendor/laravel/framework/src/Illuminate/Http/Middleware/TrustProxies.php(58): Illuminate\\Pipeline\\Pipeline->{closure:{closure:Illuminate\\Pipeline\\Pipeline::carry():184}:185}(Object(Illuminate\\Http\\Request))
#44 /Users/waltherstein/Documents/PROYECTOS/php_template/vendor/laravel/framework/src/Illuminate/Pipeline/Pipeline.php(209): Illuminate\\Http\\Middleware\\TrustProxies->handle(Object(Illuminate\\Http\\Request), Object(Closure))
#45 /Users/waltherstein/Documents/PROYECTOS/php_template/vendor/laravel/framework/src/Illuminate/Foundation/Http/Middleware/InvokeDeferredCallbacks.php(22): Illuminate\\Pipeline\\Pipeline->{closure:{closure:Illuminate\\Pipeline\\Pipeline::carry():184}:185}(Object(Illuminate\\Http\\Request))
#46 /Users/waltherstein/Documents/PROYECTOS/php_template/vendor/laravel/framework/src/Illuminate/Pipeline/Pipeline.php(209): Illuminate\\Foundation\\Http\\Middleware\\InvokeDeferredCallbacks->handle(Object(Illuminate\\Http\\Request), Object(Closure))
#47 /Users/waltherstein/Documents/PROYECTOS/php_template/vendor/laravel/framework/src/Illuminate/Pipeline/Pipeline.php(127): Illuminate\\Pipeline\\Pipeline->{closure:{closure:Illuminate\\Pipeline\\Pipeline::carry():184}:185}(Object(Illuminate\\Http\\Request))
#48 /Users/waltherstein/Documents/PROYECTOS/php_template/vendor/laravel/framework/src/Illuminate/Foundation/Http/Kernel.php(176): Illuminate\\Pipeline\\Pipeline->then(Object(Closure))
#49 /Users/waltherstein/Documents/PROYECTOS/php_template/vendor/laravel/framework/src/Illuminate/Foundation/Http/Kernel.php(145): Illuminate\\Foundation\\Http\\Kernel->sendRequestThroughRouter(Object(Illuminate\\Http\\Request))
#50 /Users/waltherstein/Documents/PROYECTOS/php_template/vendor/laravel/framework/src/Illuminate/Foundation/Application.php(1220): Illuminate\\Foundation\\Http\\Kernel->handle(Object(Illuminate\\Http\\Request))
#51 /Users/waltherstein/Documents/PROYECTOS/php_template/public/index.php(18): Illuminate\\Foundation\\Application->handleRequest(Object(Illuminate\\Http\\Request))
#52 /Users/waltherstein/Documents/PROYECTOS/php_template/vendor/laravel/framework/src/Illuminate/Foundation/resources/server.php(23): require_once('/Users/walthers...')
#53 {main}
"} 
[2026-05-14 18:18:24] local.ERROR: No application encryption key has been specified. {"exception":"[object] (Illuminate\\Encryption\\MissingAppKeyException(code: 0): No application encryption key has been specified. at /Users/waltherstein/Documents/PROYECTOS/php_template/vendor/laravel/framework/src/Illuminate/Encryption/EncryptionServiceProvider.php:83)
[stacktrace]
#0 /Users/waltherstein/Documents/PROYECTOS/php_template/vendor/laravel/framework/src/Illuminate/Support/helpers.php(399): Illuminate\\Encryption\\EncryptionServiceProvider->{closure:Illuminate\\Encryption\\EncryptionServiceProvider::key():81}('')
#1 /Users/waltherstein/Documents/PROYECTOS/php_template/vendor/laravel/framework/src/Illuminate/Encryption/EncryptionServiceProvider.php(81): tap('', Object(Closure))
#2 /Users/waltherstein/Documents/PROYECTOS/php_template/vendor/laravel/framework/src/Illuminate/Encryption/EncryptionServiceProvider.php(64): Illuminate\\Encryption\\EncryptionServiceProvider->key(Array)
#3 /Users/waltherstein/Documents/PROYECTOS/php_template/vendor/laravel/framework/src/Illuminate/Encryption/EncryptionServiceProvider.php(32): Illuminate\\Encryption\\EncryptionServiceProvider->parseKey(Array)
#4 /Users/waltherstein/Documents/PROYECTOS/php_template/vendor/laravel/framework/src/Illuminate/Container/Container.php(952): Illuminate\\Encryption\\EncryptionServiceProvider->{closure:Illuminate\\Encryption\\EncryptionServiceProvider::registerEncrypter():29}(Object(Illuminate\\Foundation\\Application), Array)
#5 /Users/waltherstein/Documents/PROYECTOS/php_template/vendor/laravel/framework/src/Illuminate/Container/Container.php(832): Illuminate\\Container\\Container->build(Object(Closure))
#6 /Users/waltherstein/Documents/PROYECTOS/php_template/vendor/laravel/framework/src/Illuminate/Foundation/Application.php(1078): Illuminate\\Container\\Container->resolve('encrypter', Array, true)
#7 /Users/waltherstein/Documents/PROYECTOS/php_template/vendor/laravel/framework/src/Illuminate/Container/Container.php(763): Illuminate\\Foundation\\Application->resolve('encrypter', Array)
#8 /Users/waltherstein/Documents/PROYECTOS/php_template/vendor/laravel/framework/src/Illuminate/Foundation/Application.php(1058): Illuminate\\Container\\Container->make('encrypter', Array)
#9 /Users/waltherstein/Documents/PROYECTOS/php_template/vendor/laravel/framework/src/Illuminate/Container/Container.php(1133): Illuminate\\Foundation\\Application->make('encrypter')
#10 /Users/waltherstein/Documents/PROYECTOS/php_template/vendor/laravel/framework/src/Illuminate/Container/Container.php(1043): Illuminate\\Container\\Container->resolveClass(Object(ReflectionParameter))
#11 /Users/waltherstein/Documents/PROYECTOS/php_template/vendor/laravel/framework/src/Illuminate/Container/Container.php(994): Illuminate\\Container\\Container->resolveDependencies(Array)
#12 /Users/waltherstein/Documents/PROYECTOS/php_template/vendor/laravel/framework/src/Illuminate/Container/Container.php(832): Illuminate\\Container\\Container->build('Illuminate\\\\Cook...')
#13 /Users/waltherstein/Documents/PROYECTOS/php_template/vendor/laravel/framework/src/Illuminate/Foundation/Application.php(1078): Illuminate\\Container\\Container->resolve('Illuminate\\\\Cook...', Array, true)
#14 /Users/waltherstein/Documents/PROYECTOS/php_template/vendor/laravel/framework/src/Illuminate/Container/Container.php(763): Illuminate\\Foundation\\Application->resolve('Illuminate\\\\Cook...', Array)
#15 /Users/waltherstein/Documents/PROYECTOS/php_template/vendor/laravel/framework/src/Illuminate/Foundation/Application.php(1058): Illuminate\\Container\\Container->make('Illuminate\\\\Cook...', Array)
#16 /Users/waltherstein/Documents/PROYECTOS/php_template/vendor/laravel/framework/src/Illuminate/Pipeline/Pipeline.php(198): Illuminate\\Foundation\\Application->make('Illuminate\\\\Cook...')
#17 /Users/waltherstein/Documents/PROYECTOS/php_template/vendor/laravel/sanctum/src/Http/Middleware/EnsureFrontendRequestsAreStateful.php(61): Illuminate\\Pipeline\\Pipeline->{closure:{closure:Illuminate\\Pipeline\\Pipeline::carry():184}:185}(Object(Illuminate\\Http\\Request))
#18 /Users/waltherstein/Documents/PROYECTOS/php_template/vendor/laravel/framework/src/Illuminate/Pipeline/Pipeline.php(191): Laravel\\Sanctum\\Http\\Middleware\\EnsureFrontendRequestsAreStateful->{closure:Laravel\\Sanctum\\Http\\Middleware\\EnsureFrontendRequestsAreStateful::frontendMiddleware():58}(Object(Illuminate\\Http\\Request), Object(Closure))
#19 /Users/waltherstein/Documents/PROYECTOS/php_template/vendor/laravel/framework/src/Illuminate/Pipeline/Pipeline.php(127): Illuminate\\Pipeline\\Pipeline->{closure:{closure:Illuminate\\Pipeline\\Pipeline::carry():184}:185}(Object(Illuminate\\Http\\Request))
#20 /Users/waltherstein/Documents/PROYECTOS/php_template/vendor/laravel/sanctum/src/Http/Middleware/EnsureFrontendRequestsAreStateful.php(25): Illuminate\\Pipeline\\Pipeline->then(Object(Closure))
#21 /Users/waltherstein/Documents/PROYECTOS/php_template/vendor/laravel/framework/src/Illuminate/Pipeline/Pipeline.php(209): Laravel\\Sanctum\\Http\\Middleware\\EnsureFrontendRequestsAreStateful->handle(Object(Illuminate\\Http\\Request), Object(Closure))
#22 /Users/waltherstein/Documents/PROYECTOS/php_template/src/Presentation/Http/Middleware/JsonResponseMiddleware.php(17): Illuminate\\Pipeline\\Pipeline->{closure:{closure:Illuminate\\Pipeline\\Pipeline::carry():184}:185}(Object(Illuminate\\Http\\Request))
#23 /Users/waltherstein/Documents/PROYECTOS/php_template/vendor/laravel/framework/src/Illuminate/Pipeline/Pipeline.php(209): Presentation\\Http\\Middleware\\JsonResponseMiddleware->handle(Object(Illuminate\\Http\\Request), Object(Closure))
#24 /Users/waltherstein/Documents/PROYECTOS/php_template/vendor/laravel/framework/src/Illuminate/Pipeline/Pipeline.php(127): Illuminate\\Pipeline\\Pipeline->{closure:{closure:Illuminate\\Pipeline\\Pipeline::carry():184}:185}(Object(Illuminate\\Http\\Request))
#25 /Users/waltherstein/Documents/PROYECTOS/php_template/vendor/laravel/framework/src/Illuminate/Routing/Router.php(807): Illuminate\\Pipeline\\Pipeline->then(Object(Closure))
#26 /Users/waltherstein/Documents/PROYECTOS/php_template/vendor/laravel/framework/src/Illuminate/Routing/Router.php(786): Illuminate\\Routing\\Router->runRouteWithinStack(Object(Illuminate\\Routing\\Route), Object(Illuminate\\Http\\Request))
#27 /Users/waltherstein/Documents/PROYECTOS/php_template/vendor/laravel/framework/src/Illuminate/Routing/Router.php(750): Illuminate\\Routing\\Router->runRoute(Object(Illuminate\\Http\\Request), Object(Illuminate\\Routing\\Route))
#28 /Users/waltherstein/Documents/PROYECTOS/php_template/vendor/laravel/framework/src/Illuminate/Routing/Router.php(739): Illuminate\\Routing\\Router->dispatchToRoute(Object(Illuminate\\Http\\Request))
#29 /Users/waltherstein/Documents/PROYECTOS/php_template/vendor/laravel/framework/src/Illuminate/Foundation/Http/Kernel.php(201): Illuminate\\Routing\\Router->dispatch(Object(Illuminate\\Http\\Request))
#30 /Users/waltherstein/Documents/PROYECTOS/php_template/vendor/laravel/framework/src/Illuminate/Pipeline/Pipeline.php(170): Illuminate\\Foundation\\Http\\Kernel->{closure:Illuminate\\Foundation\\Http\\Kernel::dispatchToRouter():198}(Object(Illuminate\\Http\\Request))
#31 /Users/waltherstein/Documents/PROYECTOS/php_template/vendor/laravel/framework/src/Illuminate/Foundation/Http/Middleware/TransformsRequest.php(21): Illuminate\\Pipeline\\Pipeline->{closure:Illuminate\\Pipeline\\Pipeline::prepareDestination():168}(Object(Illuminate\\Http\\Request))
#32 /Users/waltherstein/Documents/PROYECTOS/php_template/vendor/laravel/framework/src/Illuminate/Foundation/Http/Middleware/ConvertEmptyStringsToNull.php(31): Illuminate\\Foundation\\Http\\Middleware\\TransformsRequest->handle(Object(Illuminate\\Http\\Request), Object(Closure))
#33 /Users/waltherstein/Documents/PROYECTOS/php_template/vendor/laravel/framework/src/Illuminate/Pipeline/Pipeline.php(209): Illuminate\\Foundation\\Http\\Middleware\\ConvertEmptyStringsToNull->handle(Object(Illuminate\\Http\\Request), Object(Closure))
#34 /Users/waltherstein/Documents/PROYECTOS/php_template/vendor/laravel/framework/src/Illuminate/Foundation/Http/Middleware/TransformsRequest.php(21): Illuminate\\Pipeline\\Pipeline->{closure:{closure:Illuminate\\Pipeline\\Pipeline::carry():184}:185}(Object(Illuminate\\Http\\Request))
#35 /Users/waltherstein/Documents/PROYECTOS/php_template/vendor/laravel/framework/src/Illuminate/Foundation/Http/Middleware/TrimStrings.php(51): Illuminate\\Foundation\\Http\\Middleware\\TransformsRequest->handle(Object(Illuminate\\Http\\Request), Object(Closure))
#36 /Users/waltherstein/Documents/PROYECTOS/php_template/vendor/laravel/framework/src/Illuminate/Pipeline/Pipeline.php(209): Illuminate\\Foundation\\Http\\Middleware\\TrimStrings->handle(Object(Illuminate\\Http\\Request), Object(Closure))
#37 /Users/waltherstein/Documents/PROYECTOS/php_template/vendor/laravel/framework/src/Illuminate/Http/Middleware/ValidatePostSize.php(27): Illuminate\\Pipeline\\Pipeline->{closure:{closure:Illuminate\\Pipeline\\Pipeline::carry():184}:185}(Object(Illuminate\\Http\\Request))
#38 /Users/waltherstein/Documents/PROYECTOS/php_template/vendor/laravel/framework/src/Illuminate/Pipeline/Pipeline.php(209): Illuminate\\Http\\Middleware\\ValidatePostSize->handle(Object(Illuminate\\Http\\Request), Object(Closure))
#39 /Users/waltherstein/Documents/PROYECTOS/php_template/vendor/laravel/framework/src/Illuminate/Foundation/Http/Middleware/PreventRequestsDuringMaintenance.php(110): Illuminate\\Pipeline\\Pipeline->{closure:{closure:Illuminate\\Pipeline\\Pipeline::carry():184}:185}(Object(Illuminate\\Http\\Request))
#40 /Users/waltherstein/Documents/PROYECTOS/php_template/vendor/laravel/framework/src/Illuminate/Pipeline/Pipeline.php(209): Illuminate\\Foundation\\Http\\Middleware\\PreventRequestsDuringMaintenance->handle(Object(Illuminate\\Http\\Request), Object(Closure))
#41 /Users/waltherstein/Documents/PROYECTOS/php_template/vendor/laravel/framework/src/Illuminate/Http/Middleware/HandleCors.php(62): Illuminate\\Pipeline\\Pipeline->{closure:{closure:Illuminate\\Pipeline\\Pipeline::carry():184}:185}(Object(Illuminate\\Http\\Request))
#42 /Users/waltherstein/Documents/PROYECTOS/php_template/vendor/laravel/framework/src/Illuminate/Pipeline/Pipeline.php(209): Illuminate\\Http\\Middleware\\HandleCors->handle(Object(Illuminate\\Http\\Request), Object(Closure))
#43 /Users/waltherstein/Documents/PROYECTOS/php_template/vendor/laravel/framework/src/Illuminate/Http/Middleware/TrustProxies.php(58): Illuminate\\Pipeline\\Pipeline->{closure:{closure:Illuminate\\Pipeline\\Pipeline::carry():184}:185}(Object(Illuminate\\Http\\Request))
#44 /Users/waltherstein/Documents/PROYECTOS/php_template/vendor/laravel/framework/src/Illuminate/Pipeline/Pipeline.php(209): Illuminate\\Http\\Middleware\\TrustProxies->handle(Object(Illuminate\\Http\\Request), Object(Closure))
#45 /Users/waltherstein/Documents/PROYECTOS/php_template/vendor/laravel/framework/src/Illuminate/Foundation/Http/Middleware/InvokeDeferredCallbacks.php(22): Illuminate\\Pipeline\\Pipeline->{closure:{closure:Illuminate\\Pipeline\\Pipeline::carry():184}:185}(Object(Illuminate\\Http\\Request))
#46 /Users/waltherstein/Documents/PROYECTOS/php_template/vendor/laravel/framework/src/Illuminate/Pipeline/Pipeline.php(209): Illuminate\\Foundation\\Http\\Middleware\\InvokeDeferredCallbacks->handle(Object(Illuminate\\Http\\Request), Object(Closure))
#47 /Users/waltherstein/Documents/PROYECTOS/php_template/vendor/laravel/framework/src/Illuminate/Pipeline/Pipeline.php(127): Illuminate\\Pipeline\\Pipeline->{closure:{closure:Illuminate\\Pipeline\\Pipeline::carry():184}:185}(Object(Illuminate\\Http\\Request))
#48 /Users/waltherstein/Documents/PROYECTOS/php_template/vendor/laravel/framework/src/Illuminate/Foundation/Http/Kernel.php(176): Illuminate\\Pipeline\\Pipeline->then(Object(Closure))
#49 /Users/waltherstein/Documents/PROYECTOS/php_template/vendor/laravel/framework/src/Illuminate/Foundation/Http/Kernel.php(145): Illuminate\\Foundation\\Http\\Kernel->sendRequestThroughRouter(Object(Illuminate\\Http\\Request))
#50 /Users/waltherstein/Documents/PROYECTOS/php_template/vendor/laravel/framework/src/Illuminate/Foundation/Application.php(1220): Illuminate\\Foundation\\Http\\Kernel->handle(Object(Illuminate\\Http\\Request))
#51 /Users/waltherstein/Documents/PROYECTOS/php_template/public/index.php(18): Illuminate\\Foundation\\Application->handleRequest(Object(Illuminate\\Http\\Request))
#52 /Users/waltherstein/Documents/PROYECTOS/php_template/vendor/laravel/framework/src/Illuminate/Foundation/resources/server.php(23): require_once('/Users/walthers...')
#53 {main}
"} 
[2026-05-14 20:37:12] local.ERROR: Category with ID "1" was not found. {"exception":"[object] (Domain\\Exceptions\\CategoryNotFoundException(code: 0): Category with ID \"1\" was not found. at /Users/waltherstein/Documents/PROYECTOS/php_template/src/Domain/Exceptions/CategoryNotFoundException.php:11)
[stacktrace]
#0 /Users/waltherstein/Documents/PROYECTOS/php_template/src/Application/Handlers/Category/GetCategoryHandler.php(28): Domain\\Exceptions\\CategoryNotFoundException::withId('1')
#1 /Users/waltherstein/Documents/PROYECTOS/php_template/src/Application/Services/CategoryApplicationService.php(47): Application\\Handlers\\Category\\GetCategoryHandler->handle(Object(Application\\Queries\\Category\\GetCategoryQuery))
#2 /Users/waltherstein/Documents/PROYECTOS/php_template/src/Presentation/Http/Controllers/Api/V1/CategoryController.php(72): Application\\Services\\CategoryApplicationService->getById(Object(Application\\Queries\\Category\\GetCategoryQuery))
#3 /Users/waltherstein/Documents/PROYECTOS/php_template/vendor/laravel/framework/src/Illuminate/Routing/Controller.php(54): Presentation\\Http\\Controllers\\Api\\V1\\CategoryController->show('1')
#4 /Users/waltherstein/Documents/PROYECTOS/php_template/vendor/laravel/framework/src/Illuminate/Routing/ControllerDispatcher.php(44): Illuminate\\Routing\\Controller->callAction('show', Array)
#5 /Users/waltherstein/Documents/PROYECTOS/php_template/vendor/laravel/framework/src/Illuminate/Routing/Route.php(266): Illuminate\\Routing\\ControllerDispatcher->dispatch(Object(Illuminate\\Routing\\Route), Object(Presentation\\Http\\Controllers\\Api\\V1\\CategoryController), 'show')
#6 /Users/waltherstein/Documents/PROYECTOS/php_template/vendor/laravel/framework/src/Illuminate/Routing/Route.php(212): Illuminate\\Routing\\Route->runController()
#7 /Users/waltherstein/Documents/PROYECTOS/php_template/vendor/laravel/framework/src/Illuminate/Routing/Router.php(808): Illuminate\\Routing\\Route->run()
#8 /Users/waltherstein/Documents/PROYECTOS/php_template/vendor/laravel/framework/src/Illuminate/Pipeline/Pipeline.php(170): Illuminate\\Routing\\Router->{closure:Illuminate\\Routing\\Router::runRouteWithinStack():807}(Object(Illuminate\\Http\\Request))
#9 /Users/waltherstein/Documents/PROYECTOS/php_template/vendor/laravel/framework/src/Illuminate/Routing/Middleware/SubstituteBindings.php(51): Illuminate\\Pipeline\\Pipeline->{closure:Illuminate\\Pipeline\\Pipeline::prepareDestination():168}(Object(Illuminate\\Http\\Request))
#10 /Users/waltherstein/Documents/PROYECTOS/php_template/vendor/laravel/framework/src/Illuminate/Pipeline/Pipeline.php(209): Illuminate\\Routing\\Middleware\\SubstituteBindings->handle(Object(Illuminate\\Http\\Request), Object(Closure))
#11 /Users/waltherstein/Documents/PROYECTOS/php_template/vendor/laravel/sanctum/src/Http/Middleware/EnsureFrontendRequestsAreStateful.php(26): Illuminate\\Pipeline\\Pipeline->{closure:{closure:Illuminate\\Pipeline\\Pipeline::carry():184}:185}(Object(Illuminate\\Http\\Request))
#12 /Users/waltherstein/Documents/PROYECTOS/php_template/vendor/laravel/framework/src/Illuminate/Pipeline/Pipeline.php(170): Laravel\\Sanctum\\Http\\Middleware\\EnsureFrontendRequestsAreStateful->{closure:Laravel\\Sanctum\\Http\\Middleware\\EnsureFrontendRequestsAreStateful::handle():25}(Object(Illuminate\\Http\\Request))
#13 /Users/waltherstein/Documents/PROYECTOS/php_template/vendor/laravel/sanctum/src/Http/Middleware/AuthenticateSession.php(35): Illuminate\\Pipeline\\Pipeline->{closure:Illuminate\\Pipeline\\Pipeline::prepareDestination():168}(Object(Illuminate\\Http\\Request))
#14 /Users/waltherstein/Documents/PROYECTOS/php_template/vendor/laravel/framework/src/Illuminate/Pipeline/Pipeline.php(209): Laravel\\Sanctum\\Http\\Middleware\\AuthenticateSession->handle(Object(Illuminate\\Http\\Request), Object(Closure))
#15 /Users/waltherstein/Documents/PROYECTOS/php_template/vendor/laravel/framework/src/Illuminate/Foundation/Http/Middleware/VerifyCsrfToken.php(88): Illuminate\\Pipeline\\Pipeline->{closure:{closure:Illuminate\\Pipeline\\Pipeline::carry():184}:185}(Object(Illuminate\\Http\\Request))
#16 /Users/waltherstein/Documents/PROYECTOS/php_template/vendor/laravel/framework/src/Illuminate/Pipeline/Pipeline.php(209): Illuminate\\Foundation\\Http\\Middleware\\VerifyCsrfToken->handle(Object(Illuminate\\Http\\Request), Object(Closure))
#17 /Users/waltherstein/Documents/PROYECTOS/php_template/vendor/laravel/framework/src/Illuminate/Session/Middleware/StartSession.php(121): Illuminate\\Pipeline\\Pipeline->{closure:{closure:Illuminate\\Pipeline\\Pipeline::carry():184}:185}(Object(Illuminate\\Http\\Request))
#18 /Users/waltherstein/Documents/PROYECTOS/php_template/vendor/laravel/framework/src/Illuminate/Session/Middleware/StartSession.php(64): Illuminate\\Session\\Middleware\\StartSession->handleStatefulRequest(Object(Illuminate\\Http\\Request), Object(Illuminate\\Session\\Store), Object(Closure))
#19 /Users/waltherstein/Documents/PROYECTOS/php_template/vendor/laravel/framework/src/Illuminate/Pipeline/Pipeline.php(209): Illuminate\\Session\\Middleware\\StartSession->handle(Object(Illuminate\\Http\\Request), Object(Closure))
#20 /Users/waltherstein/Documents/PROYECTOS/php_template/vendor/laravel/framework/src/Illuminate/Cookie/Middleware/AddQueuedCookiesToResponse.php(37): Illuminate\\Pipeline\\Pipeline->{closure:{closure:Illuminate\\Pipeline\\Pipeline::carry():184}:185}(Object(Illuminate\\Http\\Request))
#21 /Users/waltherstein/Documents/PROYECTOS/php_template/vendor/laravel/framework/src/Illuminate/Pipeline/Pipeline.php(209): Illuminate\\Cookie\\Middleware\\AddQueuedCookiesToResponse->handle(Object(Illuminate\\Http\\Request), Object(Closure))
#22 /Users/waltherstein/Documents/PROYECTOS/php_template/vendor/laravel/framework/src/Illuminate/Cookie/Middleware/EncryptCookies.php(75): Illuminate\\Pipeline\\Pipeline->{closure:{closure:Illuminate\\Pipeline\\Pipeline::carry():184}:185}(Object(Illuminate\\Http\\Request))
#23 /Users/waltherstein/Documents/PROYECTOS/php_template/vendor/laravel/framework/src/Illuminate/Pipeline/Pipeline.php(209): Illuminate\\Cookie\\Middleware\\EncryptCookies->handle(Object(Illuminate\\Http\\Request), Object(Closure))
#24 /Users/waltherstein/Documents/PROYECTOS/php_template/vendor/laravel/sanctum/src/Http/Middleware/EnsureFrontendRequestsAreStateful.php(61): Illuminate\\Pipeline\\Pipeline->{closure:{closure:Illuminate\\Pipeline\\Pipeline::carry():184}:185}(Object(Illuminate\\Http\\Request))
#25 /Users/waltherstein/Documents/PROYECTOS/php_template/vendor/laravel/framework/src/Illuminate/Pipeline/Pipeline.php(191): Laravel\\Sanctum\\Http\\Middleware\\EnsureFrontendRequestsAreStateful->{closure:Laravel\\Sanctum\\Http\\Middleware\\EnsureFrontendRequestsAreStateful::frontendMiddleware():58}(Object(Illuminate\\Http\\Request), Object(Closure))
#26 /Users/waltherstein/Documents/PROYECTOS/php_template/vendor/laravel/framework/src/Illuminate/Pipeline/Pipeline.php(127): Illuminate\\Pipeline\\Pipeline->{closure:{closure:Illuminate\\Pipeline\\Pipeline::carry():184}:185}(Object(Illuminate\\Http\\Request))
#27 /Users/waltherstein/Documents/PROYECTOS/php_template/vendor/laravel/sanctum/src/Http/Middleware/EnsureFrontendRequestsAreStateful.php(25): Illuminate\\Pipeline\\Pipeline->then(Object(Closure))
#28 /Users/waltherstein/Documents/PROYECTOS/php_template/vendor/laravel/framework/src/Illuminate/Pipeline/Pipeline.php(209): Laravel\\Sanctum\\Http\\Middleware\\EnsureFrontendRequestsAreStateful->handle(Object(Illuminate\\Http\\Request), Object(Closure))
#29 /Users/waltherstein/Documents/PROYECTOS/php_template/src/Presentation/Http/Middleware/JsonResponseMiddleware.php(17): Illuminate\\Pipeline\\Pipeline->{closure:{closure:Illuminate\\Pipeline\\Pipeline::carry():184}:185}(Object(Illuminate\\Http\\Request))
#30 /Users/waltherstein/Documents/PROYECTOS/php_template/vendor/laravel/framework/src/Illuminate/Pipeline/Pipeline.php(209): Presentation\\Http\\Middleware\\JsonResponseMiddleware->handle(Object(Illuminate\\Http\\Request), Object(Closure))
#31 /Users/waltherstein/Documents/PROYECTOS/php_template/vendor/laravel/framework/src/Illuminate/Pipeline/Pipeline.php(127): Illuminate\\Pipeline\\Pipeline->{closure:{closure:Illuminate\\Pipeline\\Pipeline::carry():184}:185}(Object(Illuminate\\Http\\Request))
#32 /Users/waltherstein/Documents/PROYECTOS/php_template/vendor/laravel/framework/src/Illuminate/Routing/Router.php(807): Illuminate\\Pipeline\\Pipeline->then(Object(Closure))
#33 /Users/waltherstein/Documents/PROYECTOS/php_template/vendor/laravel/framework/src/Illuminate/Routing/Router.php(786): Illuminate\\Routing\\Router->runRouteWithinStack(Object(Illuminate\\Routing\\Route), Object(Illuminate\\Http\\Request))
#34 /Users/waltherstein/Documents/PROYECTOS/php_template/vendor/laravel/framework/src/Illuminate/Routing/Router.php(750): Illuminate\\Routing\\Router->runRoute(Object(Illuminate\\Http\\Request), Object(Illuminate\\Routing\\Route))
#35 /Users/waltherstein/Documents/PROYECTOS/php_template/vendor/laravel/framework/src/Illuminate/Routing/Router.php(739): Illuminate\\Routing\\Router->dispatchToRoute(Object(Illuminate\\Http\\Request))
#36 /Users/waltherstein/Documents/PROYECTOS/php_template/vendor/laravel/framework/src/Illuminate/Foundation/Http/Kernel.php(201): Illuminate\\Routing\\Router->dispatch(Object(Illuminate\\Http\\Request))
#37 /Users/waltherstein/Documents/PROYECTOS/php_template/vendor/laravel/framework/src/Illuminate/Pipeline/Pipeline.php(170): Illuminate\\Foundation\\Http\\Kernel->{closure:Illuminate\\Foundation\\Http\\Kernel::dispatchToRouter():198}(Object(Illuminate\\Http\\Request))
#38 /Users/waltherstein/Documents/PROYECTOS/php_template/vendor/laravel/framework/src/Illuminate/Foundation/Http/Middleware/TransformsRequest.php(21): Illuminate\\Pipeline\\Pipeline->{closure:Illuminate\\Pipeline\\Pipeline::prepareDestination():168}(Object(Illuminate\\Http\\Request))
#39 /Users/waltherstein/Documents/PROYECTOS/php_template/vendor/laravel/framework/src/Illuminate/Foundation/Http/Middleware/ConvertEmptyStringsToNull.php(31): Illuminate\\Foundation\\Http\\Middleware\\TransformsRequest->handle(Object(Illuminate\\Http\\Request), Object(Closure))
#40 /Users/waltherstein/Documents/PROYECTOS/php_template/vendor/laravel/framework/src/Illuminate/Pipeline/Pipeline.php(209): Illuminate\\Foundation\\Http\\Middleware\\ConvertEmptyStringsToNull->handle(Object(Illuminate\\Http\\Request), Object(Closure))
#41 /Users/waltherstein/Documents/PROYECTOS/php_template/vendor/laravel/framework/src/Illuminate/Foundation/Http/Middleware/TransformsRequest.php(21): Illuminate\\Pipeline\\Pipeline->{closure:{closure:Illuminate\\Pipeline\\Pipeline::carry():184}:185}(Object(Illuminate\\Http\\Request))
#42 /Users/waltherstein/Documents/PROYECTOS/php_template/vendor/laravel/framework/src/Illuminate/Foundation/Http/Middleware/TrimStrings.php(51): Illuminate\\Foundation\\Http\\Middleware\\TransformsRequest->handle(Object(Illuminate\\Http\\Request), Object(Closure))
#43 /Users/waltherstein/Documents/PROYECTOS/php_template/vendor/laravel/framework/src/Illuminate/Pipeline/Pipeline.php(209): Illuminate\\Foundation\\Http\\Middleware\\TrimStrings->handle(Object(Illuminate\\Http\\Request), Object(Closure))
#44 /Users/waltherstein/Documents/PROYECTOS/php_template/vendor/laravel/framework/src/Illuminate/Http/Middleware/ValidatePostSize.php(27): Illuminate\\Pipeline\\Pipeline->{closure:{closure:Illuminate\\Pipeline\\Pipeline::carry():184}:185}(Object(Illuminate\\Http\\Request))
#45 /Users/waltherstein/Documents/PROYECTOS/php_template/vendor/laravel/framework/src/Illuminate/Pipeline/Pipeline.php(209): Illuminate\\Http\\Middleware\\ValidatePostSize->handle(Object(Illuminate\\Http\\Request), Object(Closure))
#46 /Users/waltherstein/Documents/PROYECTOS/php_template/vendor/laravel/framework/src/Illuminate/Foundation/Http/Middleware/PreventRequestsDuringMaintenance.php(110): Illuminate\\Pipeline\\Pipeline->{closure:{closure:Illuminate\\Pipeline\\Pipeline::carry():184}:185}(Object(Illuminate\\Http\\Request))
#47 /Users/waltherstein/Documents/PROYECTOS/php_template/vendor/laravel/framework/src/Illuminate/Pipeline/Pipeline.php(209): Illuminate\\Foundation\\Http\\Middleware\\PreventRequestsDuringMaintenance->handle(Object(Illuminate\\Http\\Request), Object(Closure))
#48 /Users/waltherstein/Documents/PROYECTOS/php_template/vendor/laravel/framework/src/Illuminate/Http/Middleware/HandleCors.php(62): Illuminate\\Pipeline\\Pipeline->{closure:{closure:Illuminate\\Pipeline\\Pipeline::carry():184}:185}(Object(Illuminate\\Http\\Request))
#49 /Users/waltherstein/Documents/PROYECTOS/php_template/vendor/laravel/framework/src/Illuminate/Pipeline/Pipeline.php(209): Illuminate\\Http\\Middleware\\HandleCors->handle(Object(Illuminate\\Http\\Request), Object(Closure))
#50 /Users/waltherstein/Documents/PROYECTOS/php_template/vendor/laravel/framework/src/Illuminate/Http/Middleware/TrustProxies.php(58): Illuminate\\Pipeline\\Pipeline->{closure:{closure:Illuminate\\Pipeline\\Pipeline::carry():184}:185}(Object(Illuminate\\Http\\Request))
#51 /Users/waltherstein/Documents/PROYECTOS/php_template/vendor/laravel/framework/src/Illuminate/Pipeline/Pipeline.php(209): Illuminate\\Http\\Middleware\\TrustProxies->handle(Object(Illuminate\\Http\\Request), Object(Closure))
#52 /Users/waltherstein/Documents/PROYECTOS/php_template/vendor/laravel/framework/src/Illuminate/Foundation/Http/Middleware/InvokeDeferredCallbacks.php(22): Illuminate\\Pipeline\\Pipeline->{closure:{closure:Illuminate\\Pipeline\\Pipeline::carry():184}:185}(Object(Illuminate\\Http\\Request))
#53 /Users/waltherstein/Documents/PROYECTOS/php_template/vendor/laravel/framework/src/Illuminate/Pipeline/Pipeline.php(209): Illuminate\\Foundation\\Http\\Middleware\\InvokeDeferredCallbacks->handle(Object(Illuminate\\Http\\Request), Object(Closure))
#54 /Users/waltherstein/Documents/PROYECTOS/php_template/vendor/laravel/framework/src/Illuminate/Pipeline/Pipeline.php(127): Illuminate\\Pipeline\\Pipeline->{closure:{closure:Illuminate\\Pipeline\\Pipeline::carry():184}:185}(Object(Illuminate\\Http\\Request))
#55 /Users/waltherstein/Documents/PROYECTOS/php_template/vendor/laravel/framework/src/Illuminate/Foundation/Http/Kernel.php(176): Illuminate\\Pipeline\\Pipeline->then(Object(Closure))
#56 /Users/waltherstein/Documents/PROYECTOS/php_template/vendor/laravel/framework/src/Illuminate/Foundation/Http/Kernel.php(145): Illuminate\\Foundation\\Http\\Kernel->sendRequestThroughRouter(Object(Illuminate\\Http\\Request))
#57 /Users/waltherstein/Documents/PROYECTOS/php_template/vendor/laravel/framework/src/Illuminate/Foundation/Application.php(1220): Illuminate\\Foundation\\Http\\Kernel->handle(Object(Illuminate\\Http\\Request))
#58 /Users/waltherstein/Documents/PROYECTOS/php_template/public/index.php(18): Illuminate\\Foundation\\Application->handleRequest(Object(Illuminate\\Http\\Request))
#59 /Users/waltherstein/Documents/PROYECTOS/php_template/vendor/laravel/framework/src/Illuminate/Foundation/resources/server.php(23): require_once('/Users/walthers...')
#60 {main}
"} 
[2026-05-14 20:37:12] local.ERROR: Category with ID "1" was not found. {"exception":"[object] (Domain\\Exceptions\\CategoryNotFoundException(code: 0): Category with ID \"1\" was not found. at /Users/waltherstein/Documents/PROYECTOS/php_template/src/Domain/Exceptions/CategoryNotFoundException.php:11)
[stacktrace]
#0 /Users/waltherstein/Documents/PROYECTOS/php_template/src/Application/Handlers/Category/GetCategoryHandler.php(28): Domain\\Exceptions\\CategoryNotFoundException::withId('1')
#1 /Users/waltherstein/Documents/PROYECTOS/php_template/src/Application/Services/CategoryApplicationService.php(47): Application\\Handlers\\Category\\GetCategoryHandler->handle(Object(Application\\Queries\\Category\\GetCategoryQuery))
#2 /Users/waltherstein/Documents/PROYECTOS/php_template/src/Presentation/Http/Controllers/Api/V1/CategoryController.php(72): Application\\Services\\CategoryApplicationService->getById(Object(Application\\Queries\\Category\\GetCategoryQuery))
#3 /Users/waltherstein/Documents/PROYECTOS/php_template/vendor/laravel/framework/src/Illuminate/Routing/Controller.php(54): Presentation\\Http\\Controllers\\Api\\V1\\CategoryController->show('1')
#4 /Users/waltherstein/Documents/PROYECTOS/php_template/vendor/laravel/framework/src/Illuminate/Routing/ControllerDispatcher.php(44): Illuminate\\Routing\\Controller->callAction('show', Array)
#5 /Users/waltherstein/Documents/PROYECTOS/php_template/vendor/laravel/framework/src/Illuminate/Routing/Route.php(266): Illuminate\\Routing\\ControllerDispatcher->dispatch(Object(Illuminate\\Routing\\Route), Object(Presentation\\Http\\Controllers\\Api\\V1\\CategoryController), 'show')
#6 /Users/waltherstein/Documents/PROYECTOS/php_template/vendor/laravel/framework/src/Illuminate/Routing/Route.php(212): Illuminate\\Routing\\Route->runController()
#7 /Users/waltherstein/Documents/PROYECTOS/php_template/vendor/laravel/framework/src/Illuminate/Routing/Router.php(808): Illuminate\\Routing\\Route->run()
#8 /Users/waltherstein/Documents/PROYECTOS/php_template/vendor/laravel/framework/src/Illuminate/Pipeline/Pipeline.php(170): Illuminate\\Routing\\Router->{closure:Illuminate\\Routing\\Router::runRouteWithinStack():807}(Object(Illuminate\\Http\\Request))
#9 /Users/waltherstein/Documents/PROYECTOS/php_template/vendor/laravel/framework/src/Illuminate/Routing/Middleware/SubstituteBindings.php(51): Illuminate\\Pipeline\\Pipeline->{closure:Illuminate\\Pipeline\\Pipeline::prepareDestination():168}(Object(Illuminate\\Http\\Request))
#10 /Users/waltherstein/Documents/PROYECTOS/php_template/vendor/laravel/framework/src/Illuminate/Pipeline/Pipeline.php(209): Illuminate\\Routing\\Middleware\\SubstituteBindings->handle(Object(Illuminate\\Http\\Request), Object(Closure))
#11 /Users/waltherstein/Documents/PROYECTOS/php_template/vendor/laravel/sanctum/src/Http/Middleware/EnsureFrontendRequestsAreStateful.php(26): Illuminate\\Pipeline\\Pipeline->{closure:{closure:Illuminate\\Pipeline\\Pipeline::carry():184}:185}(Object(Illuminate\\Http\\Request))
#12 /Users/waltherstein/Documents/PROYECTOS/php_template/vendor/laravel/framework/src/Illuminate/Pipeline/Pipeline.php(170): Laravel\\Sanctum\\Http\\Middleware\\EnsureFrontendRequestsAreStateful->{closure:Laravel\\Sanctum\\Http\\Middleware\\EnsureFrontendRequestsAreStateful::handle():25}(Object(Illuminate\\Http\\Request))
#13 /Users/waltherstein/Documents/PROYECTOS/php_template/vendor/laravel/framework/src/Illuminate/Pipeline/Pipeline.php(127): Illuminate\\Pipeline\\Pipeline->{closure:Illuminate\\Pipeline\\Pipeline::prepareDestination():168}(Object(Illuminate\\Http\\Request))
#14 /Users/waltherstein/Documents/PROYECTOS/php_template/vendor/laravel/sanctum/src/Http/Middleware/EnsureFrontendRequestsAreStateful.php(25): Illuminate\\Pipeline\\Pipeline->then(Object(Closure))
#15 /Users/waltherstein/Documents/PROYECTOS/php_template/vendor/laravel/framework/src/Illuminate/Pipeline/Pipeline.php(209): Laravel\\Sanctum\\Http\\Middleware\\EnsureFrontendRequestsAreStateful->handle(Object(Illuminate\\Http\\Request), Object(Closure))
#16 /Users/waltherstein/Documents/PROYECTOS/php_template/src/Presentation/Http/Middleware/JsonResponseMiddleware.php(17): Illuminate\\Pipeline\\Pipeline->{closure:{closure:Illuminate\\Pipeline\\Pipeline::carry():184}:185}(Object(Illuminate\\Http\\Request))
#17 /Users/waltherstein/Documents/PROYECTOS/php_template/vendor/laravel/framework/src/Illuminate/Pipeline/Pipeline.php(209): Presentation\\Http\\Middleware\\JsonResponseMiddleware->handle(Object(Illuminate\\Http\\Request), Object(Closure))
#18 /Users/waltherstein/Documents/PROYECTOS/php_template/vendor/laravel/framework/src/Illuminate/Pipeline/Pipeline.php(127): Illuminate\\Pipeline\\Pipeline->{closure:{closure:Illuminate\\Pipeline\\Pipeline::carry():184}:185}(Object(Illuminate\\Http\\Request))
#19 /Users/waltherstein/Documents/PROYECTOS/php_template/vendor/laravel/framework/src/Illuminate/Routing/Router.php(807): Illuminate\\Pipeline\\Pipeline->then(Object(Closure))
#20 /Users/waltherstein/Documents/PROYECTOS/php_template/vendor/laravel/framework/src/Illuminate/Routing/Router.php(786): Illuminate\\Routing\\Router->runRouteWithinStack(Object(Illuminate\\Routing\\Route), Object(Illuminate\\Http\\Request))
#21 /Users/waltherstein/Documents/PROYECTOS/php_template/vendor/laravel/framework/src/Illuminate/Routing/Router.php(750): Illuminate\\Routing\\Router->runRoute(Object(Illuminate\\Http\\Request), Object(Illuminate\\Routing\\Route))
#22 /Users/waltherstein/Documents/PROYECTOS/php_template/vendor/laravel/framework/src/Illuminate/Routing/Router.php(739): Illuminate\\Routing\\Router->dispatchToRoute(Object(Illuminate\\Http\\Request))
#23 /Users/waltherstein/Documents/PROYECTOS/php_template/vendor/laravel/framework/src/Illuminate/Foundation/Http/Kernel.php(201): Illuminate\\Routing\\Router->dispatch(Object(Illuminate\\Http\\Request))
#24 /Users/waltherstein/Documents/PROYECTOS/php_template/vendor/laravel/framework/src/Illuminate/Pipeline/Pipeline.php(170): Illuminate\\Foundation\\Http\\Kernel->{closure:Illuminate\\Foundation\\Http\\Kernel::dispatchToRouter():198}(Object(Illuminate\\Http\\Request))
#25 /Users/waltherstein/Documents/PROYECTOS/php_template/vendor/laravel/framework/src/Illuminate/Foundation/Http/Middleware/TransformsRequest.php(21): Illuminate\\Pipeline\\Pipeline->{closure:Illuminate\\Pipeline\\Pipeline::prepareDestination():168}(Object(Illuminate\\Http\\Request))
#26 /Users/waltherstein/Documents/PROYECTOS/php_template/vendor/laravel/framework/src/Illuminate/Foundation/Http/Middleware/ConvertEmptyStringsToNull.php(31): Illuminate\\Foundation\\Http\\Middleware\\TransformsRequest->handle(Object(Illuminate\\Http\\Request), Object(Closure))
#27 /Users/waltherstein/Documents/PROYECTOS/php_template/vendor/laravel/framework/src/Illuminate/Pipeline/Pipeline.php(209): Illuminate\\Foundation\\Http\\Middleware\\ConvertEmptyStringsToNull->handle(Object(Illuminate\\Http\\Request), Object(Closure))
#28 /Users/waltherstein/Documents/PROYECTOS/php_template/vendor/laravel/framework/src/Illuminate/Foundation/Http/Middleware/TransformsRequest.php(21): Illuminate\\Pipeline\\Pipeline->{closure:{closure:Illuminate\\Pipeline\\Pipeline::carry():184}:185}(Object(Illuminate\\Http\\Request))
#29 /Users/waltherstein/Documents/PROYECTOS/php_template/vendor/laravel/framework/src/Illuminate/Foundation/Http/Middleware/TrimStrings.php(51): Illuminate\\Foundation\\Http\\Middleware\\TransformsRequest->handle(Object(Illuminate\\Http\\Request), Object(Closure))
#30 /Users/waltherstein/Documents/PROYECTOS/php_template/vendor/laravel/framework/src/Illuminate/Pipeline/Pipeline.php(209): Illuminate\\Foundation\\Http\\Middleware\\TrimStrings->handle(Object(Illuminate\\Http\\Request), Object(Closure))
#31 /Users/waltherstein/Documents/PROYECTOS/php_template/vendor/laravel/framework/src/Illuminate/Http/Middleware/ValidatePostSize.php(27): Illuminate\\Pipeline\\Pipeline->{closure:{closure:Illuminate\\Pipeline\\Pipeline::carry():184}:185}(Object(Illuminate\\Http\\Request))
#32 /Users/waltherstein/Documents/PROYECTOS/php_template/vendor/laravel/framework/src/Illuminate/Pipeline/Pipeline.php(209): Illuminate\\Http\\Middleware\\ValidatePostSize->handle(Object(Illuminate\\Http\\Request), Object(Closure))
#33 /Users/waltherstein/Documents/PROYECTOS/php_template/vendor/laravel/framework/src/Illuminate/Foundation/Http/Middleware/PreventRequestsDuringMaintenance.php(110): Illuminate\\Pipeline\\Pipeline->{closure:{closure:Illuminate\\Pipeline\\Pipeline::carry():184}:185}(Object(Illuminate\\Http\\Request))
#34 /Users/waltherstein/Documents/PROYECTOS/php_template/vendor/laravel/framework/src/Illuminate/Pipeline/Pipeline.php(209): Illuminate\\Foundation\\Http\\Middleware\\PreventRequestsDuringMaintenance->handle(Object(Illuminate\\Http\\Request), Object(Closure))
#35 /Users/waltherstein/Documents/PROYECTOS/php_template/vendor/laravel/framework/src/Illuminate/Http/Middleware/HandleCors.php(62): Illuminate\\Pipeline\\Pipeline->{closure:{closure:Illuminate\\Pipeline\\Pipeline::carry():184}:185}(Object(Illuminate\\Http\\Request))
#36 /Users/waltherstein/Documents/PROYECTOS/php_template/vendor/laravel/framework/src/Illuminate/Pipeline/Pipeline.php(209): Illuminate\\Http\\Middleware\\HandleCors->handle(Object(Illuminate\\Http\\Request), Object(Closure))
#37 /Users/waltherstein/Documents/PROYECTOS/php_template/vendor/laravel/framework/src/Illuminate/Http/Middleware/TrustProxies.php(58): Illuminate\\Pipeline\\Pipeline->{closure:{closure:Illuminate\\Pipeline\\Pipeline::carry():184}:185}(Object(Illuminate\\Http\\Request))
#38 /Users/waltherstein/Documents/PROYECTOS/php_template/vendor/laravel/framework/src/Illuminate/Pipeline/Pipeline.php(209): Illuminate\\Http\\Middleware\\TrustProxies->handle(Object(Illuminate\\Http\\Request), Object(Closure))
#39 /Users/waltherstein/Documents/PROYECTOS/php_template/vendor/laravel/framework/src/Illuminate/Foundation/Http/Middleware/InvokeDeferredCallbacks.php(22): Illuminate\\Pipeline\\Pipeline->{closure:{closure:Illuminate\\Pipeline\\Pipeline::carry():184}:185}(Object(Illuminate\\Http\\Request))
#40 /Users/waltherstein/Documents/PROYECTOS/php_template/vendor/laravel/framework/src/Illuminate/Pipeline/Pipeline.php(209): Illuminate\\Foundation\\Http\\Middleware\\InvokeDeferredCallbacks->handle(Object(Illuminate\\Http\\Request), Object(Closure))
#41 /Users/waltherstein/Documents/PROYECTOS/php_template/vendor/laravel/framework/src/Illuminate/Pipeline/Pipeline.php(127): Illuminate\\Pipeline\\Pipeline->{closure:{closure:Illuminate\\Pipeline\\Pipeline::carry():184}:185}(Object(Illuminate\\Http\\Request))
#42 /Users/waltherstein/Documents/PROYECTOS/php_template/vendor/laravel/framework/src/Illuminate/Foundation/Http/Kernel.php(176): Illuminate\\Pipeline\\Pipeline->then(Object(Closure))
#43 /Users/waltherstein/Documents/PROYECTOS/php_template/vendor/laravel/framework/src/Illuminate/Foundation/Http/Kernel.php(145): Illuminate\\Foundation\\Http\\Kernel->sendRequestThroughRouter(Object(Illuminate\\Http\\Request))
#44 /Users/waltherstein/Documents/PROYECTOS/php_template/vendor/laravel/framework/src/Illuminate/Foundation/Application.php(1220): Illuminate\\Foundation\\Http\\Kernel->handle(Object(Illuminate\\Http\\Request))
#45 /Users/waltherstein/Documents/PROYECTOS/php_template/public/index.php(18): Illuminate\\Foundation\\Application->handleRequest(Object(Illuminate\\Http\\Request))
#46 /Users/waltherstein/Documents/PROYECTOS/php_template/vendor/laravel/framework/src/Illuminate/Foundation/resources/server.php(23): require_once('/Users/walthers...')
#47 {main}
"} 
[2026-05-14 20:37:20] local.ERROR: Category with ID "1" was not found. {"exception":"[object] (Domain\\Exceptions\\CategoryNotFoundException(code: 0): Category with ID \"1\" was not found. at /Users/waltherstein/Documents/PROYECTOS/php_template/src/Domain/Exceptions/CategoryNotFoundException.php:11)
[stacktrace]
#0 /Users/waltherstein/Documents/PROYECTOS/php_template/src/Application/Handlers/Category/GetCategoryHandler.php(28): Domain\\Exceptions\\CategoryNotFoundException::withId('1')
#1 /Users/waltherstein/Documents/PROYECTOS/php_template/src/Application/Services/CategoryApplicationService.php(47): Application\\Handlers\\Category\\GetCategoryHandler->handle(Object(Application\\Queries\\Category\\GetCategoryQuery))
#2 /Users/waltherstein/Documents/PROYECTOS/php_template/src/Presentation/Http/Controllers/Api/V1/CategoryController.php(72): Application\\Services\\CategoryApplicationService->getById(Object(Application\\Queries\\Category\\GetCategoryQuery))
#3 /Users/waltherstein/Documents/PROYECTOS/php_template/vendor/laravel/framework/src/Illuminate/Routing/Controller.php(54): Presentation\\Http\\Controllers\\Api\\V1\\CategoryController->show('1')
#4 /Users/waltherstein/Documents/PROYECTOS/php_template/vendor/laravel/framework/src/Illuminate/Routing/ControllerDispatcher.php(44): Illuminate\\Routing\\Controller->callAction('show', Array)
#5 /Users/waltherstein/Documents/PROYECTOS/php_template/vendor/laravel/framework/src/Illuminate/Routing/Route.php(266): Illuminate\\Routing\\ControllerDispatcher->dispatch(Object(Illuminate\\Routing\\Route), Object(Presentation\\Http\\Controllers\\Api\\V1\\CategoryController), 'show')
#6 /Users/waltherstein/Documents/PROYECTOS/php_template/vendor/laravel/framework/src/Illuminate/Routing/Route.php(212): Illuminate\\Routing\\Route->runController()
#7 /Users/waltherstein/Documents/PROYECTOS/php_template/vendor/laravel/framework/src/Illuminate/Routing/Router.php(808): Illuminate\\Routing\\Route->run()
#8 /Users/waltherstein/Documents/PROYECTOS/php_template/vendor/laravel/framework/src/Illuminate/Pipeline/Pipeline.php(170): Illuminate\\Routing\\Router->{closure:Illuminate\\Routing\\Router::runRouteWithinStack():807}(Object(Illuminate\\Http\\Request))
#9 /Users/waltherstein/Documents/PROYECTOS/php_template/vendor/laravel/framework/src/Illuminate/Routing/Middleware/SubstituteBindings.php(51): Illuminate\\Pipeline\\Pipeline->{closure:Illuminate\\Pipeline\\Pipeline::prepareDestination():168}(Object(Illuminate\\Http\\Request))
#10 /Users/waltherstein/Documents/PROYECTOS/php_template/vendor/laravel/framework/src/Illuminate/Pipeline/Pipeline.php(209): Illuminate\\Routing\\Middleware\\SubstituteBindings->handle(Object(Illuminate\\Http\\Request), Object(Closure))
#11 /Users/waltherstein/Documents/PROYECTOS/php_template/vendor/laravel/sanctum/src/Http/Middleware/EnsureFrontendRequestsAreStateful.php(26): Illuminate\\Pipeline\\Pipeline->{closure:{closure:Illuminate\\Pipeline\\Pipeline::carry():184}:185}(Object(Illuminate\\Http\\Request))
#12 /Users/waltherstein/Documents/PROYECTOS/php_template/vendor/laravel/framework/src/Illuminate/Pipeline/Pipeline.php(170): Laravel\\Sanctum\\Http\\Middleware\\EnsureFrontendRequestsAreStateful->{closure:Laravel\\Sanctum\\Http\\Middleware\\EnsureFrontendRequestsAreStateful::handle():25}(Object(Illuminate\\Http\\Request))
#13 /Users/waltherstein/Documents/PROYECTOS/php_template/vendor/laravel/sanctum/src/Http/Middleware/AuthenticateSession.php(35): Illuminate\\Pipeline\\Pipeline->{closure:Illuminate\\Pipeline\\Pipeline::prepareDestination():168}(Object(Illuminate\\Http\\Request))
#14 /Users/waltherstein/Documents/PROYECTOS/php_template/vendor/laravel/framework/src/Illuminate/Pipeline/Pipeline.php(209): Laravel\\Sanctum\\Http\\Middleware\\AuthenticateSession->handle(Object(Illuminate\\Http\\Request), Object(Closure))
#15 /Users/waltherstein/Documents/PROYECTOS/php_template/vendor/laravel/framework/src/Illuminate/Foundation/Http/Middleware/VerifyCsrfToken.php(88): Illuminate\\Pipeline\\Pipeline->{closure:{closure:Illuminate\\Pipeline\\Pipeline::carry():184}:185}(Object(Illuminate\\Http\\Request))
#16 /Users/waltherstein/Documents/PROYECTOS/php_template/vendor/laravel/framework/src/Illuminate/Pipeline/Pipeline.php(209): Illuminate\\Foundation\\Http\\Middleware\\VerifyCsrfToken->handle(Object(Illuminate\\Http\\Request), Object(Closure))
#17 /Users/waltherstein/Documents/PROYECTOS/php_template/vendor/laravel/framework/src/Illuminate/Session/Middleware/StartSession.php(121): Illuminate\\Pipeline\\Pipeline->{closure:{closure:Illuminate\\Pipeline\\Pipeline::carry():184}:185}(Object(Illuminate\\Http\\Request))
#18 /Users/waltherstein/Documents/PROYECTOS/php_template/vendor/laravel/framework/src/Illuminate/Session/Middleware/StartSession.php(64): Illuminate\\Session\\Middleware\\StartSession->handleStatefulRequest(Object(Illuminate\\Http\\Request), Object(Illuminate\\Session\\Store), Object(Closure))
#19 /Users/waltherstein/Documents/PROYECTOS/php_template/vendor/laravel/framework/src/Illuminate/Pipeline/Pipeline.php(209): Illuminate\\Session\\Middleware\\StartSession->handle(Object(Illuminate\\Http\\Request), Object(Closure))
#20 /Users/waltherstein/Documents/PROYECTOS/php_template/vendor/laravel/framework/src/Illuminate/Cookie/Middleware/AddQueuedCookiesToResponse.php(37): Illuminate\\Pipeline\\Pipeline->{closure:{closure:Illuminate\\Pipeline\\Pipeline::carry():184}:185}(Object(Illuminate\\Http\\Request))
#21 /Users/waltherstein/Documents/PROYECTOS/php_template/vendor/laravel/framework/src/Illuminate/Pipeline/Pipeline.php(209): Illuminate\\Cookie\\Middleware\\AddQueuedCookiesToResponse->handle(Object(Illuminate\\Http\\Request), Object(Closure))
#22 /Users/waltherstein/Documents/PROYECTOS/php_template/vendor/laravel/framework/src/Illuminate/Cookie/Middleware/EncryptCookies.php(75): Illuminate\\Pipeline\\Pipeline->{closure:{closure:Illuminate\\Pipeline\\Pipeline::carry():184}:185}(Object(Illuminate\\Http\\Request))
#23 /Users/waltherstein/Documents/PROYECTOS/php_template/vendor/laravel/framework/src/Illuminate/Pipeline/Pipeline.php(209): Illuminate\\Cookie\\Middleware\\EncryptCookies->handle(Object(Illuminate\\Http\\Request), Object(Closure))
#24 /Users/waltherstein/Documents/PROYECTOS/php_template/vendor/laravel/sanctum/src/Http/Middleware/EnsureFrontendRequestsAreStateful.php(61): Illuminate\\Pipeline\\Pipeline->{closure:{closure:Illuminate\\Pipeline\\Pipeline::carry():184}:185}(Object(Illuminate\\Http\\Request))
#25 /Users/waltherstein/Documents/PROYECTOS/php_template/vendor/laravel/framework/src/Illuminate/Pipeline/Pipeline.php(191): Laravel\\Sanctum\\Http\\Middleware\\EnsureFrontendRequestsAreStateful->{closure:Laravel\\Sanctum\\Http\\Middleware\\EnsureFrontendRequestsAreStateful::frontendMiddleware():58}(Object(Illuminate\\Http\\Request), Object(Closure))
#26 /Users/waltherstein/Documents/PROYECTOS/php_template/vendor/laravel/framework/src/Illuminate/Pipeline/Pipeline.php(127): Illuminate\\Pipeline\\Pipeline->{closure:{closure:Illuminate\\Pipeline\\Pipeline::carry():184}:185}(Object(Illuminate\\Http\\Request))
#27 /Users/waltherstein/Documents/PROYECTOS/php_template/vendor/laravel/sanctum/src/Http/Middleware/EnsureFrontendRequestsAreStateful.php(25): Illuminate\\Pipeline\\Pipeline->then(Object(Closure))
#28 /Users/waltherstein/Documents/PROYECTOS/php_template/vendor/laravel/framework/src/Illuminate/Pipeline/Pipeline.php(209): Laravel\\Sanctum\\Http\\Middleware\\EnsureFrontendRequestsAreStateful->handle(Object(Illuminate\\Http\\Request), Object(Closure))
#29 /Users/waltherstein/Documents/PROYECTOS/php_template/src/Presentation/Http/Middleware/JsonResponseMiddleware.php(17): Illuminate\\Pipeline\\Pipeline->{closure:{closure:Illuminate\\Pipeline\\Pipeline::carry():184}:185}(Object(Illuminate\\Http\\Request))
#30 /Users/waltherstein/Documents/PROYECTOS/php_template/vendor/laravel/framework/src/Illuminate/Pipeline/Pipeline.php(209): Presentation\\Http\\Middleware\\JsonResponseMiddleware->handle(Object(Illuminate\\Http\\Request), Object(Closure))
#31 /Users/waltherstein/Documents/PROYECTOS/php_template/vendor/laravel/framework/src/Illuminate/Pipeline/Pipeline.php(127): Illuminate\\Pipeline\\Pipeline->{closure:{closure:Illuminate\\Pipeline\\Pipeline::carry():184}:185}(Object(Illuminate\\Http\\Request))
#32 /Users/waltherstein/Documents/PROYECTOS/php_template/vendor/laravel/framework/src/Illuminate/Routing/Router.php(807): Illuminate\\Pipeline\\Pipeline->then(Object(Closure))
#33 /Users/waltherstein/Documents/PROYECTOS/php_template/vendor/laravel/framework/src/Illuminate/Routing/Router.php(786): Illuminate\\Routing\\Router->runRouteWithinStack(Object(Illuminate\\Routing\\Route), Object(Illuminate\\Http\\Request))
#34 /Users/waltherstein/Documents/PROYECTOS/php_template/vendor/laravel/framework/src/Illuminate/Routing/Router.php(750): Illuminate\\Routing\\Router->runRoute(Object(Illuminate\\Http\\Request), Object(Illuminate\\Routing\\Route))
#35 /Users/waltherstein/Documents/PROYECTOS/php_template/vendor/laravel/framework/src/Illuminate/Routing/Router.php(739): Illuminate\\Routing\\Router->dispatchToRoute(Object(Illuminate\\Http\\Request))
#36 /Users/waltherstein/Documents/PROYECTOS/php_template/vendor/laravel/framework/src/Illuminate/Foundation/Http/Kernel.php(201): Illuminate\\Routing\\Router->dispatch(Object(Illuminate\\Http\\Request))
#37 /Users/waltherstein/Documents/PROYECTOS/php_template/vendor/laravel/framework/src/Illuminate/Pipeline/Pipeline.php(170): Illuminate\\Foundation\\Http\\Kernel->{closure:Illuminate\\Foundation\\Http\\Kernel::dispatchToRouter():198}(Object(Illuminate\\Http\\Request))
#38 /Users/waltherstein/Documents/PROYECTOS/php_template/vendor/laravel/framework/src/Illuminate/Foundation/Http/Middleware/TransformsRequest.php(21): Illuminate\\Pipeline\\Pipeline->{closure:Illuminate\\Pipeline\\Pipeline::prepareDestination():168}(Object(Illuminate\\Http\\Request))
#39 /Users/waltherstein/Documents/PROYECTOS/php_template/vendor/laravel/framework/src/Illuminate/Foundation/Http/Middleware/ConvertEmptyStringsToNull.php(31): Illuminate\\Foundation\\Http\\Middleware\\TransformsRequest->handle(Object(Illuminate\\Http\\Request), Object(Closure))
#40 /Users/waltherstein/Documents/PROYECTOS/php_template/vendor/laravel/framework/src/Illuminate/Pipeline/Pipeline.php(209): Illuminate\\Foundation\\Http\\Middleware\\ConvertEmptyStringsToNull->handle(Object(Illuminate\\Http\\Request), Object(Closure))
#41 /Users/waltherstein/Documents/PROYECTOS/php_template/vendor/laravel/framework/src/Illuminate/Foundation/Http/Middleware/TransformsRequest.php(21): Illuminate\\Pipeline\\Pipeline->{closure:{closure:Illuminate\\Pipeline\\Pipeline::carry():184}:185}(Object(Illuminate\\Http\\Request))
#42 /Users/waltherstein/Documents/PROYECTOS/php_template/vendor/laravel/framework/src/Illuminate/Foundation/Http/Middleware/TrimStrings.php(51): Illuminate\\Foundation\\Http\\Middleware\\TransformsRequest->handle(Object(Illuminate\\Http\\Request), Object(Closure))
#43 /Users/waltherstein/Documents/PROYECTOS/php_template/vendor/laravel/framework/src/Illuminate/Pipeline/Pipeline.php(209): Illuminate\\Foundation\\Http\\Middleware\\TrimStrings->handle(Object(Illuminate\\Http\\Request), Object(Closure))
#44 /Users/waltherstein/Documents/PROYECTOS/php_template/vendor/laravel/framework/src/Illuminate/Http/Middleware/ValidatePostSize.php(27): Illuminate\\Pipeline\\Pipeline->{closure:{closure:Illuminate\\Pipeline\\Pipeline::carry():184}:185}(Object(Illuminate\\Http\\Request))
#45 /Users/waltherstein/Documents/PROYECTOS/php_template/vendor/laravel/framework/src/Illuminate/Pipeline/Pipeline.php(209): Illuminate\\Http\\Middleware\\ValidatePostSize->handle(Object(Illuminate\\Http\\Request), Object(Closure))
#46 /Users/waltherstein/Documents/PROYECTOS/php_template/vendor/laravel/framework/src/Illuminate/Foundation/Http/Middleware/PreventRequestsDuringMaintenance.php(110): Illuminate\\Pipeline\\Pipeline->{closure:{closure:Illuminate\\Pipeline\\Pipeline::carry():184}:185}(Object(Illuminate\\Http\\Request))
#47 /Users/waltherstein/Documents/PROYECTOS/php_template/vendor/laravel/framework/src/Illuminate/Pipeline/Pipeline.php(209): Illuminate\\Foundation\\Http\\Middleware\\PreventRequestsDuringMaintenance->handle(Object(Illuminate\\Http\\Request), Object(Closure))
#48 /Users/waltherstein/Documents/PROYECTOS/php_template/vendor/laravel/framework/src/Illuminate/Http/Middleware/HandleCors.php(62): Illuminate\\Pipeline\\Pipeline->{closure:{closure:Illuminate\\Pipeline\\Pipeline::carry():184}:185}(Object(Illuminate\\Http\\Request))
#49 /Users/waltherstein/Documents/PROYECTOS/php_template/vendor/laravel/framework/src/Illuminate/Pipeline/Pipeline.php(209): Illuminate\\Http\\Middleware\\HandleCors->handle(Object(Illuminate\\Http\\Request), Object(Closure))
#50 /Users/waltherstein/Documents/PROYECTOS/php_template/vendor/laravel/framework/src/Illuminate/Http/Middleware/TrustProxies.php(58): Illuminate\\Pipeline\\Pipeline->{closure:{closure:Illuminate\\Pipeline\\Pipeline::carry():184}:185}(Object(Illuminate\\Http\\Request))
#51 /Users/waltherstein/Documents/PROYECTOS/php_template/vendor/laravel/framework/src/Illuminate/Pipeline/Pipeline.php(209): Illuminate\\Http\\Middleware\\TrustProxies->handle(Object(Illuminate\\Http\\Request), Object(Closure))
#52 /Users/waltherstein/Documents/PROYECTOS/php_template/vendor/laravel/framework/src/Illuminate/Foundation/Http/Middleware/InvokeDeferredCallbacks.php(22): Illuminate\\Pipeline\\Pipeline->{closure:{closure:Illuminate\\Pipeline\\Pipeline::carry():184}:185}(Object(Illuminate\\Http\\Request))
#53 /Users/waltherstein/Documents/PROYECTOS/php_template/vendor/laravel/framework/src/Illuminate/Pipeline/Pipeline.php(209): Illuminate\\Foundation\\Http\\Middleware\\InvokeDeferredCallbacks->handle(Object(Illuminate\\Http\\Request), Object(Closure))
#54 /Users/waltherstein/Documents/PROYECTOS/php_template/vendor/laravel/framework/src/Illuminate/Pipeline/Pipeline.php(127): Illuminate\\Pipeline\\Pipeline->{closure:{closure:Illuminate\\Pipeline\\Pipeline::carry():184}:185}(Object(Illuminate\\Http\\Request))
#55 /Users/waltherstein/Documents/PROYECTOS/php_template/vendor/laravel/framework/src/Illuminate/Foundation/Http/Kernel.php(176): Illuminate\\Pipeline\\Pipeline->then(Object(Closure))
#56 /Users/waltherstein/Documents/PROYECTOS/php_template/vendor/laravel/framework/src/Illuminate/Foundation/Http/Kernel.php(145): Illuminate\\Foundation\\Http\\Kernel->sendRequestThroughRouter(Object(Illuminate\\Http\\Request))
#57 /Users/waltherstein/Documents/PROYECTOS/php_template/vendor/laravel/framework/src/Illuminate/Foundation/Application.php(1220): Illuminate\\Foundation\\Http\\Kernel->handle(Object(Illuminate\\Http\\Request))
#58 /Users/waltherstein/Documents/PROYECTOS/php_template/public/index.php(18): Illuminate\\Foundation\\Application->handleRequest(Object(Illuminate\\Http\\Request))
#59 /Users/waltherstein/Documents/PROYECTOS/php_template/vendor/laravel/framework/src/Illuminate/Foundation/resources/server.php(23): require_once('/Users/walthers...')
#60 {main}
"} 
[2026-05-14 20:37:27] local.ERROR: The "--columns" option does not exist. {"exception":"[object] (Symfony\\Component\\Console\\Exception\\RuntimeException(code: 0): The \"--columns\" option does not exist. at /Users/waltherstein/Documents/PROYECTOS/php_template/vendor/symfony/console/Input/ArgvInput.php:226)
[stacktrace]
#0 /Users/waltherstein/Documents/PROYECTOS/php_template/vendor/symfony/console/Input/ArgvInput.php(153): Symfony\\Component\\Console\\Input\\ArgvInput->addLongOption('columns', 'method,uri,name...')
#1 /Users/waltherstein/Documents/PROYECTOS/php_template/vendor/symfony/console/Input/ArgvInput.php(88): Symfony\\Component\\Console\\Input\\ArgvInput->parseLongOption('--columns=metho...')
#2 /Users/waltherstein/Documents/PROYECTOS/php_template/vendor/symfony/console/Input/ArgvInput.php(77): Symfony\\Component\\Console\\Input\\ArgvInput->parseToken('--columns=metho...', true)
#3 /Users/waltherstein/Documents/PROYECTOS/php_template/vendor/symfony/console/Input/Input.php(53): Symfony\\Component\\Console\\Input\\ArgvInput->parse()
#4 /Users/waltherstein/Documents/PROYECTOS/php_template/vendor/symfony/console/Command/Command.php(295): Symfony\\Component\\Console\\Input\\Input->bind(Object(Symfony\\Component\\Console\\Input\\InputDefinition))
#5 /Users/waltherstein/Documents/PROYECTOS/php_template/vendor/laravel/framework/src/Illuminate/Console/Command.php(182): Symfony\\Component\\Console\\Command\\Command->run(Object(Symfony\\Component\\Console\\Input\\ArgvInput), Object(Illuminate\\Console\\OutputStyle))
#6 /Users/waltherstein/Documents/PROYECTOS/php_template/vendor/symfony/console/Application.php(1117): Illuminate\\Console\\Command->run(Object(Symfony\\Component\\Console\\Input\\ArgvInput), Object(Symfony\\Component\\Console\\Output\\ConsoleOutput))
#7 /Users/waltherstein/Documents/PROYECTOS/php_template/vendor/symfony/console/Application.php(356): Symfony\\Component\\Console\\Application->doRunCommand(Object(Illuminate\\Foundation\\Console\\RouteListCommand), Object(Symfony\\Component\\Console\\Input\\ArgvInput), Object(Symfony\\Component\\Console\\Output\\ConsoleOutput))
#8 /Users/waltherstein/Documents/PROYECTOS/php_template/vendor/symfony/console/Application.php(195): Symfony\\Component\\Console\\Application->doRun(Object(Symfony\\Component\\Console\\Input\\ArgvInput), Object(Symfony\\Component\\Console\\Output\\ConsoleOutput))
#9 /Users/waltherstein/Documents/PROYECTOS/php_template/vendor/laravel/framework/src/Illuminate/Foundation/Console/Kernel.php(198): Symfony\\Component\\Console\\Application->run(Object(Symfony\\Component\\Console\\Input\\ArgvInput), Object(Symfony\\Component\\Console\\Output\\ConsoleOutput))
#10 /Users/waltherstein/Documents/PROYECTOS/php_template/artisan(14): Illuminate\\Foundation\\Console\\Kernel->handle(Object(Symfony\\Component\\Console\\Input\\ArgvInput), Object(Symfony\\Component\\Console\\Output\\ConsoleOutput))
#11 {main}
"} 
[2026-05-14 20:55:57] local.ERROR: Category with ID "001" was not found. {"exception":"[object] (Domain\\Exceptions\\CategoryNotFoundException(code: 0): Category with ID \"001\" was not found. at /Users/waltherstein/Documents/PROYECTOS/php_template/src/Domain/Exceptions/CategoryNotFoundException.php:11)
[stacktrace]
#0 /Users/waltherstein/Documents/PROYECTOS/php_template/src/Application/Handlers/Category/GetCategoryHandler.php(28): Domain\\Exceptions\\CategoryNotFoundException::withId('001')
#1 /Users/waltherstein/Documents/PROYECTOS/php_template/src/Application/Services/CategoryApplicationService.php(47): Application\\Handlers\\Category\\GetCategoryHandler->handle(Object(Application\\Queries\\Category\\GetCategoryQuery))
#2 /Users/waltherstein/Documents/PROYECTOS/php_template/src/Presentation/Http/Controllers/Api/V1/CategoryController.php(90): Application\\Services\\CategoryApplicationService->getById(Object(Application\\Queries\\Category\\GetCategoryQuery))
#3 /Users/waltherstein/Documents/PROYECTOS/php_template/vendor/laravel/framework/src/Illuminate/Routing/Controller.php(54): Presentation\\Http\\Controllers\\Api\\V1\\CategoryController->show('001')
#4 /Users/waltherstein/Documents/PROYECTOS/php_template/vendor/laravel/framework/src/Illuminate/Routing/ControllerDispatcher.php(44): Illuminate\\Routing\\Controller->callAction('show', Array)
#5 /Users/waltherstein/Documents/PROYECTOS/php_template/vendor/laravel/framework/src/Illuminate/Routing/Route.php(266): Illuminate\\Routing\\ControllerDispatcher->dispatch(Object(Illuminate\\Routing\\Route), Object(Presentation\\Http\\Controllers\\Api\\V1\\CategoryController), 'show')
#6 /Users/waltherstein/Documents/PROYECTOS/php_template/vendor/laravel/framework/src/Illuminate/Routing/Route.php(212): Illuminate\\Routing\\Route->runController()
#7 /Users/waltherstein/Documents/PROYECTOS/php_template/vendor/laravel/framework/src/Illuminate/Routing/Router.php(808): Illuminate\\Routing\\Route->run()
#8 /Users/waltherstein/Documents/PROYECTOS/php_template/vendor/laravel/framework/src/Illuminate/Pipeline/Pipeline.php(170): Illuminate\\Routing\\Router->{closure:Illuminate\\Routing\\Router::runRouteWithinStack():807}(Object(Illuminate\\Http\\Request))
#9 /Users/waltherstein/Documents/PROYECTOS/php_template/vendor/laravel/framework/src/Illuminate/Routing/Middleware/SubstituteBindings.php(51): Illuminate\\Pipeline\\Pipeline->{closure:Illuminate\\Pipeline\\Pipeline::prepareDestination():168}(Object(Illuminate\\Http\\Request))
#10 /Users/waltherstein/Documents/PROYECTOS/php_template/vendor/laravel/framework/src/Illuminate/Pipeline/Pipeline.php(209): Illuminate\\Routing\\Middleware\\SubstituteBindings->handle(Object(Illuminate\\Http\\Request), Object(Closure))
#11 /Users/waltherstein/Documents/PROYECTOS/php_template/vendor/laravel/sanctum/src/Http/Middleware/EnsureFrontendRequestsAreStateful.php(26): Illuminate\\Pipeline\\Pipeline->{closure:{closure:Illuminate\\Pipeline\\Pipeline::carry():184}:185}(Object(Illuminate\\Http\\Request))
#12 /Users/waltherstein/Documents/PROYECTOS/php_template/vendor/laravel/framework/src/Illuminate/Pipeline/Pipeline.php(170): Laravel\\Sanctum\\Http\\Middleware\\EnsureFrontendRequestsAreStateful->{closure:Laravel\\Sanctum\\Http\\Middleware\\EnsureFrontendRequestsAreStateful::handle():25}(Object(Illuminate\\Http\\Request))
#13 /Users/waltherstein/Documents/PROYECTOS/php_template/vendor/laravel/sanctum/src/Http/Middleware/AuthenticateSession.php(35): Illuminate\\Pipeline\\Pipeline->{closure:Illuminate\\Pipeline\\Pipeline::prepareDestination():168}(Object(Illuminate\\Http\\Request))
#14 /Users/waltherstein/Documents/PROYECTOS/php_template/vendor/laravel/framework/src/Illuminate/Pipeline/Pipeline.php(209): Laravel\\Sanctum\\Http\\Middleware\\AuthenticateSession->handle(Object(Illuminate\\Http\\Request), Object(Closure))
#15 /Users/waltherstein/Documents/PROYECTOS/php_template/vendor/laravel/framework/src/Illuminate/Foundation/Http/Middleware/VerifyCsrfToken.php(88): Illuminate\\Pipeline\\Pipeline->{closure:{closure:Illuminate\\Pipeline\\Pipeline::carry():184}:185}(Object(Illuminate\\Http\\Request))
#16 /Users/waltherstein/Documents/PROYECTOS/php_template/vendor/laravel/framework/src/Illuminate/Pipeline/Pipeline.php(209): Illuminate\\Foundation\\Http\\Middleware\\VerifyCsrfToken->handle(Object(Illuminate\\Http\\Request), Object(Closure))
#17 /Users/waltherstein/Documents/PROYECTOS/php_template/vendor/laravel/framework/src/Illuminate/Session/Middleware/StartSession.php(121): Illuminate\\Pipeline\\Pipeline->{closure:{closure:Illuminate\\Pipeline\\Pipeline::carry():184}:185}(Object(Illuminate\\Http\\Request))
#18 /Users/waltherstein/Documents/PROYECTOS/php_template/vendor/laravel/framework/src/Illuminate/Session/Middleware/StartSession.php(64): Illuminate\\Session\\Middleware\\StartSession->handleStatefulRequest(Object(Illuminate\\Http\\Request), Object(Illuminate\\Session\\Store), Object(Closure))
#19 /Users/waltherstein/Documents/PROYECTOS/php_template/vendor/laravel/framework/src/Illuminate/Pipeline/Pipeline.php(209): Illuminate\\Session\\Middleware\\StartSession->handle(Object(Illuminate\\Http\\Request), Object(Closure))
#20 /Users/waltherstein/Documents/PROYECTOS/php_template/vendor/laravel/framework/src/Illuminate/Cookie/Middleware/AddQueuedCookiesToResponse.php(37): Illuminate\\Pipeline\\Pipeline->{closure:{closure:Illuminate\\Pipeline\\Pipeline::carry():184}:185}(Object(Illuminate\\Http\\Request))
#21 /Users/waltherstein/Documents/PROYECTOS/php_template/vendor/laravel/framework/src/Illuminate/Pipeline/Pipeline.php(209): Illuminate\\Cookie\\Middleware\\AddQueuedCookiesToResponse->handle(Object(Illuminate\\Http\\Request), Object(Closure))
#22 /Users/waltherstein/Documents/PROYECTOS/php_template/vendor/laravel/framework/src/Illuminate/Cookie/Middleware/EncryptCookies.php(75): Illuminate\\Pipeline\\Pipeline->{closure:{closure:Illuminate\\Pipeline\\Pipeline::carry():184}:185}(Object(Illuminate\\Http\\Request))
#23 /Users/waltherstein/Documents/PROYECTOS/php_template/vendor/laravel/framework/src/Illuminate/Pipeline/Pipeline.php(209): Illuminate\\Cookie\\Middleware\\EncryptCookies->handle(Object(Illuminate\\Http\\Request), Object(Closure))
#24 /Users/waltherstein/Documents/PROYECTOS/php_template/vendor/laravel/sanctum/src/Http/Middleware/EnsureFrontendRequestsAreStateful.php(61): Illuminate\\Pipeline\\Pipeline->{closure:{closure:Illuminate\\Pipeline\\Pipeline::carry():184}:185}(Object(Illuminate\\Http\\Request))
#25 /Users/waltherstein/Documents/PROYECTOS/php_template/vendor/laravel/framework/src/Illuminate/Pipeline/Pipeline.php(191): Laravel\\Sanctum\\Http\\Middleware\\EnsureFrontendRequestsAreStateful->{closure:Laravel\\Sanctum\\Http\\Middleware\\EnsureFrontendRequestsAreStateful::frontendMiddleware():58}(Object(Illuminate\\Http\\Request), Object(Closure))
#26 /Users/waltherstein/Documents/PROYECTOS/php_template/vendor/laravel/framework/src/Illuminate/Pipeline/Pipeline.php(127): Illuminate\\Pipeline\\Pipeline->{closure:{closure:Illuminate\\Pipeline\\Pipeline::carry():184}:185}(Object(Illuminate\\Http\\Request))
#27 /Users/waltherstein/Documents/PROYECTOS/php_template/vendor/laravel/sanctum/src/Http/Middleware/EnsureFrontendRequestsAreStateful.php(25): Illuminate\\Pipeline\\Pipeline->then(Object(Closure))
#28 /Users/waltherstein/Documents/PROYECTOS/php_template/vendor/laravel/framework/src/Illuminate/Pipeline/Pipeline.php(209): Laravel\\Sanctum\\Http\\Middleware\\EnsureFrontendRequestsAreStateful->handle(Object(Illuminate\\Http\\Request), Object(Closure))
#29 /Users/waltherstein/Documents/PROYECTOS/php_template/src/Presentation/Http/Middleware/JsonResponseMiddleware.php(17): Illuminate\\Pipeline\\Pipeline->{closure:{closure:Illuminate\\Pipeline\\Pipeline::carry():184}:185}(Object(Illuminate\\Http\\Request))
#30 /Users/waltherstein/Documents/PROYECTOS/php_template/vendor/laravel/framework/src/Illuminate/Pipeline/Pipeline.php(209): Presentation\\Http\\Middleware\\JsonResponseMiddleware->handle(Object(Illuminate\\Http\\Request), Object(Closure))
#31 /Users/waltherstein/Documents/PROYECTOS/php_template/vendor/laravel/framework/src/Illuminate/Pipeline/Pipeline.php(127): Illuminate\\Pipeline\\Pipeline->{closure:{closure:Illuminate\\Pipeline\\Pipeline::carry():184}:185}(Object(Illuminate\\Http\\Request))
#32 /Users/waltherstein/Documents/PROYECTOS/php_template/vendor/laravel/framework/src/Illuminate/Routing/Router.php(807): Illuminate\\Pipeline\\Pipeline->then(Object(Closure))
#33 /Users/waltherstein/Documents/PROYECTOS/php_template/vendor/laravel/framework/src/Illuminate/Routing/Router.php(786): Illuminate\\Routing\\Router->runRouteWithinStack(Object(Illuminate\\Routing\\Route), Object(Illuminate\\Http\\Request))
#34 /Users/waltherstein/Documents/PROYECTOS/php_template/vendor/laravel/framework/src/Illuminate/Routing/Router.php(750): Illuminate\\Routing\\Router->runRoute(Object(Illuminate\\Http\\Request), Object(Illuminate\\Routing\\Route))
#35 /Users/waltherstein/Documents/PROYECTOS/php_template/vendor/laravel/framework/src/Illuminate/Routing/Router.php(739): Illuminate\\Routing\\Router->dispatchToRoute(Object(Illuminate\\Http\\Request))
#36 /Users/waltherstein/Documents/PROYECTOS/php_template/vendor/laravel/framework/src/Illuminate/Foundation/Http/Kernel.php(201): Illuminate\\Routing\\Router->dispatch(Object(Illuminate\\Http\\Request))
#37 /Users/waltherstein/Documents/PROYECTOS/php_template/vendor/laravel/framework/src/Illuminate/Pipeline/Pipeline.php(170): Illuminate\\Foundation\\Http\\Kernel->{closure:Illuminate\\Foundation\\Http\\Kernel::dispatchToRouter():198}(Object(Illuminate\\Http\\Request))
#38 /Users/waltherstein/Documents/PROYECTOS/php_template/vendor/laravel/framework/src/Illuminate/Foundation/Http/Middleware/TransformsRequest.php(21): Illuminate\\Pipeline\\Pipeline->{closure:Illuminate\\Pipeline\\Pipeline::prepareDestination():168}(Object(Illuminate\\Http\\Request))
#39 /Users/waltherstein/Documents/PROYECTOS/php_template/vendor/laravel/framework/src/Illuminate/Foundation/Http/Middleware/ConvertEmptyStringsToNull.php(31): Illuminate\\Foundation\\Http\\Middleware\\TransformsRequest->handle(Object(Illuminate\\Http\\Request), Object(Closure))
#40 /Users/waltherstein/Documents/PROYECTOS/php_template/vendor/laravel/framework/src/Illuminate/Pipeline/Pipeline.php(209): Illuminate\\Foundation\\Http\\Middleware\\ConvertEmptyStringsToNull->handle(Object(Illuminate\\Http\\Request), Object(Closure))
#41 /Users/waltherstein/Documents/PROYECTOS/php_template/vendor/laravel/framework/src/Illuminate/Foundation/Http/Middleware/TransformsRequest.php(21): Illuminate\\Pipeline\\Pipeline->{closure:{closure:Illuminate\\Pipeline\\Pipeline::carry():184}:185}(Object(Illuminate\\Http\\Request))
#42 /Users/waltherstein/Documents/PROYECTOS/php_template/vendor/laravel/framework/src/Illuminate/Foundation/Http/Middleware/TrimStrings.php(51): Illuminate\\Foundation\\Http\\Middleware\\TransformsRequest->handle(Object(Illuminate\\Http\\Request), Object(Closure))
#43 /Users/waltherstein/Documents/PROYECTOS/php_template/vendor/laravel/framework/src/Illuminate/Pipeline/Pipeline.php(209): Illuminate\\Foundation\\Http\\Middleware\\TrimStrings->handle(Object(Illuminate\\Http\\Request), Object(Closure))
#44 /Users/waltherstein/Documents/PROYECTOS/php_template/vendor/laravel/framework/src/Illuminate/Http/Middleware/ValidatePostSize.php(27): Illuminate\\Pipeline\\Pipeline->{closure:{closure:Illuminate\\Pipeline\\Pipeline::carry():184}:185}(Object(Illuminate\\Http\\Request))
#45 /Users/waltherstein/Documents/PROYECTOS/php_template/vendor/laravel/framework/src/Illuminate/Pipeline/Pipeline.php(209): Illuminate\\Http\\Middleware\\ValidatePostSize->handle(Object(Illuminate\\Http\\Request), Object(Closure))
#46 /Users/waltherstein/Documents/PROYECTOS/php_template/vendor/laravel/framework/src/Illuminate/Foundation/Http/Middleware/PreventRequestsDuringMaintenance.php(110): Illuminate\\Pipeline\\Pipeline->{closure:{closure:Illuminate\\Pipeline\\Pipeline::carry():184}:185}(Object(Illuminate\\Http\\Request))
#47 /Users/waltherstein/Documents/PROYECTOS/php_template/vendor/laravel/framework/src/Illuminate/Pipeline/Pipeline.php(209): Illuminate\\Foundation\\Http\\Middleware\\PreventRequestsDuringMaintenance->handle(Object(Illuminate\\Http\\Request), Object(Closure))
#48 /Users/waltherstein/Documents/PROYECTOS/php_template/vendor/laravel/framework/src/Illuminate/Http/Middleware/HandleCors.php(62): Illuminate\\Pipeline\\Pipeline->{closure:{closure:Illuminate\\Pipeline\\Pipeline::carry():184}:185}(Object(Illuminate\\Http\\Request))
#49 /Users/waltherstein/Documents/PROYECTOS/php_template/vendor/laravel/framework/src/Illuminate/Pipeline/Pipeline.php(209): Illuminate\\Http\\Middleware\\HandleCors->handle(Object(Illuminate\\Http\\Request), Object(Closure))
#50 /Users/waltherstein/Documents/PROYECTOS/php_template/vendor/laravel/framework/src/Illuminate/Http/Middleware/TrustProxies.php(58): Illuminate\\Pipeline\\Pipeline->{closure:{closure:Illuminate\\Pipeline\\Pipeline::carry():184}:185}(Object(Illuminate\\Http\\Request))
#51 /Users/waltherstein/Documents/PROYECTOS/php_template/vendor/laravel/framework/src/Illuminate/Pipeline/Pipeline.php(209): Illuminate\\Http\\Middleware\\TrustProxies->handle(Object(Illuminate\\Http\\Request), Object(Closure))
#52 /Users/waltherstein/Documents/PROYECTOS/php_template/vendor/laravel/framework/src/Illuminate/Foundation/Http/Middleware/InvokeDeferredCallbacks.php(22): Illuminate\\Pipeline\\Pipeline->{closure:{closure:Illuminate\\Pipeline\\Pipeline::carry():184}:185}(Object(Illuminate\\Http\\Request))
#53 /Users/waltherstein/Documents/PROYECTOS/php_template/vendor/laravel/framework/src/Illuminate/Pipeline/Pipeline.php(209): Illuminate\\Foundation\\Http\\Middleware\\InvokeDeferredCallbacks->handle(Object(Illuminate\\Http\\Request), Object(Closure))
#54 /Users/waltherstein/Documents/PROYECTOS/php_template/vendor/laravel/framework/src/Illuminate/Pipeline/Pipeline.php(127): Illuminate\\Pipeline\\Pipeline->{closure:{closure:Illuminate\\Pipeline\\Pipeline::carry():184}:185}(Object(Illuminate\\Http\\Request))
#55 /Users/waltherstein/Documents/PROYECTOS/php_template/vendor/laravel/framework/src/Illuminate/Foundation/Http/Kernel.php(176): Illuminate\\Pipeline\\Pipeline->then(Object(Closure))
#56 /Users/waltherstein/Documents/PROYECTOS/php_template/vendor/laravel/framework/src/Illuminate/Foundation/Http/Kernel.php(145): Illuminate\\Foundation\\Http\\Kernel->sendRequestThroughRouter(Object(Illuminate\\Http\\Request))
#57 /Users/waltherstein/Documents/PROYECTOS/php_template/vendor/laravel/framework/src/Illuminate/Foundation/Application.php(1220): Illuminate\\Foundation\\Http\\Kernel->handle(Object(Illuminate\\Http\\Request))
#58 /Users/waltherstein/Documents/PROYECTOS/php_template/public/index.php(18): Illuminate\\Foundation\\Application->handleRequest(Object(Illuminate\\Http\\Request))
#59 /Users/waltherstein/Documents/PROYECTOS/php_template/vendor/laravel/framework/src/Illuminate/Foundation/resources/server.php(23): require_once('/Users/walthers...')
#60 {main}
"} 
